protein_name,label,prob,pred,umap1,umap2
ALL000004,1,0.010359943844377995,0,7.8257356,-3.8672585
ALL000015,1,0.6922605633735657,1,0.86880153,-3.5593886
ALL000016,1,1.0,1,4.4289107,-5.5306015
ALL000022,1,0.9991714358329773,1,7.604032,-3.2582948
ALL000030,1,1.3301889794092858e-06,0,10.284917,-1.9254001
ALL000050,1,0.06978221237659454,0,8.340048,-2.6553404
ALL000058,1,0.9947463870048523,1,2.2882411,-5.895488
ALL000083,1,0.3672482371330261,0,1.5234046,-2.848595
ALL000094,1,0.8897225856781006,1,0.67444307,-3.5801597
ALL000095,1,7.285228207365435e-07,0,6.580831,-3.2508204
ALL000104,1,4.978478045813972e-06,0,6.1291795,-2.8422954
ALL000128,1,0.9999569058418274,1,3.434059,-4.479376
ALL000131,1,0.0071921818889677525,0,1.1836629,-2.618764
ALL000134,1,0.06894885003566742,0,1.2463073,-3.0311136
ALL000138,1,0.9059500694274902,1,10.523758,-0.003489315
ALL000142,1,0.0006950859678909183,0,0.8780504,-2.3090513
ALL000143,1,0.9934199452400208,1,4.6107335,-5.8106604
ALL000146,1,1.0,1,2.648355,-0.8924914
ALL000163,1,0.591375470161438,1,2.7763407,-4.6999426
ALL000183,1,0.9873088598251343,1,3.400086,-4.0408983
ALL000184,1,0.9978962540626526,1,1.1953944,-3.6859283
ALL000197,1,1.7614684111322276e-05,0,2.728274,-1.9918342
ALL000218,1,0.9987842440605164,1,3.6418734,-5.294383
ALL000224,1,0.9964326620101929,1,1.1275485,-3.653801
ALL000226,1,0.05857852101325989,0,7.336401,-3.976156
ALL000230,1,0.7601872086524963,1,0.48364663,-3.325027
ALL000231,1,2.2289341359282844e-06,0,7.7115793,-5.212508
ALL000233,1,0.9999989867210388,1,3.2963135,-6.232499
ALL000240,1,0.9999352693557739,1,2.7750556,-3.767405
ALL000271,1,0.7640249729156494,1,2.437045,-5.99664
ALL000286,1,0.9997435808181763,1,7.485832,-6.2246146
ALL000299,1,0.9693385362625122,1,2.6647513,-6.113968
ALL000307,1,0.9580519199371338,1,3.217759,-5.208635
ALL000317,1,0.0037168930284678936,0,1.536309,-2.2512658
ALL000331,1,0.909778892993927,1,0.8272091,-3.7636087
ALL000335,1,0.9892256259918213,1,1.7854447,-2.8985445
ALL000352,1,0.9936480522155762,1,4.0685964,-1.8716047
ALL000357,1,0.578387975692749,1,2.0455732,-2.1001399
ALL000378,1,0.9998900890350342,1,2.7760227,-1.347621
ALL000411,1,0.07636506855487823,0,8.346667,-2.6427813
ALL000446,1,0.5546751618385315,1,1.6464312,-2.7214954
ALL000450,1,0.9998637437820435,1,0.99547046,-3.20295
ALL000497,1,0.03043261356651783,0,6.8908324,-4.2357955
ALL000510,1,0.9841276407241821,1,3.1724677,-6.0884376
ALL000520,1,0.8381938338279724,1,5.957307,-4.679355
ALL000553,1,0.19898486137390137,0,7.738333,-3.9086394
ALL000575,1,7.86113063533378e-10,0,6.657233,-4.785418
ALL000579,1,1.0,1,7.3449845,-6.180911
ALL000582,1,0.9999760389328003,1,6.4205794,-3.0961328
ALL000583,1,0.889851987361908,1,3.4621634,-6.1027703
ALL000604,1,1.0,1,2.6378791,-0.8597853
ALL000609,1,0.8192988634109497,1,3.0602944,-4.645907
ALL000610,1,0.9999998211860657,1,2.7995253,-1.4062722
ALL000614,1,0.36873000860214233,0,0.6326702,-2.2386463
ALL000616,1,1.0,1,2.3497174,-1.1097412
ALL000618,1,3.199123057129327e-06,0,10.989575,-0.75310344
ALL000641,1,0.000244899041717872,0,2.3823998,-3.6093194
ALL000656,1,0.5546872615814209,1,2.771186,-5.812118
ALL000665,1,1.3159711897969828e-06,0,7.6739955,-4.1989207
ALL000695,1,1.0,1,4.591951,-6.244988
ALL000774,1,0.0004119211807847023,0,7.437535,-3.6749647
ALL000779,1,2.8710318566993465e-09,0,10.736994,0.10827571
ALL000796,1,0.971007764339447,1,2.5160036,-4.9917154
ALL000801,1,0.9999567270278931,1,1.4243526,-3.0392416
ALL000804,1,0.024039190262556076,0,6.8619595,-4.320414
ALL000813,1,0.9773849248886108,1,1.5465752,-3.371064
ALL000818,1,0.0012129942188039422,0,7.1637683,-3.9451938
ALL000830,1,0.9999892711639404,1,7.4855165,-6.9317365
ALL000837,1,0.9999892711639404,1,3.1654675,-5.2747135
ALL000843,1,0.9991779327392578,1,3.8976007,-1.9131808
ALL000871,1,8.333766345458571e-06,0,0.9893274,-3.6574976
ALL000897,1,0.07221424579620361,0,2.6306944,-6.151118
ALL000902,1,0.20284362137317657,0,0.928886,-3.6690469
ALL000910,1,0.028889834880828857,0,6.6688375,-4.073978
ALL000917,1,4.107195081815007e-07,0,7.209371,-4.0240808
ALL000922,1,0.03612988069653511,0,5.0860767,-5.2907176
ALL000932,1,0.006370740942656994,0,4.8732533,-5.5731983
ALL000934,1,1.0,1,2.6881034,-0.9820361
ALL000949,1,0.9999999403953552,1,4.1008363,-6.4251947
ALL000951,1,0.9999395608901978,1,4.6879063,-5.751393
ALL000985,1,0.5625609755516052,1,0.8051527,-1.9094195
ALL001009,1,0.9913696646690369,1,10.595777,-0.0058500697
ALL001033,1,0.8042192459106445,1,1.6583698,-3.1123612
ALL001039,1,0.0004345103807281703,0,6.9614825,-4.2057204
ALL001041,1,0.9999994039535522,1,3.6122391,-4.202254
ALL001053,1,0.9999988079071045,1,2.5495362,-1.464362
ALL001061,1,0.999999463558197,1,3.7939956,-6.6594357
ALL001063,1,0.9393929243087769,1,2.6766973,-6.182014
ALL001070,1,0.9999799728393555,1,1.1313888,-3.6388724
ALL001083,1,0.00020686772768385708,0,4.2884607,-2.1185293
ALL001085,1,0.01086240541189909,0,1.1248238,-2.4800909
ALL001098,1,0.999533474445343,1,2.5901678,-0.9577771
ALL001100,1,0.0034689749591052532,0,0.654772,-2.741055
ALL001103,1,5.5292439355980605e-05,0,7.7909904,-3.9658813
ALL001111,1,1.0,1,3.7674737,-5.8307624
ALL001124,1,1.0,1,3.6871254,-6.097492
ALL001139,1,0.6274725198745728,1,2.6695302,-5.646205
ALL001144,1,0.052342046052217484,0,7.233492,-3.9779546
ALL001175,1,1.0,1,3.4502816,-5.755984
ALL001179,1,3.5179875794710824e-06,0,0.6738145,-1.7573556
ALL001208,1,0.9248030781745911,1,3.6503267,-4.5242434
ALL001213,1,0.9993144869804382,1,1.405439,-2.9440799
ALL001218,1,0.9821797609329224,1,3.3102913,-5.231965
ALL001225,1,1.0,1,3.5390487,-5.213679
ALL001233,1,1.5504122075071791e-06,0,2.8513856,-3.8511527
ALL001238,1,0.0010383697226643562,0,6.6325445,-4.29101
ALL001249,1,0.03537487983703613,0,7.0118647,-3.7364967
ALL001258,1,0.02901190146803856,0,6.372737,-5.2358823
ALL001259,1,0.004640534054487944,0,2.7702,-1.7996098
ALL001262,1,0.12857751548290253,0,1.1873662,-3.634033
ALL001271,1,0.9759565591812134,1,2.789005,-4.806262
ALL001280,1,8.434136201940223e-12,0,10.871327,-0.25326425
ALL001301,1,0.9727930426597595,1,4.7984023,-6.270798
ALL001329,1,0.9985832571983337,1,1.3501383,-3.6645856
ALL001358,1,0.9999994039535522,1,5.1166506,-4.0387077
ALL001363,1,0.7845495939254761,1,0.9681934,-3.6557448
ALL001375,1,0.976913571357727,1,0.90422785,-2.9915285
ALL001377,1,1.0,1,3.6785955,-5.5709486
ALL001403,1,1.0,1,3.3462038,-5.8846245
ALL001411,1,0.9549808502197266,1,2.4804807,-6.041011
ALL001418,1,0.8672233819961548,1,4.1678343,-4.808298
ALL001420,1,0.9999865293502808,1,2.2172463,-5.5229
ALL001445,1,1.0,1,3.8291955,-6.6692953
ALL001457,1,0.740591824054718,1,5.6752563,-4.1772604
ALL001459,1,0.04366309195756912,0,7.1027975,-3.8355324
ALL001461,1,1.0,1,1.3847357,-1.6881299
ALL001493,1,0.9999662637710571,1,3.0560586,-3.8332195
ALL001501,1,5.064357537776232e-07,0,1.9691662,-2.1683867
ALL001509,1,0.9999996423721313,1,1.6645349,-1.6646609
ALL001514,1,0.9999992847442627,1,2.7218912,-1.5587285
ALL001522,1,0.058237187564373016,0,3.2175956,-1.5734502
ALL001527,1,0.9998668432235718,1,3.7388353,-6.323907
ALL001546,1,0.9504556655883789,1,5.7737694,-4.894989
ALL001590,1,0.6592909693717957,1,0.6649038,-3.665973
ALL001618,1,0.04772648587822914,0,0.9614827,-3.2579007
ALL001628,1,2.1199459965259848e-08,0,1.8316087,-2.1347353
ALL001652,1,3.972005016561475e-13,0,7.273528,-4.3999577
ALL001660,1,0.9854061603546143,1,3.2335625,-1.5788342
ALL001666,1,1.0,1,2.6457777,-0.85797167
ALL001670,1,0.03441104292869568,0,6.910195,-3.7993615
ALL001691,1,0.9872417449951172,1,4.2255855,-1.9842374
ALL001694,1,0.9998796582221985,1,4.0054226,-6.302358
ALL001703,1,0.9996188282966614,1,7.3874383,-6.2682085
ALL001707,1,2.6203125003121386e-07,0,10.721071,0.07942762
ALL001718,1,0.9999990463256836,1,2.8233936,-1.437062
ALL001756,1,0.9998857378959656,1,2.507124,-1.4816521
ALL001770,1,0.4826485812664032,0,9.9402685,-2.4209268
ALL001771,1,2.802302515192423e-05,0,7.556455,-3.9449153
ALL001780,1,1.0,1,4.061155,-5.908013
ALL001782,1,0.32125037908554077,0,1.3995521,-1.9509203
ALL001806,1,0.001635510241612792,0,6.8519564,-4.5423994
ALL001820,1,0.0006221788353286684,0,4.669979,-1.7927668
ALL001902,1,1.9667762899189256e-05,0,7.24307,-4.4869823
ALL001938,1,2.069061366682945e-08,0,6.464839,-4.77344
ALL001940,1,0.5089887976646423,1,3.1252885,-5.113962
ALL001949,1,0.6321812868118286,1,1.6353112,-2.349086
ALL001958,1,0.9999997019767761,1,4.0992885,-5.3027105
ALL001997,1,0.999998927116394,1,3.077629,-4.227912
ALL002005,1,0.9993466734886169,1,1.4127624,-2.10494
ALL002007,1,0.9999734163284302,1,4.6970997,-6.2569585
ALL002018,1,0.7971341609954834,1,2.5630922,-6.0799637
ALL002028,1,0.9683232307434082,1,10.503349,-0.007331979
ALL002048,1,0.34195229411125183,0,4.166758,-4.526346
ALL002059,1,0.9848526120185852,1,2.6003346,-6.0248885
ALL002089,1,0.01688857562839985,0,7.858211,-5.2531247
ALL002103,1,0.0038134262431412935,0,6.7508025,-4.3548245
ALL002113,1,1.0,1,2.6342473,-0.81326014
ALL002115,1,1.0,1,7.436791,-6.311864
ALL002119,1,0.0011149778729304671,0,10.223048,-2.0784245
ALL002121,1,0.02483246475458145,0,5.0959735,-5.8088374
ALL002125,1,1.0,1,3.3686268,-5.9096537
ALL002130,1,1.0,1,7.393942,-5.794566
ALL002142,1,0.9790364503860474,1,3.187481,-5.3133454
ALL002154,1,0.9968918561935425,1,2.6830647,-4.5723524
ALL002157,1,0.034505609422922134,0,1.1400712,-2.563921
ALL002208,1,0.9578847885131836,1,4.585944,-5.355992
ALL002217,1,0.6151101589202881,1,2.2550595,-4.872216
ALL002222,1,5.385029755444748e-09,0,7.5470014,-4.3406696
ALL002237,1,1.0,1,2.8922956,-5.1166525
ALL002238,1,0.9842021465301514,1,1.5952096,-3.4982111
ALL002244,1,1.0,1,4.0379663,-6.437377
ALL002249,1,0.9999992847442627,1,7.524483,-6.9553614
ALL002276,1,0.9812589287757874,1,3.2140026,-1.600972
ALL002281,1,0.5718986392021179,1,3.267172,-5.779114
ALL002289,1,0.03685709834098816,0,0.18392268,-2.5373814
ALL002296,1,0.999997615814209,1,7.40879,-6.256341
ALL002307,1,1.0,1,4.340038,-6.311531
ALL002316,1,0.22968417406082153,0,0.28103748,-2.5366645
ALL002322,1,0.9853019714355469,1,2.5955894,-4.6503143
ALL002334,1,1.4424633263843134e-05,0,0.9272318,-1.8933309
ALL002344,1,0.5965558290481567,1,2.1132329,-5.048545
ALL002352,1,0.0012822236167266965,0,7.7598996,-3.9034858
ALL002353,1,0.948113739490509,1,2.3086982,-2.147966
ALL002371,1,5.531408220349476e-09,0,5.9742217,-4.268173
ALL002384,1,0.0015296408673748374,0,7.397448,-3.7749374
ALL002394,1,1.0,1,2.1542292,-1.9300852
ALL002399,1,1.0,1,2.6740868,-1.3434082
ALL002410,1,0.003993116784840822,0,5.7152176,-5.307029
ALL002420,1,0.9994401335716248,1,6.9703636,-5.2206078
ALL002431,1,1.0,1,2.345546,-1.6921213
ALL002435,1,0.9928299188613892,1,3.4849548,-4.1807065
ALL002436,1,1.0,1,7.5293136,-6.9500194
ALL002451,1,0.3346419036388397,0,8.2195015,-2.7812464
ALL002452,1,0.7964193820953369,1,2.7156081,-6.231717
ALL002465,1,0.9999998807907104,1,2.1937745,-1.955617
ALL002468,1,0.05727993696928024,0,7.71816,-3.9573596
ALL002485,1,0.9090851545333862,1,1.33384,-3.640147
ALL002497,1,0.9999995231628418,1,7.515494,-6.831241
ALL002500,1,0.7486404776573181,1,2.6437702,-4.6550426
ALL002512,1,0.9995102882385254,1,3.586627,-5.368774
ALL002578,1,8.75972182257101e-05,0,0.61281884,-2.6960502
ALL002591,1,2.0325384753050457e-07,0,6.383381,-4.732984
ALL002592,1,0.0006349891773425043,0,2.2545013,-3.4677968
ALL002593,1,0.013879779726266861,0,0.26671943,-2.5282729
ALL002607,1,0.9999276995658875,1,10.126151,-0.7774939
ALL002616,1,0.21015505492687225,0,6.878113,-3.805643
ALL002649,1,0.9990248680114746,1,3.32566,-3.9531507
ALL002655,1,0.999983549118042,1,2.6118793,-0.8825858
ALL002667,1,0.00027300004148855805,0,4.834146,-5.544751
ALL002672,1,0.014989727176725864,0,3.372304,-1.9469453
ALL002686,1,0.475864440202713,0,5.111885,-5.9241943
ALL002707,1,0.6698070168495178,1,2.5532978,-6.11947
ALL002712,1,3.167433533235453e-07,0,10.723593,0.048715215
ALL002740,1,0.999996542930603,1,2.6714475,-0.86342794
ALL002743,1,1.0,1,3.3241363,-5.9311557
ALL002752,1,6.864739887646465e-10,0,10.705339,-0.07445297
ALL002767,1,0.00015268904098775238,0,6.5224075,-5.3597393
ALL002768,1,0.0003479242150206119,0,0.23233874,-2.577611
ALL002771,1,0.6468315720558167,1,1.2589911,-3.4276404
ALL002773,1,1.0,1,3.3050973,-5.8537097
ALL002841,1,7.104195276497194e-08,0,3.2852397,-1.7595413
ALL002848,1,0.0037557468749582767,0,0.94704103,-3.6792574
ALL002855,1,6.017637133481912e-05,0,0.69577754,-2.0831404
ALL002906,1,0.818095862865448,1,2.5652142,-4.718469
ALL002946,1,1.272381666694855e-07,0,10.222168,-0.27144912
ALL002951,1,0.9999366402626038,1,7.392319,-6.3659844
ALL002965,1,4.32251144957263e-05,0,1.1679599,-2.0911856
ALL002969,1,0.0010544677497819066,0,0.21988186,-2.5485735
ALL002987,1,0.0015293839387595654,0,5.9113407,-4.786624
ALL002992,1,0.7605929374694824,1,6.628722,-3.5812268
ALL003004,1,3.5963525988336187e-06,0,6.4686847,-4.8642516
ALL003005,1,1.0,1,7.5156,-6.92745
ALL003026,1,0.9999994039535522,1,7.53494,-6.9520874
ALL003028,1,2.2665235519525595e-06,0,6.492304,-4.8810997
ALL003030,1,0.9999988079071045,1,7.4465847,-6.2992043
ALL003034,1,0.9774619936943054,1,7.3869147,-6.841133
ALL003040,1,0.999999463558197,1,2.5078886,-5.1767063
ALL003049,1,0.8998497724533081,1,2.498753,-4.6866574
ALL003055,1,1.0,1,3.9510038,-5.98971
ALL003060,1,0.9838240146636963,1,2.471028,-6.0886497
ALL003065,1,0.9996898174285889,1,3.9084446,-6.535969
ALL003070,1,0.1977408081293106,0,2.5613964,-2.079564
ALL003073,1,0.00019927661924157292,0,7.4909997,-4.6287203
ALL003077,1,0.39920639991760254,0,0.67316914,-3.4973226
ALL003083,1,0.7983834743499756,1,0.2601293,-2.513853
ALL003104,1,0.9457537531852722,1,2.3274374,-5.053466
ALL003125,1,0.9999790191650391,1,7.3823814,-6.3452783
ALL003136,1,0.9999955296516418,1,1.7406187,-2.2504601
ALL003139,1,1.0359306745755248e-09,0,1.8878062,-2.1439712
ALL003142,1,5.9756617702078074e-05,0,7.4841313,-3.867391
ALL003147,1,0.05838678032159805,0,2.8916633,-5.1884375
ALL003148,1,0.9968568086624146,1,2.8901796,-4.025032
ALL003166,1,0.006159014068543911,0,7.660981,-3.7076426
ALL003169,1,0.573867678642273,1,5.0544863,-4.4009275
ALL003172,1,0.00022734336380381137,0,7.444052,-3.9660668
ALL003186,1,0.9763759970664978,1,4.5109825,-5.7941885
ALL003192,1,5.87366012041457e-05,0,0.8539627,-2.0459511
ALL003199,1,0.6711495518684387,1,1.4069763,-3.721762
ALL003202,1,2.109833530994365e-06,0,10.635774,0.08643315
ALL003216,1,2.6819129139710185e-09,0,9.372649,-2.0937808
ALL003225,1,0.8691895008087158,1,2.5046353,-4.8059325
ALL003229,1,1.1675849691528128e-06,0,7.334706,-4.4346027
ALL003233,1,6.157710004117689e-07,0,7.8228555,-3.8689377
ALL003236,1,0.999872624874115,1,4.475149,-6.255539
ALL003240,1,0.9999920129776001,1,3.3770852,-5.6411963
ALL003250,1,0.0014272965490818024,0,1.8838688,-3.7953138
ALL003257,1,0.0009735671919770539,0,7.924176,-3.6415186
ALL003260,1,0.9998552799224854,1,7.4116597,-6.8624
ALL003284,1,0.026034289970993996,0,8.080946,-2.9351485
ALL003313,1,0.9999996423721313,1,4.3721504,-6.261736
ALL003330,1,0.01953752152621746,0,1.8439615,-2.3052802
ALL003338,1,8.616601553512737e-05,0,7.3768206,-5.292178
ALL003346,1,0.8989570140838623,1,2.9618244,-4.8828335
ALL003349,1,0.901248574256897,1,3.7675323,-1.8232033
ALL003356,1,1.0,1,2.6573677,-0.9146495
ALL003389,1,1.4422720596485306e-05,0,7.518244,-3.5272324
ALL003400,1,0.952045202255249,1,3.2673185,-1.614899
ALL003403,1,0.13552846014499664,0,5.319588,-3.5734706
ALL003407,1,1.0,1,3.4694586,-6.0327096
ALL003434,1,0.7336086630821228,1,2.8553195,-3.873224
ALL003466,1,0.9999980926513672,1,1.5579164,-1.8226466
ALL003481,1,0.5480606555938721,1,2.5289872,-6.117276
ALL003483,1,0.7641926407814026,1,5.5764995,-4.319046
ALL003494,1,0.9999995231628418,1,2.479508,-4.480696
ALL003503,1,0.20606523752212524,0,7.4313326,-3.6004214
ALL003529,1,0.6756167411804199,1,6.0473304,-5.129726
ALL003532,1,0.9972226023674011,1,2.3855004,-1.135691
ALL003546,1,0.9999695420265198,1,2.2572038,-1.782787
ALL003562,1,0.9999762773513794,1,2.7301362,-1.4431424
ALL003609,1,0.0003838051052298397,0,6.9899497,-3.5857317
ALL003610,1,0.00018020249262917787,0,0.79882866,-2.2161362
ALL003637,1,0.6646550893783569,1,3.3005018,-4.6247797
ALL003695,1,0.9992590546607971,1,1.4338536,-1.9978751
ALL003704,1,0.6573561429977417,1,2.2636452,-4.823899
ALL003705,1,0.9999998807907104,1,3.507967,-5.34611
ALL003706,1,2.8368784114718437e-05,0,0.6883205,-1.7315224
ALL003719,1,0.1596435159444809,0,8.203134,-4.608746
ALL003732,1,0.9999997019767761,1,4.0860567,-6.199325
ALL003735,1,0.9999991655349731,1,7.548941,-6.1543417
ALL003771,1,0.9984698295593262,1,7.265151,-6.4061694
ALL003775,1,0.9999998807907104,1,1.531554,-3.461551
ALL003786,1,1.394200535287382e-05,0,6.008161,-4.2322383
ALL003793,1,0.9999984502792358,1,7.5003376,-6.9205484
ALL003799,1,0.9999911785125732,1,4.223617,-5.395767
ALL003854,1,0.9716339707374573,1,4.184029,-4.6416826
ALL003873,1,0.34209179878234863,0,7.380033,-3.8773482
ALL003890,1,0.5129732489585876,1,6.839885,-3.6727555
ALL003893,1,0.0009720667731016874,0,7.2710123,-3.960555
ALL003930,1,0.999732494354248,1,1.8033264,-2.8387077
ALL003954,1,0.0027627565432339907,0,6.79269,-4.1453967
ALL003968,1,0.999462366104126,1,2.6168692,-1.4472026
ALL003987,1,4.2679783860723186e-13,0,5.5418725,-4.094251
ALL003989,1,1.0,1,3.4190564,-5.9981995
ALL004006,1,0.9983608722686768,1,4.3970375,-6.2079926
ALL004032,1,0.48508965969085693,0,7.0305977,-5.1064935
ALL004033,1,0.9993543028831482,1,5.5467763,-4.81296
ALL004038,1,1.0,1,3.8308132,-6.7322836
ALL004053,1,0.9996355772018433,1,2.577294,-4.7135167
ALL004074,1,0.36937975883483887,0,10.738901,0.10396043
ALL004124,1,0.00012592501298058778,0,6.738473,-4.7855597
ALL004134,1,0.3943580389022827,0,0.81567675,-2.0829406
ALL004136,1,0.9991254210472107,1,4.24009,-5.874715
ALL004138,1,0.9884433746337891,1,2.9655323,-6.2095585
ALL004158,1,0.000470885745016858,0,2.9139156,-2.0019443
ALL004172,1,1.0,1,4.1288934,-5.248168
ALL004216,1,0.9896765947341919,1,3.5702305,-3.9714994
ALL004221,1,1.1647198009625181e-16,0,10.481847,-1.735868
ALL004224,1,0.9725329279899597,1,2.7107964,-6.0052595
ALL004230,1,0.9990728497505188,1,3.5720618,-3.846361
ALL004280,1,0.9993658065795898,1,1.1929069,-2.4516816
ALL004295,1,1.0,1,7.522402,-6.2102537
ALL004322,1,3.458881110418588e-06,0,10.905421,-0.8630091
ALL004326,1,0.0012412341311573982,0,1.1841594,-1.7750553
ALL004328,1,0.9991195201873779,1,0.99687815,-3.4836054
ALL004348,1,0.24257756769657135,0,7.475179,-3.6628447
ALL004383,1,0.9943414330482483,1,3.994498,-5.963386
ALL004393,1,0.9934089779853821,1,2.293997,-4.997688
ALL004416,1,0.6795753240585327,1,0.18778986,-2.5546482
ALL004422,1,0.11780581623315811,0,6.1443195,-5.1870317
ALL004429,1,9.360944659420056e-07,0,2.5768561,-3.7508125
ALL004431,1,4.850432014791295e-05,0,10.103147,-1.4176688
ALL004435,1,0.9948225021362305,1,3.2631252,-5.1075444
ALL004442,1,0.0015462926821783185,0,7.2117057,-4.2450385
ALL004449,1,0.012029110454022884,0,6.7670817,-4.5528574
ALL004462,1,0.9999814033508301,1,1.4373864,-3.6806524
ALL004474,1,0.007826531305909157,0,1.5082532,-3.1278386
ALL004479,1,0.9845192432403564,1,0.82745385,-3.5748746
ALL004484,1,0.9999958276748657,1,2.8488967,-1.455802
ALL004495,1,0.7202550172805786,1,3.3445868,-5.6480775
ALL004516,1,0.992374062538147,1,6.804849,-4.9092264
ALL004519,1,2.2687009959554416e-07,0,1.7053437,-2.4854972
ALL004520,1,0.9999989867210388,1,1.2253437,-1.9967768
ALL004563,1,0.8904067277908325,1,2.8277538,-4.670689
ALL004580,1,0.9999707937240601,1,4.6811113,-6.1927776
ALL004597,1,0.9975308179855347,1,2.7032533,-5.824013
ALL004603,1,1.0,1,4.007705,-5.574666
ALL004639,1,0.9791600704193115,1,3.4541326,-4.465329
ALL004659,1,0.9999966621398926,1,3.8715298,-6.5504208
ALL004676,1,0.984329342842102,1,7.469626,-5.9414353
ALL004706,1,1.0,1,5.5479226,-4.6277227
ALL004710,1,0.93348628282547,1,2.49127,-4.8893995
ALL004719,1,0.9979444146156311,1,4.3351955,-5.4425726
ALL004726,1,2.1387477033840696e-07,0,7.148244,-4.141469
ALL004768,1,0.9999970197677612,1,7.51303,-6.95838
ALL004777,1,0.9994208216667175,1,0.84671134,-2.6791074
ALL004785,1,0.8571954965591431,1,2.5792906,-6.051257
ALL004794,1,1.0,1,4.441024,-6.1709814
ALL004811,1,1.0,1,7.5183387,-6.9176064
ALL004812,1,0.9999426603317261,1,2.2151232,-1.7326295
ALL004828,1,2.0903270434025067e-11,0,10.65127,-0.07307364
ALL004833,1,0.9999983310699463,1,2.5876064,-1.4560791
ALL004869,1,0.20995843410491943,0,3.648714,-5.0011005
ALL004883,1,0.9965737462043762,1,3.168219,-4.2631154
ALL004888,1,0.9999997615814209,1,7.4684744,-6.837952
ALL004889,1,1.0,1,2.767582,-1.4056628
ALL004924,1,0.999994158744812,1,2.8698778,-1.4778186
ALL004940,1,0.9995068311691284,1,1.8352098,-2.1302698
ALL004941,1,1.1336130228301045e-05,0,7.138151,-4.509302
ALL004979,1,0.8436620831489563,1,2.1562598,-5.2941732
ALL004994,1,0.9999995231628418,1,10.137238,-0.74936634
ALL005017,1,0.636946439743042,1,2.7427263,-6.226444
ALL005019,1,1.7958313947019633e-07,0,10.852655,-0.94779253
ALL005047,1,0.9998818635940552,1,4.2347484,-2.1179247
ALL005054,1,0.7540390491485596,1,10.6278515,-0.012101807
ALL005075,1,0.0013229361502453685,0,7.6018143,-3.315904
ALL005080,1,0.02251517027616501,0,2.4500802,-2.945584
ALL005085,1,0.01634530909359455,0,7.6371164,-4.421189
ALL005105,1,0.2788238823413849,0,1.8347245,-2.0487187
ALL005123,1,0.8045018315315247,1,3.2504587,-5.2031245
ALL005135,1,0.8404815196990967,1,5.8867564,-4.8253636
ALL005136,1,0.9480676651000977,1,4.654589,-5.466451
ALL005167,1,1.0,1,3.4624856,-6.1102867
ALL005210,1,0.9462523460388184,1,4.4220624,-5.7142515
ALL005292,1,0.9954609870910645,1,2.577542,-5.579593
ALL005293,1,1.0,1,7.5288305,-6.9687085
ALL005294,1,1.0,1,3.78112,-6.1961474
ALL005305,1,0.9999243021011353,1,7.3648405,-6.3345094
ALL005323,1,5.484222356244572e-07,0,6.703391,-5.366821
ALL005328,1,0.9998835325241089,1,2.7361693,-1.3766849
ALL005330,1,3.196528268745169e-05,0,8.2990465,-4.611189
ALL005340,1,0.979923665523529,1,2.5257,-6.0951276
ALL005383,1,0.7363254427909851,1,3.4742005,-4.4200125
ALL005398,1,0.9914670586585999,1,2.656258,-4.939788
ALL005415,1,0.9999957084655762,1,1.2681092,-2.0731683
ALL005425,1,0.013703364878892899,0,7.0743937,-4.0613084
ALL005432,1,0.9931161403656006,1,4.0230513,-6.1800623
ALL005444,1,9.538982936874163e-09,0,8.466784,-3.6075387
ALL005450,1,0.9999998807907104,1,2.783043,-0.94913876
ALL005452,1,0.9999977946281433,1,7.541808,-6.9332833
ALL005453,1,0.8408944606781006,1,1.61808,-3.2379158
ALL005459,1,0.9946722984313965,1,1.366623,-3.7076705
ALL005473,1,0.9896903038024902,1,4.9750886,-5.8306336
ALL005475,1,0.14177300035953522,0,7.210732,-5.40376
ALL005498,1,0.037318773567676544,0,0.8455377,-1.8479044
ALL005524,1,0.8466026782989502,1,2.7113752,-6.2054515
ALL005539,1,0.9999788999557495,1,10.0269,-0.7110809
ALL005606,1,0.015142938122153282,0,5.837754,-4.7413964
ALL005614,1,0.11303094029426575,0,1.6749296,-2.7011263
ALL005621,1,0.9999996423721313,1,4.424074,-6.15305
ALL005632,1,0.4289599061012268,0,1.3289135,-2.8994257
ALL005666,1,0.7134283781051636,1,7.295472,-6.471779
ALL005672,1,0.9430618286132812,1,6.6031475,-5.1433067
ALL005679,1,0.034035999327898026,0,6.958097,-4.0311913
ALL005706,1,1.0006989725752646e-07,0,10.65076,-0.07304273
ALL005717,1,1.0,1,3.6053903,-6.0004683
ALL005721,1,0.007165906950831413,0,10.641718,0.10707665
ALL005722,1,0.0010141530074179173,0,10.617044,0.0515691
ALL005738,1,0.9434860944747925,1,2.5793688,-4.9636707
ALL005757,1,0.05920737609267235,0,6.962145,-3.991321
ALL005806,1,1.197825099552574e-06,0,5.167325,-3.1906946
ALL005812,1,7.0675382630724926e-06,0,7.2162786,-4.4848666
ALL005818,1,0.9999997615814209,1,7.427581,-6.2957616
ALL005819,1,0.6830801367759705,1,2.460769,-4.7717986
ALL005850,1,0.005232399329543114,0,0.2467105,-2.5758994
ALL005854,1,0.9996685981750488,1,2.719333,-4.6049447
ALL005870,1,1.0,1,7.515065,-6.878367
ALL005876,1,0.8918389081954956,1,0.6382264,-3.5680256
ALL005877,1,0.0002565918257459998,0,7.463234,-3.9585333
ALL005881,1,0.9993103742599487,1,5.3514605,-5.4624376
ALL005896,1,0.9074312448501587,1,3.257471,-5.122776
ALL005900,1,1.0,1,4.1204476,-6.2827373
ALL005906,1,0.9938650727272034,1,4.781459,-5.82872
ALL005913,1,0.010613296180963516,0,1.4546344,-3.042031
ALL005958,1,0.9993939995765686,1,1.0990155,-3.536552
ALL005986,1,0.999996542930603,1,3.2117653,-5.308109
ALL005991,1,0.9937922954559326,1,3.296149,-4.285491
ALL005998,1,1.8201958482677583e-06,0,0.97927254,-2.1928105
ALL006008,1,0.9999474287033081,1,3.7894256,-6.6927643
ALL006013,1,8.044995411182754e-06,0,7.4989967,-3.4271476
ALL006044,1,0.9999999403953552,1,7.473588,-6.241781
ALL006045,1,0.000308914459310472,0,6.3585715,-4.500304
ALL006053,1,0.9672476649284363,1,3.9863296,-4.5724916
ALL006070,1,0.8563622236251831,1,7.364603,-3.8863766
ALL006091,1,0.061072178184986115,0,2.808025,-3.9398184
ALL006115,1,3.974510676130194e-08,0,7.6256094,-5.276582
ALL006148,1,0.9978479743003845,1,4.6338716,-5.7512116
ALL006150,1,0.9999695420265198,1,2.4058874,-1.1293563
ALL006162,1,0.9991018772125244,1,1.3010112,-3.721278
ALL006163,1,0.9994403719902039,1,2.7001708,-0.88639605
ALL006164,1,0.9863949418067932,1,10.814834,-0.32853976
ALL006212,1,0.9999693036079407,1,3.5453002,-4.100571
ALL006218,1,3.6183587326377165e-07,0,7.349528,-4.4258122
ALL006225,1,0.9999197721481323,1,4.826948,-5.9431653
ALL006248,1,0.9999894499778748,1,10.16867,-0.80593616
ALL006251,1,0.944547712802887,1,2.7083333,-6.124094
ALL006294,1,5.283515201881528e-05,0,7.1860685,-4.450938
ALL006308,1,0.9998337030410767,1,4.7459116,-6.2293153
ALL006316,1,0.9285246729850769,1,2.7438917,-6.1721935
ALL006330,1,1.8565916661827941e-06,0,7.229279,-4.5344615
ALL006338,1,4.839668690692633e-06,0,7.5455046,-3.76512
ALL006346,1,0.9998090267181396,1,2.1000488,-3.3493075
ALL006347,1,0.9564182758331299,1,1.2823615,-3.0996299
ALL006354,1,1.0,1,3.403957,-5.9504704
ALL006359,1,0.0001761830208124593,0,1.8626435,-2.1335485
ALL006375,1,0.9947909116744995,1,5.7589154,-4.591627
ALL006379,1,0.9999921321868896,1,4.058861,-6.35809
ALL006387,1,0.9999475479125977,1,2.9743094,-6.1567807
ALL006390,1,0.7378950715065002,1,6.3140574,-4.0935726
ALL006391,1,0.5949221849441528,1,2.6457996,-6.1683145
ALL006407,1,0.9360109567642212,1,10.688001,0.09597185
ALL006415,1,0.06016111746430397,0,4.7832103,-5.593471
ALL006446,1,0.9998974800109863,1,0.9157067,-3.116508
ALL006451,1,0.9998809099197388,1,4.04218,-6.693414
ALL006469,1,0.011335574090480804,0,10.363979,-2.1496065
ALL006471,1,0.8686062693595886,1,2.4961374,-3.676437
ALL006477,1,0.008282329887151718,0,8.473615,-4.806907
ALL006494,1,0.8725615739822388,1,2.0685554,-2.1586146
ALL006500,1,5.522973879124038e-06,0,7.24432,-3.3393528
ALL006516,1,3.7847814837732585e-06,0,10.991268,-0.73045516
ALL006533,1,0.006629998795688152,0,8.144614,-5.037425
ALL006534,1,5.0525683036539704e-05,0,6.7807875,-4.55339
ALL006540,1,0.9898223876953125,1,0.37916064,-2.6313264
ALL006548,1,0.9483185410499573,1,2.446673,-6.0457845
ALL006549,1,2.773667347355513e-06,0,7.382443,-3.724779
ALL006550,1,0.9999499917030334,1,3.7346513,-6.3373437
ALL006573,1,0.19504627585411072,0,4.829469,-5.6613207
ALL006588,1,0.9999997615814209,1,3.32836,-4.111955
ALL006589,1,1.0,1,7.5360155,-6.9076204
ALL006601,1,1.0,1,1.2113875,-1.9848871
ALL006604,1,0.5925755500793457,1,2.2908208,-2.2068143
ALL006610,1,0.9997755289077759,1,3.71725,-4.4629183
ALL006637,1,1.0,1,2.2378342,-2.4118593
ALL006657,1,0.030425438657402992,0,7.347854,-3.7992027
ALL006683,1,0.01699749380350113,0,1.8322546,-2.8135307
ALL006692,1,5.870281682973655e-08,0,10.060464,-1.5251929
ALL006705,1,0.9999995827674866,1,6.6469235,-4.815294
ALL006723,1,0.7650151252746582,1,2.5592499,-4.7954364
ALL006725,1,0.9993120431900024,1,4.681466,-6.252761
ALL006743,1,1.9354129108251072e-06,0,7.260473,-3.4855785
ALL006761,1,0.5196179151535034,1,8.380273,-4.945492
ALL006788,1,0.06415444612503052,0,2.5887864,-6.214146
ALL006789,1,0.9817236661911011,1,7.465269,-6.2237887
ALL006794,1,0.9601663947105408,1,2.507232,-6.0654635
ALL006808,1,0.977715015411377,1,3.0379138,-5.8864784
ALL006853,1,0.12206556648015976,0,1.2472631,-3.6947331
ALL006872,1,0.0010931809665635228,0,6.388661,-4.4527206
ALL006889,1,0.9972410202026367,1,7.431343,-6.1145115
ALL006893,1,0.9490938782691956,1,4.2342367,-4.488452
ALL006903,1,0.9926497340202332,1,3.3357625,-1.6595181
ALL006909,1,6.565834986815844e-09,0,8.092835,-4.4474773
ALL006916,1,0.0021686041727662086,0,10.625993,-0.001865378
ALL006941,1,0.05897160619497299,0,0.210319,-2.582479
ALL006945,1,0.6553846001625061,1,1.033636,-3.6145039
ALL006947,1,0.0012221565702930093,0,5.2699585,-4.732388
ALL006961,1,0.9585862755775452,1,3.2072663,-5.0972314
ALL007015,1,0.9997457265853882,1,2.0750704,-1.6877103
ALL007019,1,6.507929178195537e-12,0,9.949015,-1.3616086
ALL007027,1,0.9999911189079285,1,4.123215,-6.4938526
ALL007057,1,1.0,1,1.796111,-2.2280703
ALL007090,1,0.000152611595694907,0,3.241257,-4.9691057
ALL007096,1,0.9853602051734924,1,4.49425,-5.724064
ALL007111,1,3.7517911547673213e-14,0,1.9357952,-2.1944432
ALL007144,1,8.594591918154038e-07,0,11.004962,-0.59068596
ALL007148,1,0.9947431087493896,1,2.8814313,-5.9608464
ALL007155,1,0.9922031164169312,1,10.545216,0.0742166
ALL007170,1,0.07925846427679062,0,6.1509094,-4.2246485
ALL007172,1,0.07943855226039886,0,5.5343885,-5.010612
ALL007196,1,1.0,1,3.9243402,-6.1530457
ALL007207,1,0.9860240817070007,1,10.62516,-0.11843414
ALL007222,1,0.8761590719223022,1,3.4211907,-1.7221385
ALL007224,1,5.4433869081549346e-05,0,8.220427,-4.9930553
ALL007238,1,4.698004832381919e-11,0,9.504534,-1.9191902
ALL007244,1,0.8256266713142395,1,2.4444468,-6.0152473
ALL007258,1,3.9393552309086033e-10,0,10.106114,-1.901851
ALL007262,1,0.999996542930603,1,3.6863916,-3.9638026
ALL007275,1,0.9996640682220459,1,2.630613,-3.7190757
ALL007283,1,4.573779733618721e-06,0,6.277952,-5.0208087
ALL007284,1,0.9999982118606567,1,3.669069,-6.5213346
ALL007302,1,1.0,1,3.334719,-6.3370147
ALL007313,1,0.00023610854987055063,0,6.885731,-4.0175986
ALL007321,1,1.0,1,3.4569952,-5.0120783
ALL007331,1,0.999971866607666,1,4.831758,-4.944305
ALL007336,1,0.9999998807907104,1,4.6568604,-6.2135944
ALL007365,1,1.0,1,2.6591094,-1.3843663
ALL007366,1,0.0023373207077383995,0,6.370266,-5.2222667
ALL007371,1,0.9972204566001892,1,1.2272257,-3.7338295
ALL007373,1,0.9891954660415649,1,3.0394042,-5.2352943
ALL007380,1,0.999676525592804,1,1.2953112,-2.1245532
ALL007396,1,0.09139667451381683,0,2.590981,-5.2183685
ALL007397,1,0.004993913229554892,0,7.1828175,-4.1662993
ALL007406,1,0.0327678918838501,0,3.5609152,-5.4141507
ALL007413,1,1.9165856883773813e-06,0,6.960866,-4.1566343
ALL007431,1,0.9843632578849792,1,1.6804097,-3.37004
ALL007457,1,0.9993524551391602,1,4.0944943,-6.1400867
ALL007482,1,0.9999510049819946,1,1.6359779,-2.9607587
ALL007510,1,0.9999098777770996,1,1.1712072,-2.1258862
ALL007522,1,0.8009612560272217,1,2.6384714,-4.584213
ALL007527,1,0.9972733855247498,1,3.621995,-5.3548117
ALL007548,1,0.6445091366767883,1,8.116409,-5.0458484
ALL007559,1,0.9999973773956299,1,2.7737665,-1.3959141
ALL007564,1,0.9999163150787354,1,7.2258015,-4.6861076
ALL007580,1,0.4918890595436096,0,2.4295971,-6.0149903
ALL007607,1,0.9999954700469971,1,7.452624,-6.038652
ALL007614,1,0.9595180749893188,1,0.87967676,-1.8089868
ALL007622,1,0.9999935626983643,1,2.8612773,-4.638164
ALL007625,1,0.5578368902206421,1,5.1426377,-5.3602624
ALL007643,1,0.365408718585968,0,0.7362205,-3.1367545
ALL007663,1,0.059337325394153595,0,0.7164538,-2.2144601
ALL007671,1,1.0,1,2.434523,-1.0299677
ALL007688,1,0.9225628972053528,1,0.20258276,-2.579994
ALL007721,1,0.9999995827674866,1,2.6587858,-0.7976889
ALL007722,1,0.016448434442281723,0,10.963519,-0.48108137
ALL007732,1,0.9894359707832336,1,2.639325,-4.6370177
ALL007736,1,0.999988317489624,1,3.4523935,-4.2361803
ALL007748,1,0.7965254783630371,1,2.5103576,-5.006475
ALL007750,1,0.995898425579071,1,3.018009,-5.3133764
ALL007753,1,0.074124775826931,0,7.0789547,-4.6942744
ALL007768,1,6.275694613577798e-05,0,7.3033524,-3.4948664
ALL007814,1,5.232918169895129e-07,0,10.849079,0.18989201
ALL007844,1,0.17955134809017181,0,8.282743,-4.844956
ALL007882,1,0.04502174258232117,0,0.7756354,-3.676561
ALL007927,1,1.0,1,7.540758,-6.2713556
ALL007934,1,0.9999990463256836,1,4.003263,-6.4198446
ALL007948,1,0.9828606843948364,1,2.526568,-4.990128
ALL008002,1,0.00468556210398674,0,1.030695,-2.452982
ALL008010,1,0.13341984152793884,0,6.177511,-4.9794316
ALL008022,1,0.18575310707092285,0,0.56593865,-3.5136492
ALL008025,1,0.9908958673477173,1,1.2710183,-3.752521
ALL008029,1,0.05313723161816597,0,6.4293637,-3.782209
ALL008031,1,1.0,1,1.3512295,-1.7473993
ALL008053,1,9.21908394957427e-06,0,5.0430098,-5.674131
ALL008054,1,1.0,1,7.493234,-6.246421
ALL008063,1,7.035266025923193e-05,0,2.0983725,-4.474931
ALL008089,1,3.014615867868997e-05,0,6.537725,-4.771354
ALL008122,1,0.9602469205856323,1,4.177553,-4.4732146
ALL008133,1,0.719048798084259,1,2.569275,-4.9069743
ALL008151,1,0.0019338001729920506,0,3.728792,-2.3267
ALL008155,1,0.9999861121177673,1,4.2377267,-6.20798
ALL008167,1,0.9790924191474915,1,2.97148,-3.9091923
ALL008185,1,1.0,1,1.3966844,-1.6621698
ALL008198,1,0.6301933526992798,1,4.184611,-3.5923798
ALL008203,1,0.0003160820051562041,0,7.383827,-3.8632247
ALL008211,1,0.9982945919036865,1,7.395658,-6.227601
ALL008218,1,3.2927248412306653e-06,0,7.1623163,-4.2063093
ALL008220,1,0.0002250956604257226,0,6.314565,-4.614274
ALL008233,1,7.531772325819475e-07,0,6.6334968,-5.000193
ALL008237,1,0.9648216366767883,1,2.3811324,-5.9231625
ALL008246,1,1.0,1,3.5744848,-5.848593
ALL008251,1,5.2197909099049866e-05,0,6.414808,-4.88951
ALL008257,1,0.9892812967300415,1,4.22081,-5.347614
ALL008292,1,0.6917427182197571,1,5.6764355,-4.614613
ALL008304,1,0.8787655830383301,1,1.086137,-3.72228
ALL008313,1,0.6464052796363831,1,2.5925124,-6.1161227
ALL008366,1,2.2065582015784457e-05,0,10.778932,0.11826906
ALL008376,1,0.9998496770858765,1,5.1524897,-4.8404922
ALL008387,1,4.489236744120717e-06,0,7.766533,-4.1099977
ALL008419,1,0.9455112218856812,1,6.4021015,-3.9250157
ALL008425,1,0.9999995231628418,1,7.4613085,-6.37194
ALL008433,1,0.0003548554959706962,0,7.148643,-4.10681
ALL008445,1,0.0010370670352131128,0,7.667072,-3.5255625
ALL008457,1,0.9998936057090759,1,4.6182666,-5.605753
ALL008475,1,0.01842334121465683,0,1.8070383,-2.1905818
ALL008485,1,0.9991228580474854,1,3.0673003,-6.2062607
ALL008497,1,1.0,1,2.6160738,-0.84790784
ALL008504,1,0.9215297698974609,1,5.994553,-5.1883574
ALL008519,1,0.05980797857046127,0,0.6206438,-1.9138746
ALL008562,1,0.9361634254455566,1,3.2441497,-6.4026213
ALL008563,1,0.03588036447763443,0,1.6842402,-2.8733287
ALL008566,1,0.9997410774230957,1,4.319415,-6.174764
ALL008574,1,1.0,1,3.2188027,-3.9636738
ALL008584,1,0.3619687259197235,0,0.2182474,-2.5167234
ALL008587,1,0.0035103322006762028,0,7.3822865,-3.3963602
ALL008589,1,0.0021463935263454914,0,5.8354006,-5.079328
ALL008594,1,0.05989105626940727,0,6.631661,-5.308534
ALL008648,1,0.9954869747161865,1,2.5656605,-6.100253
ALL008685,1,0.1669609546661377,0,6.9512544,-3.7822819
ALL008698,1,1.0,1,3.919101,-6.6894293
ALL008718,1,0.0003199113125447184,0,5.7369633,-5.0776978
ALL008733,1,0.9999998211860657,1,2.8509715,-4.145986
ALL008734,1,0.002555594313889742,0,1.2992693,-3.3564346
ALL008737,1,1.913759888338973e-06,0,6.8840356,-4.219752
ALL008740,1,0.009432673454284668,0,6.499914,-5.139499
ALL008751,1,1.0,1,3.0381143,-3.706664
ALL008775,1,1.6426438378402963e-05,0,6.749324,-4.671581
ALL008784,1,0.634785532951355,1,4.6848454,-5.926099
ALL008787,1,0.9253441095352173,1,2.3535926,-3.9685063
ALL008793,1,0.12213343381881714,0,3.1602554,-4.614202
ALL008827,1,0.9936974048614502,1,0.87185436,-3.5769362
ALL008836,1,0.00037588318809866905,0,7.4872794,-4.040088
ALL008850,1,0.9980493783950806,1,4.7326794,-6.0403748
ALL008879,1,0.0005114629748277366,0,8.217711,-5.026829
ALL008903,1,0.041771579533815384,0,10.982113,-0.64282125
ALL008941,1,0.005167519673705101,0,10.806815,-1.5064776
ALL008953,1,0.9991238713264465,1,3.2165718,-5.160671
ALL008956,1,0.0015045516192913055,0,2.041073,-2.1782837
ALL008992,1,0.9999125599861145,1,7.484127,-6.9085145
ALL008996,1,0.9957574009895325,1,3.672612,-4.056674
ALL008998,1,0.9999998807907104,1,7.5180626,-6.224694
ALL009008,1,0.003346235491335392,0,6.3228335,-4.7747564
ALL009009,1,0.5230427384376526,1,0.66940254,-2.5075827
ALL009016,1,0.9166600704193115,1,2.2369177,-5.604616
ALL009034,1,0.1360207349061966,0,1.1726297,-2.9285674
ALL009046,1,0.00019281625282019377,0,5.995743,-4.1095357
ALL009089,1,2.1036103703409026e-07,0,10.554269,-2.028134
ALL009090,1,0.014165590517222881,0,0.18315122,-2.5496247
ALL009123,1,7.878054020693526e-06,0,6.8494177,-4.4444766
ALL009139,1,0.9995802640914917,1,3.3169298,-5.901384
ALL009148,1,0.968887984752655,1,0.7306128,-3.5793626
ALL009165,1,5.763211447629146e-06,0,4.1679096,-3.2802272
ALL009188,1,0.9188066124916077,1,3.9433808,-5.9660482
ALL009196,1,0.4275175631046295,0,0.8688344,-3.1777735
ALL009213,1,0.5092767477035522,1,7.2069545,-3.4439373
ALL009241,1,2.0893124030862964e-07,0,7.480918,-4.677721
ALL009248,1,0.0077287242747843266,0,0.20575516,-2.531409
ALL009256,1,0.0007687576580792665,0,6.7839255,-4.747875
ALL009257,1,0.10852321982383728,0,2.5730677,-5.905253
ALL009265,1,0.014423780143260956,0,6.275503,-5.3149447
ALL009274,1,1.0,1,3.8087142,-6.683397
ALL009289,1,7.1219757955987e-05,0,2.7589893,-1.6815133
ALL009302,1,0.9999871253967285,1,2.588395,-1.45962
ALL009314,1,0.9949531555175781,1,1.5930839,-2.0823076
ALL009321,1,0.9909597635269165,1,3.8002262,-6.6507645
ALL009340,1,0.9998551607131958,1,2.7633612,-1.4367539
ALL009350,1,0.0007989610312506557,0,7.400071,-4.5395794
ALL009354,1,0.9996073246002197,1,5.5819216,-4.2031918
ALL009367,1,0.7173634767532349,1,1.6060005,-3.470854
ALL009384,1,7.91164202382788e-05,0,6.393174,-3.717272
ALL009424,1,0.7307790517807007,1,3.0546758,-5.8449154
ALL009443,1,0.9990963339805603,1,4.3854284,-4.02385
ALL009452,1,0.9999977350234985,1,4.765204,-5.6600657
ALL009463,1,0.9993501305580139,1,2.3033566,-3.1793306
ALL009468,1,0.9233736395835876,1,2.3479893,-5.0930166
ALL009486,1,0.5788121819496155,1,0.64894193,-2.653032
ALL009514,1,0.9707099795341492,1,2.7810657,-6.220825
ALL009539,1,0.0015651436988264322,0,7.104908,-4.2737336
ALL009563,1,0.9999523162841797,1,4.7993774,-6.21672
ALL009570,1,0.99864661693573,1,7.527796,-6.189946
ALL009626,1,0.990668535232544,1,2.5181248,-6.0503497
ALL009631,1,0.9655870795249939,1,3.9714124,-6.6889586
ALL009635,1,4.893199729849584e-06,0,7.3615284,-4.134904
ALL009636,1,0.8878313302993774,1,5.5797524,-4.875313
ALL009653,1,0.5647777318954468,1,5.9328485,-4.2426686
ALL009658,1,0.9426846504211426,1,6.1380525,-5.0725794
ALL009693,1,1.5315793078229945e-10,0,5.436649,-1.8677005
ALL009764,1,0.003552911803126335,0,7.8330555,-4.27112
ALL009767,1,0.26626408100128174,0,5.008252,-2.9772022
ALL009775,1,0.7820229530334473,1,2.5841415,-4.4920006
ALL009797,1,1.0,1,7.5385404,-6.949824
ALL009810,1,0.01988738402724266,0,8.501604,-4.8410273
ALL009823,1,0.05487595871090889,0,6.2693915,-5.177373
ALL009827,1,0.0006330389296635985,0,1.1471238,-2.245905
ALL009837,1,0.9999406337738037,1,7.034248,-6.207877
ALL009881,1,1.0,1,2.654623,-0.82797134
ALL009897,1,0.25210678577423096,0,2.7616386,-5.1307173
ALL009901,1,1.0,1,3.9572854,-6.569308
ALL009928,1,0.9985811710357666,1,2.4251912,-4.9045873
ALL009942,1,0.9990335702896118,1,0.15106593,-2.627939
ALL009955,1,5.111506311550329e-07,0,6.665169,-4.7242093
ALL009959,1,0.022587578743696213,0,7.2877274,-3.8694673
ALL009966,1,0.0011124347802251577,0,1.4930236,-3.4964745
ALL009973,1,0.9965240955352783,1,3.1742446,-5.2542377
ALL009977,1,0.9999998807907104,1,3.7906005,-6.4993086
ALL009985,1,0.9782438278198242,1,3.0527737,-6.0063806
ALL009989,1,0.00026172277284786105,0,7.204295,-4.613204
ALL009995,1,1.0,1,3.7871993,-5.5412364
ALL010013,1,0.9962249994277954,1,2.3630416,-4.6586766
ALL010015,1,0.9999977350234985,1,0.92261326,-2.4105072
ALL010022,1,0.9046885967254639,1,8.295075,-2.6850698
ALL010027,1,7.882771751610562e-05,0,7.512578,-3.639579
ALL010044,1,0.8915369510650635,1,3.4787936,-5.356276
ALL010072,1,1.4220929642760893e-06,0,1.0678897,-1.9081948
ALL010076,1,0.9398192763328552,1,0.20599458,-2.5451205
ALL010124,1,0.00016569849685765803,0,7.793679,-4.0789213
ALL010125,1,0.00012571571278385818,0,0.79750997,-2.3802164
ALL010134,1,0.8311566710472107,1,4.136022,-4.6233554
ALL010143,1,0.016530649736523628,0,6.2897253,-4.9071407
ALL010146,1,0.006692295428365469,0,0.66574526,-1.7719235
ALL010147,1,0.9004396200180054,1,2.7194777,-4.6027474
ALL010172,1,0.0960584282875061,0,6.984348,-4.789968
ALL010176,1,0.9894517660140991,1,2.7873263,-3.9428108
ALL010205,1,0.8632837533950806,1,5.1565895,-4.1300383
ALL010221,1,0.9999804496765137,1,4.14101,-3.981686
ALL010223,1,0.00013378707808442414,0,6.4331255,-5.211077
ALL010226,1,1.0,1,3.5062008,-6.046088
ALL010230,1,0.9970411658287048,1,2.2767968,-5.8119464
ALL010232,1,0.5060168504714966,1,4.2582912,-6.438922
ALL010270,1,0.8063273429870605,1,1.465903,-3.162575
ALL010307,1,0.9219770431518555,1,4.22615,-6.460111
ALL010310,1,0.9999999403953552,1,3.8340242,-6.6946816
ALL010330,1,0.004509758669883013,0,7.3108697,-4.093281
ALL010337,1,0.999999463558197,1,2.6279695,-1.4201598
ALL010348,1,0.002577093429863453,0,2.9462795,-1.90584
ALL010359,1,1.0,1,2.6613417,-0.8573998
ALL010383,1,0.9988276362419128,1,10.494152,-0.021025557
ALL010460,1,0.4147047996520996,0,7.5342846,-4.258327
ALL010461,1,0.0009365849546156824,0,0.8733806,-3.743434
ALL010463,1,0.0010893758153542876,0,7.6923847,-3.6269565
ALL010466,1,0.9997317790985107,1,1.4261925,-2.3080194
ALL010494,1,0.9746989011764526,1,1.8850151,-2.0988474
ALL010544,1,3.122747511952184e-05,0,7.5170054,-5.3881793
ALL010564,1,0.9916501045227051,1,1.6500288,-1.982023
ALL010577,1,1.0,1,2.4518924,-1.089749
ALL010611,1,0.9999784231185913,1,7.4581137,-6.893517
ALL010621,1,0.21709869801998138,0,1.1823562,-3.0097234
ALL010626,1,0.9614930152893066,1,4.7717757,-3.6201499
ALL010637,1,0.00018177012680098414,0,7.164104,-3.9397645
ALL010667,1,0.9999820590019226,1,4.2381983,-6.3622932
ALL010703,1,0.839898943901062,1,3.1975894,-5.1641574
ALL010710,1,1.0,1,4.1992116,-6.334959
ALL010717,1,0.05964278429746628,0,0.6639802,-3.6037261
ALL010722,1,0.9999964237213135,1,7.328768,-6.789378
ALL010723,1,0.999711275100708,1,3.120981,-5.3588805
ALL010730,1,0.2695891559123993,0,7.356218,-3.7854593
ALL010762,1,1.6217518350458704e-05,0,8.159013,-1.1353307
ALL010787,1,0.0035780472680926323,0,4.2860622,-4.979588
ALL010790,1,0.40309497714042664,0,4.40694,-4.9107523
ALL010793,1,0.008369059301912785,0,0.66931766,-3.6128805
ALL010863,1,0.999975323677063,1,3.6912243,-4.486159
ALL010865,1,0.9963579177856445,1,3.0066397,-6.331236
ALL010873,1,1.0,1,2.6868157,-1.3810331
ALL010882,1,3.5838061407389432e-09,0,7.0245795,-4.171944
ALL010883,1,0.9999338388442993,1,4.7392273,-6.2559695
ALL010892,1,0.0034491526894271374,0,0.53733695,-2.2069042
ALL010896,1,0.6694048047065735,1,2.432944,-4.8167367
ALL010899,1,2.579156621607126e-08,0,7.2459645,-4.0802636
ALL010911,1,0.979332685470581,1,5.522598,-4.855303
ALL010921,1,8.588717150814773e-07,0,5.608465,-2.0146308
ALL010922,1,0.7209444642066956,1,3.4914525,-4.58995
ALL010939,1,0.9941462278366089,1,4.1488667,-5.473392
ALL010940,1,4.0207261520208704e-08,0,8.137651,-5.083226
ALL010974,1,0.9370383024215698,1,3.2722368,-5.1714745
ALL010987,1,1.92578895052975e-08,0,7.5057106,-4.002308
ALL010998,1,0.9992388486862183,1,5.6656246,-4.2740755
ALL011001,1,0.9962450265884399,1,2.2746794,-5.86354
ALL011012,1,1.0,1,2.6421614,-0.8338426
ALL011013,1,0.055903948843479156,0,1.1267812,-3.5523193
ALL011016,1,0.9243934154510498,1,3.2178452,-6.0559855
ALL011026,1,0.9999988079071045,1,3.903767,-6.6792827
ALL011080,1,0.7277593612670898,1,3.019252,-5.780457
ALL011082,1,0.9998109936714172,1,4.905116,-5.6129146
ALL011088,1,0.0004980912781320512,0,7.214244,-3.4344022
ALL011120,1,0.01694723404943943,0,6.589974,-4.552294
ALL011123,1,0.9981817007064819,1,7.4573936,-6.909014
ALL011140,1,0.9913526177406311,1,10.219813,-0.830597
ALL011145,1,0.9999929666519165,1,7.245032,-6.2425556
ALL011153,1,0.0028828480280935764,0,0.25633186,-2.5208094
ALL011186,1,0.9999644160270691,1,3.9260097,-6.561248
ALL011194,1,3.634136760410911e-07,0,10.747426,-0.5503892
ALL011249,1,0.9998468160629272,1,1.7806646,-2.2924051
ALL011276,1,0.9896528124809265,1,10.862669,-0.2674889
ALL011290,1,3.0395065664379217e-07,0,10.2569475,-1.4941319
ALL011306,1,0.8595508337020874,1,2.5144062,-4.7845836
ALL011307,1,1.0,1,3.2640355,-5.3437624
ALL011338,1,0.9997662305831909,1,2.9554675,-4.7870326
ALL011352,1,2.724862002700945e-11,0,11.086797,-0.53997356
ALL011363,1,0.993149995803833,1,7.309244,-6.606501
ALL011367,1,1.0,1,3.3256092,-5.8043294
ALL011372,1,0.9996935725212097,1,3.1997252,-4.409317
ALL011382,1,0.8750192523002625,1,1.4416589,-3.658169
ALL011391,1,0.9962562322616577,1,4.122263,-6.1564436
ALL011409,1,0.32057181000709534,0,5.668741,-4.9396634
ALL011412,1,1.0,1,3.6164339,-4.1456695
ALL011420,1,0.9620647430419922,1,2.622535,-5.040004
ALL011421,1,0.005912693217396736,0,7.5407276,-3.492283
ALL011422,1,0.0004819342866539955,0,7.9022303,-4.1533027
ALL011475,1,3.195401582223312e-11,0,8.238909,-4.8209944
ALL011508,1,2.1363721902645239e-10,0,11.041836,-0.77591294
ALL011527,1,0.9992588758468628,1,3.9577274,-6.721099
ALL011537,1,6.145455699879676e-05,0,6.10213,-5.2189927
ALL011540,1,0.9999998211860657,1,3.4898398,-5.7719975
ALL011542,1,0.9779109954833984,1,2.6688166,-6.114823
ALL011551,1,0.999772310256958,1,3.9209967,-6.7528305
ALL011560,1,0.9976297616958618,1,7.432966,-3.7141523
ALL011563,1,0.003260423894971609,0,6.5507936,-4.5788774
ALL011572,1,1.0,1,2.2263236,-2.3719344
ALL011605,1,0.053707875311374664,0,6.507739,-3.4202843
ALL011608,1,1.0,1,3.434708,-6.1917653
ALL011613,1,0.982518196105957,1,0.9089308,-3.620412
ALL011619,1,0.999603271484375,1,2.5406938,-5.974754
ALL011639,1,0.9965987801551819,1,0.8100998,-2.898785
ALL011652,1,0.9999139308929443,1,3.098732,-5.6693625
ALL011653,1,0.8285551071166992,1,2.8805268,-4.517644
ALL011675,1,0.0012496367562562227,0,11.031117,-0.68574476
ALL011722,1,0.6632217168807983,1,3.6362154,-4.334674
ALL011723,1,0.952609121799469,1,2.5296278,-4.893939
ALL011725,1,0.999988317489624,1,3.8122134,-6.0105124
ALL011728,1,0.6361178159713745,1,2.5806894,-6.118996
ALL011741,1,0.0003501875908114016,0,1.7216539,-2.3326206
ALL011753,1,0.8511178493499756,1,4.7541704,-5.5547433
ALL011780,1,0.001541761914268136,0,1.562277,-2.0776207
ALL011781,1,0.999754011631012,1,3.9045644,-6.6930814
ALL011788,1,0.9998467564582825,1,6.624666,-4.214337
ALL011818,1,0.9999271035194397,1,0.81533784,-3.6315184
ALL011830,1,3.2714835285219124e-09,0,10.752439,-0.095076166
ALL011849,1,0.9231643676757812,1,7.2495575,-6.6408772
ALL011861,1,0.9999287128448486,1,1.9762647,-3.4791403
ALL011867,1,0.0021194296423345804,0,1.0307827,-1.9564803
ALL011873,1,0.994047999382019,1,4.7057686,-5.8719864
ALL011879,1,0.2028442621231079,0,6.044432,-5.3457637
ALL011882,1,0.003146843984723091,0,6.012811,-4.3282113
ALL011888,1,0.9603967070579529,1,0.59485704,-3.3430576
ALL011900,1,0.9855692386627197,1,4.92785,-5.6346927
ALL011909,1,0.8194426894187927,1,1.5297936,-2.0339472
ALL011920,1,0.938046395778656,1,3.276779,-5.124055
ALL011929,1,0.0013159933732822537,0,7.682266,-3.5933647
ALL011940,1,0.9991401433944702,1,2.1938624,-2.2066903
ALL011945,1,0.8020880222320557,1,1.1021179,-3.4430115
ALL011948,1,0.9999752044677734,1,5.014732,-5.8686304
ALL011954,1,0.6200451850891113,1,6.7872195,-4.114375
ALL011959,1,0.14893905818462372,0,7.238904,-3.971376
ALL011995,1,0.971838653087616,1,2.3854446,-6.0145
ALL012009,1,0.9893876314163208,1,2.6721692,-5.6972404
ALL012027,1,0.9995815753936768,1,3.332801,-5.630456
ALL012043,1,0.9995704293251038,1,2.5429988,-4.3065734
ALL012060,1,8.882053634806653e-07,0,10.425725,-0.19083633
ALL012100,1,0.7542697191238403,1,2.4861724,-6.0555053
ALL012104,1,1.0,1,2.5580244,-0.9700031
ALL012110,1,2.5793658551265253e-06,0,7.157779,-3.3103442
ALL012121,1,5.959415627643239e-09,0,10.7976885,0.019157128
ALL012144,1,0.993929386138916,1,2.73246,-4.1641045
ALL012149,1,0.9969123005867004,1,2.9635727,-5.7004304
ALL012178,1,0.9999879002571106,1,7.50004,-6.254084
ALL012180,1,0.9999998211860657,1,2.6458466,-0.95537275
ALL012182,1,1.4354032828123309e-05,0,3.1896465,-4.9389896
ALL012219,1,0.9999565482139587,1,7.4015837,-6.355548
ALL012225,1,0.9951972961425781,1,4.1791744,-6.489058
ALL012229,1,0.9030044078826904,1,3.8319435,-4.150009
ALL012234,1,0.9966261386871338,1,4.460722,-4.003514
ALL012255,1,1.0,1,7.548139,-6.5832906
ALL012299,1,1.0,1,2.68012,-0.8775166
ALL012300,1,0.8436381816864014,1,3.012555,-4.2550673
ALL012305,1,0.2416985034942627,0,7.9649124,-4.063454
ALL012342,1,0.9960309267044067,1,3.1797557,-5.5565624
ALL012362,1,0.44832080602645874,0,1.3366566,-2.3134155
ALL012371,1,0.5809980034828186,1,7.576551,-5.162701
ALL012390,1,0.9980629086494446,1,2.697119,-3.6649754
ALL012398,1,0.9931880831718445,1,1.5135164,-3.60828
ALL012402,1,0.9856801629066467,1,0.19113828,-2.535102
ALL012411,1,0.8041170239448547,1,10.265341,-2.2729201
ALL012430,1,0.8281683325767517,1,2.5377429,-4.605553
ALL012444,1,0.006526587530970573,0,0.7980762,-2.435507
ALL012447,1,0.921920895576477,1,10.461209,0.041644607
ALL012455,1,0.008903841488063335,0,6.586815,-4.8442574
ALL012456,1,0.0024005896411836147,0,6.954635,-4.282348
ALL012457,1,0.9999949336051941,1,7.151277,-5.9733253
ALL012471,1,0.9724854230880737,1,2.2910717,-5.3916664
ALL012488,1,0.9847046136856079,1,1.3158933,-3.7345061
ALL012494,1,8.45405156724155e-05,0,5.8604126,-4.8306174
ALL012500,1,0.10189174115657806,0,7.158716,-4.4114704
ALL012503,1,0.9302550554275513,1,0.6478519,-3.6835186
ALL012522,1,0.5793748497962952,1,1.1746756,-2.2296236
ALL012523,1,3.2330631256627385e-06,0,10.6417,-0.4093279
ALL012531,1,0.999998927116394,1,2.5809562,-4.080296
ALL012547,1,0.9602659344673157,1,6.992685,-5.0015063
ALL012572,1,1.0,1,3.5313318,-5.9992685
ALL012643,1,0.9966683983802795,1,7.3774824,-4.903275
ALL012645,1,1.1472133110146387e-07,0,10.68105,0.10296566
ALL012655,1,0.9775009155273438,1,2.510118,-4.749028
ALL012658,1,0.9753345251083374,1,4.6427855,-5.0809956
ALL012713,1,0.794423520565033,1,2.455865,-4.611376
ALL012722,1,0.9932022094726562,1,4.2929153,-4.6130285
ALL012732,1,0.9999794960021973,1,7.520596,-6.962101
ALL012739,1,8.740384146221913e-06,0,7.42622,-4.4122806
ALL012743,1,1.1813103810709435e-06,0,7.101186,-3.2617486
ALL012748,1,0.00678595993667841,0,6.1313944,-3.9920976
ALL012756,1,1.0,1,4.485546,-6.2763376
ALL012760,1,8.03721150077763e-07,0,4.0439363,-2.178844
ALL012764,1,1.0,1,3.8447425,-5.651748
ALL012776,1,0.00013441780174616724,0,8.127288,-5.1193976
ALL012787,1,5.717305739949552e-09,0,8.091118,-4.7306333
ALL012807,1,1.0,1,3.4378123,-5.460056
ALL012815,1,4.709738163910515e-07,0,7.107603,-4.1711574
ALL012859,1,0.7012175917625427,1,2.15567,-4.902758
ALL012902,1,5.734217666031327e-06,0,6.912185,-4.170442
ALL012913,1,0.8956604599952698,1,3.1393597,-3.5538409
ALL012917,1,0.9748901724815369,1,5.6821847,-5.115211
ALL012936,1,0.9999324083328247,1,7.4142923,-5.8128643
ALL012937,1,0.9469621181488037,1,2.754418,-6.187955
ALL012963,1,0.9999369978904724,1,4.6481414,-6.30391
ALL012965,1,0.9861384630203247,1,2.2584412,-3.2878253
ALL012977,1,0.9999998807907104,1,0.97853386,-3.250415
ALL012991,1,0.9999999403953552,1,1.5766093,-1.599415
ALL013024,1,0.8189512491226196,1,1.1287417,-3.3998404
ALL013042,1,0.2756284475326538,0,2.6913717,-4.3032646
ALL013056,1,0.0019439560128375888,0,7.2460546,-3.8938186
ALL013089,1,0.9514257907867432,1,5.454168,-4.2071476
ALL013097,1,7.889066182542592e-06,0,10.064012,-1.4625902
ALL013108,1,1.0,1,4.275758,-5.464908
ALL013126,1,0.3953375816345215,0,2.5852258,-3.7787247
ALL013142,1,0.999995768070221,1,2.4686534,-4.561352
ALL013177,1,1.9198734662495553e-05,0,7.615507,-4.0255947
ALL013194,1,0.05055182799696922,0,6.513958,-4.359755
ALL013200,1,0.03736423701047897,0,4.1712766,-6.258029
ALL013205,1,1.289796728087822e-06,0,7.3271503,-3.9118745
ALL013227,1,4.593550784193212e-06,0,10.851312,0.016896563
ALL013231,1,1.0,1,3.9893591,-6.189911
ALL013256,1,0.5600582361221313,1,0.22359726,-2.5584416
ALL013282,1,1.0,1,7.5545936,-7.0041285
ALL013292,1,1.325139237451367e-05,0,7.4832554,-4.3502445
ALL013303,1,0.9983575940132141,1,3.064344,-6.112569
ALL013339,1,0.9999024868011475,1,7.3058586,-6.4248137
ALL013357,1,1.0,1,2.6960602,-1.277819
ALL013360,1,2.0992618754434034e-10,0,1.7608176,-2.1379735
ALL013372,1,3.546217703842558e-05,0,4.6480865,-5.4441133
ALL013379,1,6.740606295352336e-07,0,7.533599,-4.5145445
ALL013380,1,0.9913203120231628,1,4.4661674,-5.573345
ALL013391,1,0.023462723940610886,0,7.709326,-4.4045563
ALL013400,1,0.8533757328987122,1,5.4103646,-4.9996257
ALL013432,1,0.9996261596679688,1,4.8513083,-5.358937
ALL013440,1,1.383178869218682e-07,0,5.449022,-2.1753418
ALL013469,1,0.9999945759773254,1,7.5645742,-6.254383
ALL013470,1,1.0,1,2.6763144,-1.3707584
ALL013489,1,0.9950151443481445,1,2.9968352,-3.6549888
ALL013499,1,0.001353036379441619,0,6.155283,-4.767416
ALL013520,1,0.9883397817611694,1,1.4458215,-3.6858683
ALL013521,1,0.9999946355819702,1,4.0786905,-6.318085
ALL013527,1,4.847553025655316e-09,0,6.915966,-5.5027165
ALL013541,1,0.09734205901622772,0,3.2531946,-2.0530574
ALL013545,1,1.7655462215770967e-05,0,8.444106,-4.9441752
ALL013547,1,0.9999654293060303,1,10.132368,-0.7005711
ALL013566,1,0.9995888471603394,1,3.9362226,-6.205315
ALL013604,1,0.9918009638786316,1,10.870107,-0.34014234
ALL013671,1,0.9989392161369324,1,7.5493546,-6.2040343
ALL013676,1,0.6851134300231934,1,7.4402013,-4.595223
ALL013679,1,1.0,1,4.5664377,-6.1891356
ALL013696,1,0.73075270652771,1,2.9160604,-6.1086326
ALL013701,1,6.127021199425764e-12,0,6.2048063,-4.77378
ALL013703,1,0.999998927116394,1,1.2985814,-1.7295169
ALL013708,1,0.8360164165496826,1,3.2105763,-4.2364326
ALL013709,1,0.9999914169311523,1,3.7866611,-6.646414
ALL013722,1,0.9857550263404846,1,2.512206,-5.8800364
ALL013752,1,0.9951611757278442,1,3.9316523,-2.446272
ALL013762,1,1.0,1,7.5151277,-6.9603596
ALL013797,1,0.99958336353302,1,3.8591807,-4.4373145
ALL013804,1,0.8985907435417175,1,0.6914866,-2.111962
ALL013825,1,0.8205533027648926,1,2.5300837,-4.7391505
ALL013827,1,0.00015800370601937175,0,6.194713,-5.0233502
ALL013830,1,0.9999973773956299,1,2.1402545,-1.8932239
ALL013834,1,1.7008453596645268e-06,0,6.1686316,-4.6767516
ALL013854,1,0.9999986290931702,1,4.320056,-6.2973332
ALL013867,1,0.9739389419555664,1,2.8119943,-1.3512163
ALL013869,1,0.8674094080924988,1,2.6285527,-4.692846
ALL013876,1,0.5649309158325195,1,2.7253914,-6.2857437
ALL013878,1,0.022311700507998466,0,7.158075,-3.8821197
ALL013883,1,0.5121383666992188,1,6.0143943,-4.8567376
ALL013884,1,0.9999986886978149,1,2.5109167,-1.524408
ALL013886,1,0.9907753467559814,1,3.8616483,-6.437886
ALL013912,1,0.06652216613292694,0,1.0219964,-1.9501524
ALL013920,1,0.9989446997642517,1,2.1369915,-3.6850612
ALL013928,1,3.6512415135803167e-07,0,1.956793,-3.293163
ALL013933,1,1.0,1,4.6917586,-6.196895
ALL013946,1,1.0,1,2.126753,-1.9083555
ALL013952,1,0.0008120975689962506,0,8.43821,-4.932317
ALL013953,1,0.9847341179847717,1,0.63328516,-3.5400639
ALL013976,1,0.12270329892635345,0,7.1965747,-6.416136
ALL013978,1,0.00012730187154375017,0,10.57989,0.06783954
ALL013983,1,0.9999523162841797,1,7.5351467,-3.5128994
ALL013985,1,0.10671791434288025,0,6.8987927,-4.4228187
ALL014009,1,1.0,1,4.0180907,-6.5954742
ALL014012,1,2.3355038389349936e-11,0,10.457591,-1.9722264
ALL014014,1,0.9999881386756897,1,10.097376,-0.7893393
ALL014016,1,0.9523712396621704,1,1.0963144,-3.7337706
ALL014025,1,1.0,1,2.6553764,-0.7876403
ALL014039,1,0.9777127504348755,1,5.977212,-4.2361436
ALL014070,1,0.04681587964296341,0,3.7323987,-6.273753
ALL014071,1,1.2326953680030783e-08,0,7.572303,-3.8124387
ALL014078,1,0.6328826546669006,1,2.465824,-2.0788891
ALL014082,1,0.5029705762863159,1,1.1994919,-3.539173
ALL014111,1,3.611419074900368e-08,0,7.7186084,-5.2654285
ALL014112,1,0.9991132020950317,1,2.3965914,-4.6975293
ALL014126,1,0.09841218590736389,0,4.333055,-1.8279397
ALL014170,1,0.9999996423721313,1,2.271947,-1.7723126
ALL014176,1,0.9994446635246277,1,7.442419,-6.30544
ALL014184,1,0.9710066914558411,1,4.4319057,-5.231069
ALL014220,1,0.89645916223526,1,2.3569477,-4.90332
ALL014225,1,0.8514983654022217,1,2.1574428,-4.904379
ALL014228,1,0.7550426721572876,1,2.43083,-4.646952
ALL014284,1,0.9999991655349731,1,1.4248073,-2.265798
ALL014316,1,0.9810096025466919,1,0.82957226,-3.7029788
ALL014339,1,0.999967634677887,1,3.8812542,-6.7410445
ALL014368,1,0.03330802544951439,0,5.9528666,-4.737273
ALL014390,1,1.5777464890120996e-09,0,8.189113,-4.95369
ALL014394,1,0.9999852180480957,1,5.310593,-5.6116924
ALL014395,1,0.9956077933311462,1,2.652522,-6.105504
ALL014425,1,0.03232496976852417,0,7.472054,-3.933672
ALL014446,1,0.0004603632551152259,0,2.1864524,-2.1713645
ALL014470,1,0.002434783848002553,0,7.095888,-4.0362225
ALL014491,1,3.514423994877003e-12,0,6.1379733,-3.0065672
ALL014495,1,0.35515356063842773,0,0.6098616,-3.6195407
ALL014507,1,1.0,1,3.3789887,-5.923136
ALL014515,1,0.9986250400543213,1,0.65767914,-3.1414883
ALL014518,1,0.9927452802658081,1,6.639662,-5.001066
ALL014523,1,1.645416887186002e-06,0,6.4095116,-5.264316
ALL014592,1,4.80548919767898e-07,0,1.0509772,-2.8759682
ALL014599,1,0.9638967514038086,1,2.9922714,-5.4586153
ALL014611,1,0.9446741938591003,1,4.464122,-5.210788
ALL014612,1,0.4353543817996979,0,6.569588,-4.025689
ALL014646,1,0.004209582693874836,0,7.0276423,-4.1158805
ALL014668,1,0.6204009652137756,1,2.3958282,-6.0046663
ALL014669,1,0.9999997019767761,1,1.5591449,-3.5851233
ALL014675,1,0.6011840105056763,1,0.6812113,-3.7331407
ALL014687,1,0.9269448518753052,1,2.7411084,-4.60173
ALL014722,1,3.8648140616714954e-06,0,10.96494,-1.2063229
ALL014724,1,0.8148676753044128,1,2.6010725,-5.981
ALL014728,1,0.026815243065357208,0,6.3194942,-4.406513
ALL014729,1,0.0005251815891824663,0,6.7395716,-4.3897047
ALL014762,1,3.985784358812028e-12,0,2.4901252,-2.025954
ALL014774,1,0.03808195888996124,0,6.7283335,-4.222106
ALL014776,1,0.5993185639381409,1,6.171496,-4.3990526
ALL014779,1,0.9914640188217163,1,1.4282103,-2.150082
ALL014792,1,0.7634957432746887,1,5.845252,-4.3451185
ALL014847,1,0.3967067003250122,0,5.00126,-5.0715957
ALL014873,1,0.8813000321388245,1,2.4055638,-5.071368
ALL014886,1,0.9995059967041016,1,3.1905417,-5.1985674
ALL014888,1,0.8235940933227539,1,4.226669,-5.581844
ALL014890,1,0.9999932050704956,1,2.6391284,-1.3416262
ALL014904,1,0.9999847412109375,1,4.04953,-6.078395
ALL014942,1,0.9999990463256836,1,1.6078994,-1.5959102
ALL014944,1,0.9978187084197998,1,4.8836083,-6.2024035
ALL014952,1,0.9868098497390747,1,2.5588133,-4.682338
ALL014960,1,0.1017850860953331,0,1.6957465,-2.341529
ALL014969,1,1.0,1,7.59761,-6.996367
ALL015034,1,0.9865737557411194,1,3.5002542,-4.00954
ALL015086,1,0.5820673704147339,1,6.080658,-5.221246
ALL015089,1,0.40044140815734863,0,6.857299,-3.8921514
ALL015096,1,0.003082181792706251,0,7.032641,-4.5077357
ALL015107,1,0.9944612979888916,1,4.8002095,-4.301509
ALL015119,1,0.0073076337575912476,0,7.2862725,-4.391315
ALL015122,1,0.761550784111023,1,3.286765,-5.6320844
ALL015127,1,0.9999861717224121,1,3.9847803,-6.638635
ALL015139,1,0.5675643682479858,1,0.64331496,-3.234623
ALL015140,1,0.8403154015541077,1,10.64819,0.053015504
ALL015142,1,0.9999969601631165,1,2.602225,-1.4063853
ALL015162,1,1.0,1,2.6019077,-0.88277817
ALL015182,1,0.8258100152015686,1,8.019508,-4.9922037
ALL015195,1,0.9958986639976501,1,2.5458684,-4.6384573
ALL015197,1,0.674990177154541,1,0.7953097,-3.7597532
ALL015202,1,0.9667616486549377,1,2.7380517,-6.2021317
ALL015232,1,0.9998561143875122,1,3.9979882,-6.468012
ALL015234,1,0.01444154605269432,0,0.7400647,-3.6967337
ALL015262,1,1.1743380810003146e-06,0,10.797456,0.058447883
ALL015271,1,0.04360351338982582,0,8.257005,-5.039633
ALL015285,1,0.9872108697891235,1,2.6381338,-4.609568
ALL015311,1,3.8410348679462913e-07,0,6.4090147,-4.1238666
ALL015340,1,0.007023271638900042,0,6.9170303,-4.4197817
ALL015361,1,0.487341970205307,0,0.7062743,-3.5415578
ALL015367,1,0.9999998211860657,1,2.5061138,-1.1253195
ALL015371,1,0.9797086715698242,1,3.6619396,-5.0398417
ALL015381,1,0.9999971985816956,1,4.7552876,-6.2466288
ALL015402,1,0.0048929546028375626,0,1.0502285,-3.0945704
ALL015408,1,1.0,1,4.000519,-4.3596377
ALL015445,1,0.5015836954116821,1,7.3215747,-4.793365
ALL015452,1,0.9992488622665405,1,4.284533,-6.4972615
ALL015465,1,1.0,1,4.66577,-6.2261515
ALL015471,1,1.6799456048488537e-08,0,10.831711,0.0016048726
ALL015475,1,1.7429080401143437e-08,0,7.3792596,-3.6004064
ALL015487,1,0.9954692125320435,1,7.311059,-6.4816337
ALL015491,1,1.0,1,3.8803418,-6.0238805
ALL015493,1,0.9985933303833008,1,7.103208,-4.3078127
ALL015495,1,0.3100420832633972,0,2.7069848,-6.0850244
ALL015520,1,8.158911077771336e-05,0,6.751671,-4.508445
ALL015524,1,0.09474099427461624,0,7.6015835,-3.5584092
ALL015532,1,0.999998152256012,1,7.267329,-6.1727996
ALL015534,1,0.9999994039535522,1,2.6609561,-1.453785
ALL015543,1,0.9999750852584839,1,2.17031,-3.3582022
ALL015600,1,0.9999918937683105,1,7.3984647,-6.3498516
ALL015604,1,0.016785118728876114,0,0.6084465,-2.8921506
ALL015617,1,0.0009330035536549985,0,0.7460589,-2.2661884
ALL015624,1,0.9999998807907104,1,2.7483149,-1.4742544
ALL015637,1,0.0007108403951860964,0,6.5516505,-4.465479
ALL015648,1,0.9999862313270569,1,7.246126,-4.8242016
ALL015655,1,0.9006782174110413,1,4.1413245,-6.424449
ALL015657,1,1.0,1,1.4269767,-1.687844
ALL015673,1,0.5340372323989868,1,0.7925037,-3.8010478
ALL015676,1,0.0017268301453441381,0,1.4771732,-1.9805379
ALL015714,1,0.3968808054924011,0,1.6443682,-2.143232
ALL015737,1,0.8541219830513,1,2.5140715,-5.044585
ALL015748,1,0.3853970170021057,0,9.865287,-2.1811283
ALL015771,1,0.9099297523498535,1,1.3103927,-3.6571665
ALL015781,1,0.9991193413734436,1,5.3663783,-4.14881
ALL015789,1,0.0001862531207734719,0,7.821561,-3.6547844
ALL015791,1,1.0,1,4.69493,-6.2021427
ALL015792,1,1.0,1,2.4931107,-1.1548976
ALL015794,1,0.9999963045120239,1,7.3441463,-6.4022436
ALL015797,1,1.0,1,2.6680572,-0.8602324
ALL015820,1,0.9249385595321655,1,3.1822858,-1.5593007
ALL015831,1,1.0,1,2.3573065,-1.0841135
ALL015832,1,1.5480666206713067e-06,0,5.6579604,-1.7844493
ALL015858,1,0.9990617632865906,1,3.9314086,-6.6493964
ALL015891,1,0.9994944334030151,1,3.0765822,-4.2017455
ALL015897,1,0.9315696954727173,1,2.4535596,-4.850461
ALL015898,1,0.9629673361778259,1,2.6326246,-4.698909
ALL015923,1,0.9994610548019409,1,1.0065882,-3.6660104
ALL015927,1,0.9558475613594055,1,3.2558439,-1.6073353
ALL015930,1,2.9910523153375834e-05,0,6.306806,-4.3127613
ALL015960,1,1.0,1,4.152325,-6.4020014
ALL015972,1,0.9992382526397705,1,7.3258824,-6.388536
ALL015976,1,0.9982807636260986,1,4.799363,-5.8630323
ALL016023,1,0.9342908263206482,1,0.6876314,-3.5926669
ALL016027,1,0.9997961521148682,1,3.1316972,-4.334632
ALL016039,1,0.9524030685424805,1,5.5423155,-4.3562374
ALL016069,1,0.9985147714614868,1,3.4765165,-3.8722901
ALL016077,1,0.0012173526920378208,0,7.763785,-3.8345077
ALL016100,1,8.259370076757477e-09,0,1.6522934,-2.353575
ALL016114,1,1.0,1,10.117868,-0.7349686
ALL016128,1,0.0020158218685537577,0,7.1159105,-4.105481
ALL016135,1,0.04011400789022446,0,8.304111,-2.6689768
ALL016146,1,0.8464516997337341,1,3.1176205,-4.3715672
ALL016149,1,3.771891351789236e-05,0,7.410705,-3.8087718
ALL016168,1,3.321398253319785e-05,0,0.92327726,-2.4718199
ALL016190,1,0.9995495676994324,1,2.8019586,-0.9833295
ALL016196,1,0.9999679327011108,1,7.491233,-6.209563
ALL016224,1,0.934420645236969,1,2.8073568,-4.4985547
ALL016251,1,0.35998770594596863,0,1.1396661,-3.0032818
ALL016277,1,1.847787416409119e-06,0,7.0417104,-4.135939
ALL016287,1,0.9999886751174927,1,1.0871614,-3.4906144
ALL016290,1,0.9905005693435669,1,1.0538205,-3.1855266
ALL016292,1,0.24815145134925842,0,0.5605748,-3.597179
ALL016315,1,2.894700173783349e-06,0,7.7049003,-3.5753202
ALL016341,1,0.9991933107376099,1,1.6240675,-2.6186547
ALL016349,1,0.9834930896759033,1,3.1719391,-5.3008537
ALL016353,1,1.0,1,3.772437,-6.3252926
ALL016355,1,0.9999786615371704,1,3.2047951,-5.22529
ALL016386,1,8.22992151370272e-05,0,8.184701,-4.465268
ALL016395,1,0.6578865647315979,1,2.6878135,-6.2755094
ALL016404,1,0.00018027097394224256,0,4.714736,-2.459593
ALL016413,1,1.0,1,7.505734,-6.990189
ALL016422,1,1.3294065848157288e-09,0,7.4978185,-4.6134048
ALL016442,1,4.864200309384614e-05,0,7.2206683,-3.7803924
ALL016443,1,0.9999693632125854,1,4.023177,-6.2479067
ALL016449,1,0.9996560215950012,1,1.5744952,-2.408132
ALL016466,1,0.6403881311416626,1,2.525705,-6.090925
ALL016468,1,0.9999992847442627,1,4.033399,-6.5430293
ALL016474,1,0.9999876618385315,1,1.377421,-1.8070687
ALL016493,1,0.00012780977704096586,0,0.5889846,-3.618676
ALL016500,1,1.6347032214980572e-05,0,3.4978988,-5.015142
ALL016546,1,0.9961470365524292,1,7.058978,-5.01776
ALL016555,1,1.150795725379794e-08,0,8.289808,-4.7036576
ALL016581,1,0.9997173547744751,1,1.6168514,-3.5514228
ALL016582,1,1.0,1,3.7196753,-5.56777
ALL016626,1,5.479862011270598e-06,0,7.8230767,-3.8899136
ALL016634,1,0.9401084780693054,1,4.6219797,-5.4510703
ALL016643,1,0.9999986886978149,1,7.6070065,-5.483427
ALL016683,1,1.0,1,2.5549927,-0.95670974
ALL016702,1,0.7802327871322632,1,2.482949,-6.006336
ALL016737,1,0.28232312202453613,0,5.199354,-5.1997905
ALL016742,1,0.9918774366378784,1,6.9770827,-6.0789604
ALL016744,1,0.7162211537361145,1,2.4332008,-4.521095
ALL016751,1,0.9990012049674988,1,1.1351243,-2.0589588
ALL016756,1,1.0,1,2.3019047,-1.0560659
ALL016769,1,0.00012517263530753553,0,0.76610416,-1.8387673
ALL016785,1,0.9999986290931702,1,3.645836,-6.326999
ALL016790,1,0.007890695706009865,0,8.477694,-4.8810477
ALL016792,1,0.08567637205123901,0,7.990557,-3.0063183
ALL016807,1,0.00013344154285732657,0,8.449544,-4.737547
ALL016836,1,0.3491757810115814,0,0.5630911,-3.4077256
ALL016837,1,3.553267191591658e-08,0,6.6859455,-4.546487
ALL016871,1,0.01309569738805294,0,7.8416195,-3.5775354
ALL016872,1,0.9997431039810181,1,4.4364123,-6.3307734
ALL016894,1,1.065136601141603e-08,0,10.24877,-1.8208531
ALL016895,1,0.23865997791290283,0,7.7381845,-3.7482047
ALL016901,1,0.9999967813491821,1,4.7288632,-6.180567
ALL016913,1,0.8396874666213989,1,0.59615993,-3.5761335
ALL016917,1,0.8711832165718079,1,6.5302935,-3.795583
ALL016929,1,0.02190118283033371,0,7.5621166,-5.331827
ALL016963,1,0.008265804499387741,0,5.8224397,-5.025983
ALL016968,1,4.417831434011532e-09,0,10.758577,0.13846245
ALL016977,1,0.9999992251396179,1,5.350415,-4.9388113
ALL016982,1,0.951699435710907,1,1.3491092,-3.7065756
ALL016990,1,0.21863332390785217,0,0.6499742,-1.7721249
ALL017016,1,1.0,1,3.285174,-3.9765966
ALL017080,1,0.9997316002845764,1,4.162114,-6.3904266
ALL017090,1,0.9999985694885254,1,4.7198462,-6.21297
ALL017103,1,0.9984233379364014,1,4.6612015,-5.4951696
ALL017187,1,0.99997878074646,1,1.8326408,-2.9440353
ALL017237,1,0.0002583065943326801,0,0.539865,-2.3842344
ALL017256,1,1.9747978512896225e-05,0,6.1050253,-5.04323
ALL017261,1,0.09147460758686066,0,0.8882898,-3.6871672
ALL017274,1,1.0,1,4.39613,-6.1447406
ALL017275,1,0.870664119720459,1,2.3427012,-5.026804
ALL017284,1,5.783235974377021e-05,0,6.384726,-4.8335423
ALL017301,1,1.0,1,3.3141234,-5.7642765
ALL017304,1,0.9963772296905518,1,3.0123878,-6.1279416
ALL017312,1,0.01554081030189991,0,4.9346004,-5.916033
ALL017316,1,0.9999997615814209,1,1.5093516,-1.7833792
ALL017337,1,0.998558759689331,1,3.4833403,-6.137036
ALL017378,1,0.0006935845012776554,0,0.46784657,-3.2870722
ALL017397,1,3.7585312384180725e-05,0,1.8331248,-2.0516062
ALL017423,1,2.3678779825786478e-07,0,7.803241,-3.8676143
ALL017437,1,4.997921678295825e-06,0,6.765258,-3.5448346
ALL017450,1,0.945052981376648,1,5.747522,-4.346551
ALL017452,1,3.0430664992309175e-06,0,10.97605,-0.5456382
ALL017479,1,0.9999995231628418,1,4.591984,-3.8595564
ALL017491,1,0.000365726271411404,0,6.9122534,-4.23242
ALL017501,1,0.2915439009666443,0,5.410129,-5.6999598
ALL017514,1,0.9999992251396179,1,3.9020479,-6.3514266
ALL017536,1,0.9653270244598389,1,5.431202,-4.2562594
ALL017548,1,1.0,1,4.29568,-6.3369975
ALL017580,1,4.1892826629919e-06,0,7.5347266,-4.1095524
ALL017600,1,6.121561455074698e-05,0,6.630662,-3.307073
ALL017627,1,1.2358844287518878e-05,0,6.6927304,-4.4767566
ALL017637,1,0.014917130582034588,0,7.2979608,-4.4836926
ALL017668,1,1.0,1,1.2700851,-1.7164398
ALL017714,1,0.9999997615814209,1,2.8480809,-1.4674289
ALL017717,1,0.993482768535614,1,1.5240911,-3.8632274
ALL017720,1,1.0,1,2.7292852,-1.2187995
ALL017732,1,1.0,1,2.6522217,-0.9715527
ALL017757,1,0.9533926248550415,1,0.66162425,-3.72437
ALL017775,1,1.0841279163287254e-06,0,6.534623,-5.1562567
ALL017787,1,0.011759277433156967,0,1.7548971,-2.3655055
ALL017801,1,0.8317139148712158,1,1.273157,-3.605794
ALL017843,1,0.9854472875595093,1,4.2417274,-4.089304
ALL017889,1,0.7630546689033508,1,2.4609172,-4.8319464
ALL017893,1,0.9999995231628418,1,7.5643225,-7.0115795
ALL017895,1,3.4642775972315576e-06,0,7.761462,-4.1320086
ALL017917,1,0.5021493434906006,1,0.7789466,-3.736631
ALL017919,1,0.05394541099667549,0,3.221737,-1.6249484
ALL017943,1,0.9999979734420776,1,2.7508187,-0.86811036
ALL017944,1,0.1708323061466217,0,10.39751,-2.1469622
ALL017949,1,0.9999989867210388,1,3.879668,-6.4018283
ALL017973,1,0.9999973773956299,1,3.7498682,-5.3552766
ALL017994,1,0.9163379669189453,1,2.131845,-5.1312118
ALL018000,1,2.2714432645898341e-07,0,6.786744,-3.8397212
ALL018018,1,4.262881702743471e-06,0,6.565432,-3.1873567
ALL018021,1,3.2892545277718455e-05,0,7.8386297,-4.57948
ALL018026,1,7.854831346776336e-05,0,7.516051,-5.370241
ALL018043,1,0.0029234890826046467,0,6.484142,-4.209366
ALL018099,1,0.979159414768219,1,10.788376,-0.2696542
ALL018134,1,0.991716742515564,1,10.630807,-0.055639725
ALL018156,1,0.7610464692115784,1,2.5121324,-4.612197
ALL018161,1,0.9945714473724365,1,0.51363224,-3.5316122
ALL018164,1,0.9988114833831787,1,2.617056,-6.1501265
ALL018179,1,0.7357670068740845,1,0.74535465,-3.7680135
ALL018183,1,0.5134289860725403,1,0.7982094,-3.7823298
ALL018205,1,1.3667417420037964e-07,0,6.9462047,-3.5689209
ALL018226,1,0.035051509737968445,0,10.634722,-0.061305206
ALL018249,1,0.061034124344587326,0,1.7389003,-2.067073
ALL018259,1,0.0028027871157974005,0,3.0954475,-6.0297413
ALL018260,1,0.999670147895813,1,4.817098,-3.6584525
ALL018280,1,0.9894988536834717,1,3.5542073,-3.9070926
ALL018285,1,0.9289424419403076,1,2.7875962,-5.9721355
ALL018298,1,0.008379610255360603,0,6.379302,-5.267532
ALL018322,1,0.9580451250076294,1,5.0546236,-4.285605
ALL018328,1,5.151272741699131e-10,0,10.714681,-0.711976
ALL018352,1,0.9999984502792358,1,7.430161,-6.2270904
ALL018354,1,0.9999998807907104,1,2.6268873,-1.4537121
ALL018390,1,4.995540336949489e-08,0,7.399986,-4.2725534
ALL018408,1,0.00028079503681510687,0,1.1257573,-2.051956
ALL018414,1,1.311102732870495e-05,0,7.5808754,-3.613676
ALL018429,1,0.999990701675415,1,3.9259257,-5.7653723
ALL018451,1,0.05344078689813614,0,2.804606,-4.010248
ALL018466,1,0.3555710017681122,0,0.7776567,-3.369582
ALL018467,1,1.094215829056111e-08,0,6.6193814,-4.704866
ALL018472,1,0.0019939120393246412,0,7.5963507,-5.3472214
ALL018512,1,1.0,1,1.774196,-2.490184
ALL018528,1,0.0467788428068161,0,0.6544052,-2.3180122
ALL018533,1,0.9998829364776611,1,1.3357033,-2.0619175
ALL018550,1,0.12374964356422424,0,2.691909,-4.400752
ALL018557,1,0.9999996423721313,1,7.422863,-6.8301888
ALL018569,1,0.0006174550508148968,0,6.716916,-4.6310983
ALL018572,1,0.9897478818893433,1,1.408918,-3.7024758
ALL018633,1,0.996868371963501,1,4.016265,-6.2044396
ALL018639,1,0.9484350085258484,1,3.4361684,-4.381961
ALL018640,1,0.9970669746398926,1,1.1572285,-3.6029935
ALL018648,1,1.0,1,2.7525096,-4.1880293
ALL018655,1,0.0002923224528785795,0,6.5707955,-5.288666
ALL018696,1,0.9945791363716125,1,6.6772156,-5.185967
ALL018703,1,7.549770089099184e-07,0,8.121811,-4.8518624
ALL018713,1,0.9976300001144409,1,2.2402005,-4.9385285
ALL018733,1,0.9997841119766235,1,2.4495542,-5.334189
ALL018737,1,0.9987790584564209,1,2.2182596,-3.8738525
ALL018744,1,9.898181815515272e-06,0,6.8265967,-4.221589
ALL018747,1,0.8125436902046204,1,3.1650171,-5.176638
ALL018752,1,0.004471934866160154,0,7.172915,-3.7161388
ALL018788,1,0.999999463558197,1,2.8174264,-1.3869233
ALL018818,1,0.9999998807907104,1,3.872303,-6.7716317
ALL018819,1,0.9980916976928711,1,4.966189,-3.931829
ALL018821,1,3.6085708416067064e-05,0,7.0771065,-3.9985416
ALL018827,1,0.9863605499267578,1,0.5266508,-3.252354
ALL018829,1,0.9943982362747192,1,2.57837,-4.6556783
ALL018856,1,0.9997361302375793,1,3.8941753,-6.691922
ALL018868,1,0.03616475313901901,0,1.416379,-3.2228148
ALL018878,1,0.00044269542559050024,0,2.0247831,-2.1869507
ALL018897,1,0.9804058074951172,1,2.5175414,-3.495385
ALL018935,1,0.008541748858988285,0,6.5092015,-3.4810212
ALL018954,1,0.9999070763587952,1,1.7499473,-2.311179
ALL018962,1,0.9999129176139832,1,2.8311827,-1.3294798
ALL018981,1,0.3276852071285248,0,2.8448093,-4.5826063
ALL019044,1,0.025418376550078392,0,3.4484324,-4.245818
ALL019086,1,0.9993075728416443,1,4.2770386,-4.5452285
ALL019108,1,0.10216022282838821,0,0.50371826,-3.3629487
ALL019117,1,0.6180145740509033,1,1.6925428,-2.3066392
ALL019125,1,0.00012672660523094237,0,7.883479,-5.2654614
ALL019169,1,0.9813181757926941,1,3.330109,-1.6880922
ALL019187,1,0.9999618530273438,1,2.647555,-0.8438874
ALL019202,1,0.9921849370002747,1,4.0525517,-4.5319486
ALL019209,1,2.264959775288844e-08,0,10.8110285,0.07833013
ALL019233,1,0.9989238381385803,1,4.3025856,-6.374881
ALL019237,1,0.7751071453094482,1,2.6648626,-6.0644107
ALL019253,1,2.6074203560710885e-05,0,6.367166,-5.2262645
ALL019261,1,6.77097705192864e-05,0,6.961746,-4.630972
ALL019265,1,0.9972639679908752,1,10.549183,0.05191342
ALL019266,1,0.9999713897705078,1,3.5071537,-4.1847086
ALL019275,1,7.794006705807988e-06,0,7.607619,-3.8858776
ALL019278,1,0.9892642498016357,1,2.387322,-1.0270302
ALL019306,1,0.9999998211860657,1,3.8985095,-6.6722174
ALL019328,1,0.00046343813301064074,0,5.0170956,-5.623174
ALL019356,1,1.0,1,2.6476214,-1.2658466
ALL019358,1,0.9931594729423523,1,3.8434324,-6.485097
ALL019377,1,2.2247158995014615e-06,0,7.0274677,-3.5488017
ALL019378,1,0.0015959066804498434,0,6.9843755,-4.3494105
ALL019398,1,2.399310233158758e-06,0,6.583904,-4.560054
ALL019455,1,0.9994928240776062,1,4.3124537,-4.3922286
ALL019464,1,0.997951328754425,1,2.8232772,-4.916385
ALL019477,1,0.5036419034004211,1,1.5782083,-3.6708968
ALL019493,1,0.9997424483299255,1,3.8989298,-6.2836046
ALL019505,1,0.1858052909374237,0,5.094409,-5.6561365
ALL019507,1,4.009712938568555e-06,0,10.986143,-0.61236656
ALL019525,1,0.9099703431129456,1,9.949513,-1.2917743
ALL019530,1,0.9999996423721313,1,4.266538,-6.3365316
ALL019549,1,0.1333359181880951,0,6.9957256,-3.852507
ALL019600,1,0.006297520361840725,0,5.5232077,-5.2476025
ALL019611,1,0.9962946176528931,1,5.771425,-5.0689826
ALL019628,1,0.9506605267524719,1,0.8977326,-3.6781957
ALL019636,1,0.2395774871110916,0,0.8861783,-2.4013748
ALL019638,1,0.9861741065979004,1,0.9184874,-2.1857367
ALL019645,1,0.05908840149641037,0,2.127416,-5.0978703
ALL019652,1,1.4474036902356602e-07,0,7.7249775,-4.7333074
ALL019662,1,3.8164755096659064e-05,0,1.8388556,-2.3094833
ALL019666,1,0.9997494220733643,1,6.4302406,-4.2620564
ALL019679,1,1.0,1,3.6921656,-6.0117226
ALL019690,1,0.0021164908539503813,0,7.5109982,-3.7994146
ALL019703,1,0.9909693002700806,1,2.9890127,-3.6604426
ALL019715,1,0.6519644856452942,1,3.5194304,-6.500476
ALL019721,1,0.9538060426712036,1,3.9756112,-6.3897505
ALL019722,1,0.46922025084495544,0,5.3781786,-5.2565312
ALL019725,1,1.342521613878489e-06,0,7.3269515,-3.5321674
ALL019737,1,0.00016064991359598935,0,4.1326756,-1.9322327
ALL019753,1,1.0,1,2.6496544,-0.82316375
ALL019754,1,0.14475584030151367,0,7.784151,-3.281866
ALL019755,1,0.9995861649513245,1,0.8431336,-3.8042135
ALL019758,1,0.9838235378265381,1,7.4584117,-3.411596
ALL019763,1,0.9997411966323853,1,3.9382129,-6.167144
ALL019764,1,1.6731783603063377e-07,0,11.047625,-0.6137999
ALL019786,1,0.8472033143043518,1,4.3302736,-4.6655188
ALL019793,1,0.841676652431488,1,2.5350742,-2.141798
ALL019801,1,0.999985933303833,1,3.2417142,-5.761165
ALL019806,1,0.9999936819076538,1,7.5478168,-6.9350214
ALL019810,1,0.9876779913902283,1,2.3313174,-5.8792043
ALL019816,1,0.005596364848315716,0,3.6531963,-5.1960883
ALL019830,1,0.1634916216135025,0,7.4951696,-3.4285007
ALL019837,1,0.993259608745575,1,3.993366,-6.190992
ALL019838,1,0.06731350719928741,0,8.257312,-2.7315433
ALL019839,1,1.0,1,4.326636,-5.4020834
ALL019853,1,0.9586281776428223,1,3.7197742,-6.5005345
ALL019886,1,0.999453604221344,1,3.7553322,-6.3801994
ALL019893,1,0.9813761711120605,1,1.2017171,-3.621093
ALL019894,1,0.9570968747138977,1,4.6273756,-6.14075
ALL019901,1,0.9502495527267456,1,0.9619235,-3.5185566
ALL019923,1,0.995001494884491,1,1.263999,-3.1752753
ALL019929,1,0.9998583793640137,1,4.2951026,-5.9572906
ALL019931,1,1.6236972442129627e-05,0,10.823386,0.18219791
ALL019970,1,0.693010687828064,1,4.2570486,-5.201083
ALL019978,1,0.0019604843109846115,0,7.0277114,-3.9357266
ALL019981,1,0.9999997019767761,1,3.342433,-6.2829657
ALL020002,1,0.9999969005584717,1,2.571425,-1.2674876
ALL020008,1,0.08341296762228012,0,2.997436,-5.8858166
ALL020056,1,0.1264924705028534,0,2.710449,-4.00701
ALL020061,1,0.992581307888031,1,10.472026,0.05370041
ALL020063,1,0.9993770718574524,1,2.4245312,-3.4237778
ALL020085,1,0.9999702572822571,1,2.3693798,-5.0832834
ALL020090,1,1.0,1,3.9239762,-6.4298024
ALL020094,1,0.9930655360221863,1,2.4183717,-6.0765023
ALL020105,1,0.4354283809661865,0,3.1497264,-3.5604591
ALL020137,1,0.00944539811462164,0,0.8870185,-3.8371167
ALL020139,1,0.814270555973053,1,6.198418,-4.393327
ALL020141,1,0.9999957084655762,1,1.6635798,-2.196333
ALL020175,1,9.7203428595094e-07,0,6.6371365,-4.6974373
ALL020209,1,0.008040170185267925,0,1.1411755,-3.5168087
ALL020215,1,0.7642903923988342,1,10.546575,0.10286346
ALL020216,1,0.9999986886978149,1,3.3063831,-6.045679
ALL020242,1,0.0003188002738170326,0,8.365955,-4.862497
ALL020252,1,0.9999982714653015,1,7.5861387,-6.2944098
ALL020257,1,0.8278272747993469,1,4.7990656,-5.258031
ALL020296,1,0.4179794192314148,0,1.909109,-2.3492162
ALL020299,1,2.283617050125031e-06,0,6.703358,-4.5267944
ALL020302,1,1.0,1,3.4418023,-5.897569
ALL020306,1,0.9291837215423584,1,2.8294466,-6.2372313
ALL020319,1,0.9751102328300476,1,2.2517414,-4.749832
ALL020331,1,0.9632967114448547,1,4.8004475,-6.283028
ALL020351,1,1.0,1,4.407527,-6.057302
ALL020397,1,0.7194751501083374,1,0.9537031,-3.661493
ALL020414,1,0.9999953508377075,1,7.4979444,-7.02242
ALL020443,1,8.124073247017805e-06,0,1.765447,-2.3488586
ALL020463,1,8.492522738379193e-07,0,8.051831,-4.681706
ALL020465,1,0.9997575283050537,1,7.607323,-3.4607384
ALL020483,1,6.038300170985167e-08,0,7.6769505,-4.3003945
ALL020488,1,0.041146449744701385,0,7.4544735,-3.6682484
ALL020495,1,0.9848922491073608,1,2.4706028,-4.9957843
ALL020510,1,0.9998119473457336,1,10.152839,-0.82819235
ALL020523,1,0.9999973177909851,1,3.7668166,-6.617443
ALL020535,1,1.0,1,2.7476885,-1.3985844
ALL020542,1,0.6852585673332214,1,4.268837,-6.1766458
ALL020559,1,0.0032795569859445095,0,3.673388,-3.3736882
ALL020561,1,0.8231550455093384,1,2.3329146,-4.6797996
ALL020567,1,0.056790318340063095,0,3.565622,-4.606074
ALL020597,1,0.7787901163101196,1,0.7602285,-3.756593
ALL020608,1,0.9999994039535522,1,4.0732603,-6.5054493
ALL020618,1,0.44703152775764465,0,7.073306,-3.850954
ALL020621,1,0.999703049659729,1,7.280719,-4.0112357
ALL020636,1,0.10709165781736374,0,7.633466,-3.8116784
ALL020642,1,0.9846410751342773,1,3.0393686,-6.085124
ALL020645,1,0.016176586970686913,0,6.661249,-4.5906615
ALL020657,1,1.0,1,3.428309,-5.7763653
ALL020699,1,0.9714704751968384,1,3.3843772,-1.6623042
ALL020704,1,0.9999985098838806,1,1.8800875,-1.7633034
ALL020711,1,0.002512209350243211,0,6.7978296,-3.6500041
ALL020727,1,0.07331234961748123,0,0.87766266,-3.906642
ALL020745,1,9.976804449252086e-07,0,6.2265887,-5.014173
ALL020754,1,0.9996886849403381,1,2.5779722,-4.6074696
ALL020772,1,3.961709080613218e-05,0,8.495348,-4.8658495
ALL020775,1,0.02646598219871521,0,6.895405,-5.2072453
ALL020781,1,0.00034266000147908926,0,7.435769,-3.943851
ALL020829,1,0.9969819784164429,1,3.3122654,-5.118611
ALL020848,1,0.8051197528839111,1,1.3626186,-2.3000615
ALL020874,1,0.991539478302002,1,10.678092,-0.030202921
ALL020905,1,0.9996657967567444,1,4.0648355,-6.3405313
ALL020936,1,0.0001575127535033971,0,7.665557,-5.347444
ALL020947,1,1.0,1,7.4274015,-6.307093
ALL020950,1,0.9999991655349731,1,4.7326527,-6.10175
ALL020973,1,0.6469454169273376,1,1.3072861,-3.3884325
ALL020974,1,0.9998769164085388,1,4.027199,-5.443501
ALL020987,1,0.01879524253308773,0,1.0392864,-2.440119
ALL021005,1,0.23816420137882233,0,3.6571252,-4.3962793
ALL021007,1,0.7338100671768188,1,0.7146057,-3.7288134
ALL021050,1,0.9909355640411377,1,3.279229,-4.3391304
ALL021093,1,0.48876333236694336,0,2.5666678,-2.1184983
ALL021097,1,0.9763274192810059,1,4.990923,-5.720156
ALL021113,1,0.9999998211860657,1,7.4042606,-6.3439474
ALL021134,1,0.002168097533285618,0,5.395237,-1.8996202
ALL021135,1,0.9999966621398926,1,3.1296766,-1.3571419
ALL021147,1,0.9999532699584961,1,2.5071137,-4.7170153
ALL021166,1,0.14638034999370575,0,3.0124433,-5.311831
ALL021186,1,2.0063478700649284e-07,0,7.919071,-4.1343412
ALL021198,1,0.03764180839061737,0,0.74629974,-1.7838691
ALL021228,1,0.21614550054073334,0,3.0577686,-5.2074943
ALL021264,1,4.4681521103484556e-05,0,7.494961,-3.5161147
ALL021266,1,0.004347280599176884,0,6.369063,-4.7106476
ALL021284,1,0.9950251579284668,1,3.3875785,-4.40949
ALL021290,1,0.9965031743049622,1,3.7503297,-6.6376567
ALL021297,1,0.3974829316139221,0,3.2378101,-3.3795981
ALL021306,1,0.0007160381064750254,0,8.11553,-4.435417
ALL021308,1,0.28569474816322327,0,8.091167,-2.9145825
ALL021334,1,0.9704376459121704,1,5.003215,-5.3871946
ALL021376,1,0.14239035546779633,0,6.216611,-4.8858
ALL021384,1,0.00018031042418442667,0,7.450464,-1.3480406
sp|Q91FT2|240R_IIV6,0,0.042611777782440186,0,5.7204456,-3.968074
sp|P0DSN0|3SX_NAJKA,0,0.43792062997817993,0,2.54502,-4.000092
sp|V5QPS4|3098B_MYCTU,0,1.4559164933387457e-16,0,9.969843,-1.4266382
sp|Q6GZQ6|069R_FRG3G,0,4.3064304122708563e-07,0,7.9752135,-4.528044
sp|Q8AY53|3SO91_BUNCA,0,6.273225153563544e-05,0,1.5944097,-2.5572906
sp|O55735|121R_IIV6,0,3.765618714623997e-07,0,7.268622,-3.7191243
sp|O55724|106L_IIV6,0,5.510514893103391e-05,0,4.4465938,-4.0653877
sp|Q92P51|ACPXL_RHIME,0,2.923858119174838e-06,0,10.958569,-1.235492
sp|B7M0V4|AAEX_ECO8A,0,4.81202855340257e-10,0,9.95771,-1.9902718
sp|Q80HU0|169_VACCW,0,1.6732099084038055e-06,0,6.763244,-3.7781146
sp|A7UNK4|AGBL_LYODE,0,0.9456037282943726,1,3.1246777,-4.0705795
sp|Q5GSH7|ATPL_WOLTR,0,1.995841358848338e-08,0,9.299432,-0.92490846
sp|P62954|BLCAP_BOVIN,0,3.851080912498084e-12,0,4.8443108,-1.313175
sp|P0DTP8|C1L_VAR67,0,0.00012742626131512225,0,6.4086347,-4.0911436
sp|Q27976|CALD1_BOVIN,0,0.0011839782819151878,0,4.199917,-4.0535817
sp|P15900|CAPSD_SPV1R,0,8.499793693772517e-06,0,8.4355135,-4.736132
sp|P80479|DHSD_PORPU,0,1.1633541352473742e-10,0,8.7016115,-0.94496435
sp|Q9DAJ5|DLRB2_MOUSE,0,1.030957819114775e-10,0,4.3555737,-1.7757958
sp|A1QZP7|EBFC_BORT9,0,8.116539440550241e-09,0,10.609531,-1.1630081
sp|A8A9U0|EF1B_IGNH4,0,1.679097749729408e-06,0,9.789767,-0.38968006
sp|P21005|B9_VACCC,0,6.62640636805989e-11,0,6.4744864,-4.003775
sp|Q3YL95|CDII_ECOLX,0,6.526320817101805e-08,0,9.97775,-2.0757995
sp|Q77MS5|CEP3_GAHVM,0,9.384454642713536e-06,0,6.515128,-3.2774425
sp|P60532|CH10_MYCAV,0,9.511878573675858e-08,0,10.892622,-0.983714
sp|Q68EK9|CDC26_DANRE,0,3.384258995563677e-16,0,5.1566415,-2.3588295
sp|P52461|CCU83_HHV6Z,0,2.3203008368000155e-06,0,7.2846284,-3.3369143
sp|Q2M2S5|COA6_BOVIN,0,0.00024182985362131149,0,4.828827,-1.6069589
sp|G2TRM8|COA2_SCHPO,0,4.730226627058798e-12,0,5.845091,-1.4823092
sp|Q863G6|COX8A_ATEBE,0,0.0724574625492096,0,5.08808,-1.0421324
sp|P41902|CRS5_YEAST,0,1.4155824290540409e-09,0,4.7556324,-3.2317686
sp|P29660|COX2_MEGAT,0,1.1809281552643824e-08,0,5.148493,-1.4148476
sp|A0A1P8NVS9|COW_CONEA,0,0.11503005027770996,0,1.0691748,-2.0827317
sp|P24716|COPR_STRAG,0,3.424282125213951e-12,0,11.038917,-0.778725
sp|Q2IV18|COWN_RHOP2,0,4.4899296954004075e-12,0,9.847736,-1.0791417
sp|P0C2X1|C_VSIVN,0,7.2713091867626645e-06,0,7.4261956,-4.6680303
sp|Q9FNE0|CX5C4_ARATH,0,1.7996068524261943e-10,0,5.374203,-1.1618061
sp|P83356|CU16B_LIMPO,0,0.998406708240509,1,3.7384875,-4.1068583
sp|P31330|CY553_DESNO,0,4.110483132535592e-05,0,9.752918,-1.432484
sp|D2Y3T1|CUGA_CONCL,0,0.0006011567311361432,0,1.085741,-2.263591
sp|Q9HC47|CTGE1_HUMAN,0,0.004952999763190746,0,8.518368,-4.908102
sp|P79729|DHH_DANRE,0,0.00019166288257110864,0,3.0373363,-5.7016993
sp|P56618|DIUH1_TENMO,0,0.9927831292152405,1,3.1834688,-5.156663
sp|P17590|E311_ADE05,0,2.4546809029857286e-10,0,4.7612095,-1.8823124
sp|Q96T75|DSCR8_HUMAN,0,2.415984912129687e-10,0,4.750109,-2.5455034
sp|Q3ZBI7|ATPMD_BOVIN,0,0.2610633373260498,0,4.981386,-1.263409
sp|Q84VA7|BRK1_ORYSJ,0,3.4414140827720985e-05,0,5.7946653,-2.113575
sp|P0CY88|CA120_CONBU,0,8.45097383717075e-06,0,1.1156114,-2.1469967
sp|Q9X9Z2|CHPE_STRCO,0,6.685910921078175e-05,0,9.684298,-1.5970826
sp|B0KZ78|CO2FA_CONBE,0,0.07992274314165115,0,1.0903821,-1.9379728
sp|D6C4I3|CO1C3_CONCL,0,0.00256932876072824,0,0.9721604,-1.9807909
sp|A0A2K4Z9G8|COMPA_BACSU,0,0.0005670746904797852,0,5.4700303,-5.617199
sp|Q9ZCP9|CSPA_RICPR,0,1.7728579715381443e-09,0,10.630832,-1.3190242
sp|P62505|DAD3_SCHPO,0,7.439504140019913e-16,0,5.8970876,-1.8491163
sp|Q9ZJZ9|CY553_HELPJ,0,1.2707528185273986e-07,0,9.871688,-1.312574
sp|P83359|CU7A_LIMPO,0,0.3182560205459595,0,3.6447234,-4.05587
sp|Q80ZN9|CX6B2_MOUSE,0,0.002724933438003063,0,5.0827174,-1.3886497
sp|C6Y4D0|DPB3_SCHPO,0,7.91104323976527e-13,0,5.840101,-1.9809337
sp|P14775|DHM2_METEA,0,1.9243538240763108e-14,0,9.449019,-1.9363192
sp|Q9P2X0|DPM3_HUMAN,0,4.0683442442877274e-17,0,4.6549835,-1.3433901
sp|P83451|ASPG_ASOTA,0,0.0015447171172127128,0,3.360873,-4.663596
sp|P21113|ATI3_VACCC,0,0.00017976581875700504,0,5.692037,-3.362768
sp|Q9MJC0|ATP8_ARBLI,0,2.2140102373668924e-06,0,7.324927,-1.2420634
sp|P07513|ATP8_OENBE,0,0.014855656772851944,0,7.1229258,-1.2664981
sp|A3N2U9|ATPL_ACTP2,0,1.9744449673453346e-05,0,9.332312,-1.0896276
sp|Q37315|ATP9_DICDI,0,1.164774403150659e-05,0,8.570515,-0.8415218
sp|Q75JK6|ATP5E_DICDI,0,7.119191286619753e-05,0,5.7359643,-1.0460829
sp|Q61908|CMC4_MOUSE,0,0.14024220407009125,0,4.8954067,-1.5741919
sp|Q28BU7|COXM2_XENTR,0,1.4244760038195636e-08,0,4.99055,-1.4819546
sp|P28270|DHE3_ELEEL,0,3.0621791324847436e-08,0,4.103302,-5.014696
sp|Q9XVV5|DPM3_CAEEL,0,1.2123766518339517e-19,0,5.9187593,-1.633754
sp|P25682|3NOJ6_DENJA,0,0.23424123227596283,0,2.4368994,-3.8129292
sp|P68717|A15_VACCA,0,0.19389405846595764,0,7.3140597,-3.7082193
sp|P83490|3NBB_COERA,0,5.779109528702975e-07,0,2.5250502,-3.8422534
sp|P41674|AC121_NPVAC,0,2.687630784592443e-09,0,6.116079,-4.278787
sp|P68596|A30_VACCW,0,2.902584284036891e-10,0,7.0384464,-4.4730167
sp|Q9J549|A19_FOWPN,0,0.008942333981394768,0,6.4252267,-3.380367
sp|P75378|ACPH_MYCPN,0,0.00017554790247231722,0,11.009954,-1.1613896
sp|P07608|A25_VACCW,0,0.002347100991755724,0,7.2546115,-4.0919456
sp|P20699|ACEA_HELAN,0,9.022195399666089e-07,0,4.2578273,-4.9878473
sp|P00818|ACYP2_HORSE,0,3.548248059814796e-06,0,4.2685075,-1.7022313
sp|P40634|ADW2_ALLMI,0,2.2602165472562774e-08,0,4.064979,-2.7047482
sp|A5GM25|ACYP_SYNPW,0,5.699291705241194e-06,0,9.857524,-0.7434463
sp|A9UGV7|APEP3_ORYSJ,0,0.027571426704525948,0,2.4179606,-2.9564812
sp|P64756|ARFB_MYCBO,0,8.438178156211507e-08,0,9.50387,-1.0786824
sp|Q00361|ATP5I_BOVIN,0,0.00039002991979941726,0,4.9937043,-1.1466459
sp|C0HJG8|BSP_BOSSE,0,4.1541625250829384e-08,0,3.9101653,-5.0990396
sp|P0A1Z6|BFD_SALTY,0,0.9193182587623596,1,10.495123,-1.9875523
sp|P81669|BGAL_PINPS,0,2.5959712957046577e-07,0,4.015455,-5.1448455
sp|P21044|C13_VACCC,0,0.00030667686951346695,0,0.9928754,-3.349649
sp|Q9I3N4|CCMD_PSEAE,0,6.374616546428458e-13,0,9.8015375,-1.8925488
sp|P20211|C80_SSV1,0,3.6769463029884264e-09,0,7.2780185,-4.158476
sp|P11337|C_SPV4,0,2.9094529452322604e-08,0,8.359315,-5.051672
sp|Q65YR8|CYTA1_DICDI,0,0.006411692127585411,0,5.8869324,-2.0411916
sp|P20958|CYSD_CHLTI,0,1.943843486174046e-08,0,9.508013,-1.2620295
sp|P43023|CX6A2_MOUSE,0,8.802042117395104e-08,0,5.14912,-1.0770367
sp|Q910M3|E3CR1_ADE02,0,4.879838797933189e-06,0,4.9321513,-1.7510135
sp|P15133|E3RDA_ADE02,0,5.418553996605624e-07,0,8.417029,-4.696566
sp|Q06690|AC76_NPVAC,0,7.372510708592017e-07,0,7.8212647,-4.590413
sp|Q6GZU3|033R_FRG3G,0,0.24647365510463715,0,7.8438683,-5.148855
sp|P54249|ACHA_ERICO,0,0.00011573506344575435,0,3.661762,-2.357146
sp|Q6GZM7|098R_FRG3G,0,0.0124712735414505,0,6.521668,-3.8187406
sp|Q91FS3|249R_IIV6,0,2.0205396467076753e-08,0,0.945792,-3.8805404
sp|Q197C0|040R_IIV3,0,1.0707129831644124e-06,0,5.97165,-3.6647873
sp|Q91FF6|368R_IIV6,0,0.21473142504692078,0,7.8114185,-3.9537792
sp|O55728|113L_IIV6,0,1.9787403005011583e-07,0,6.0315704,-4.329605
sp|Q6ASQ0|ACYP_BORBP,0,3.996109683157556e-07,0,10.047289,-0.64125055
sp|P33997|ALPA_ECOLI,0,1.1431999347166766e-08,0,10.525696,-1.976251
sp|Q06JG4|16D10_MELHA,0,0.0007321128505282104,0,2.2426832,-3.1458218
sp|Q92BX4|ACYP_LISIN,0,1.4802946679992601e-05,0,10.501602,-0.3390725
sp|Q9LJD9|AGP12_ARATH,0,0.011409061029553413,0,2.3271048,-3.0273092
sp|P0AAX0|ACRZ_ECOL6,0,7.887568931330691e-10,0,10.3500395,-2.1269338
sp|Q865F8|AHSP_BOVIN,0,4.323020220908802e-06,0,4.21531,-1.9773115
sp|Q0TIL5|ARIR_ECOL5,0,0.013972850516438484,0,10.529878,-2.0477688
sp|P0DPH3|APOC1_NEOVI,0,0.0015837270766496658,0,3.033606,-1.8146793
sp|P37200|ARRE_RAT,0,1.9797367713181302e-05,0,4.709974,-2.716774
sp|Q3IZ13|ATPL_RHOS4,0,1.817060113484814e-10,0,9.3514385,-1.055444
sp|Q5LD85|ATPL_BACFN,0,2.1828365959208895e-07,0,9.100287,-0.8422157
sp|P25965|ATP6_BACAO,0,7.440671412339839e-10,0,9.194125,-1.438518
sp|Q9HPU6|BRZ_HALSA,0,1.0189154636464082e-05,0,10.020176,-1.2640386
sp|P65639|BDM_ECOL6,0,1.166735544982922e-12,0,10.507229,-2.0053165
sp|P45035|CCMD_HAEIN,0,1.719009998365703e-13,0,9.637597,-1.9325099
sp|Q96627|CAP6_ADEB2,0,0.5642133951187134,1,5.0418377,-5.3298607
sp|A7X3M3|3NX1_PSAMO,0,8.461230294187772e-08,0,1.3251125,-2.6377487
sp|Q8XSU8|ACP2_RALSO,0,1.5790423901762551e-07,0,10.935693,-1.2667853
sp|Q196U3|117L_IIV3,0,3.7287279610609403e-06,0,6.20978,-3.862263
sp|Q8FP19|ACYP_COREF,0,7.854116468308803e-09,0,9.998634,-0.6515711
sp|Q39BD4|ACYP_BURL3,0,9.297713710054722e-10,0,10.269272,-1.1847966
sp|Q44141|ANRX_NOSS1,0,4.582861645729963e-09,0,10.292378,-1.3722681
sp|P26217|ARBH_DICCH,0,8.189016398318927e-08,0,10.0132,-1.984982
sp|P0DTS5|APOC3_PHOVI,0,7.748724783596117e-06,0,3.0757673,-1.6777059
sp|P36577|ARRD_RAT,0,0.001749409013427794,0,4.8626547,-2.9762266
sp|O21003|ATP8_BRALA,0,4.5360027911556244e-07,0,7.3041887,-1.2529655
sp|Q31DL5|ATPL_HYDCU,0,1.3836987591275829e-06,0,9.214283,-0.8997653
sp|Q8JFY1|BM8C_BOMMX,0,0.7488985657691956,1,0.8504373,-2.609731
sp|O87942|BSSC_THAAR,0,3.924856439851965e-09,0,9.480608,-1.7885958
sp|P55924|BCD_DROSU,0,0.0008076890371739864,0,4.844926,-2.9808626
sp|P0ABM7|CCMD_ECO57,0,1.105863289829756e-09,0,10.2045965,-2.0021448
sp|Q96S95|CK2N2_HUMAN,0,5.185669059958042e-13,0,4.8146863,-2.2215729
sp|P63254|CRIP1_MOUSE,0,1.1215184713364579e-05,0,4.3239117,-1.934261
sp|O19098|BCAT2_PIG,0,0.25994861125946045,0,3.8633463,-6.4413457
sp|Q13166|CATR1_HUMAN,0,4.4461987869226505e-08,0,4.6913714,-2.5494235
sp|Q9NYJ1|COA4_HUMAN,0,1.3413090950431528e-11,0,5.0292053,-1.4644252
sp|G7JV15|CLE13_MEDTR,0,1.617198464032299e-08,0,2.4208536,-2.9061937
sp|Q8N6V4|CJ053_HUMAN,0,8.226920663809145e-13,0,4.528954,-1.8321398
sp|Q45536|COTJA_BACSU,0,2.2397610166535742e-07,0,8.921107,-2.1786737
sp|O32049|COMN_BACSU,0,3.1247851528526382e-12,0,10.8303995,-0.9685816
sp|P62536|COPB3_ECOLX,0,6.427174525924784e-08,0,10.316079,-2.1604035
sp|P25921|COP6_STAAU,0,1.930666071459086e-09,0,7.0672398,-4.9820595
sp|Q91518|CRYAB_TRASE,0,0.03369217365980148,0,4.257056,-4.643789
sp|P0C2X5|C_VSNJM,0,0.0012180989142507315,0,6.8503156,-4.6300983
sp|P83357|CU10_LIMPO,0,0.9842385649681091,1,4.0409336,-4.2981777
sp|P41397|DAPD_KLEOX,0,2.028925827346484e-08,0,10.251998,-2.1706727
sp|Q92J57|DBH_RICCN,0,9.109773352333761e-11,0,10.427153,-1.4223356
sp|Q9P1J3|DHAS1_HUMAN,0,0.0001010346386465244,0,4.6329746,-2.6715245
sp|A1IKL3|ANIS6_ANISI,0,4.9799264161265455e-06,0,1.7767881,-2.9465775
sp|P29963|CCMD_RHOCB,0,2.748163880773977e-15,0,8.959797,-1.6198233
sp|Q77NP3|CEP3_VZVO,0,7.251426681342821e-10,0,6.3454056,-3.2183242
sp|P04039|COX8_YEAST,0,0.3291108310222626,0,5.1683826,-1.0064669
sp|G2TRP5|COX7_SCHPO,0,5.533122384804301e-05,0,5.521163,-1.1872902
sp|P20610|COXS_DICDI,0,6.28886537030332e-13,0,5.5798173,-1.0911883
sp|Q3V4B5|COMD6_MOUSE,0,1.0183086942561204e-06,0,4.4004884,-1.8969266
sp|P00430|COX7C_BOVIN,0,0.0007803392945788801,0,5.1383305,-1.0520049
sp|P00087|CYC21_PHAMO,0,0.00022068442194722593,0,9.3726015,-1.49631
sp|P14406|CX7A2_HUMAN,0,0.000134697969770059,0,5.0308914,-1.0210406
sp|P29669|CYB_POLSX,0,9.123782547248993e-07,0,7.459,-1.1837524
sp|P00863|DCHS_MICSP,0,0.05989481508731842,0,5.074482,-5.5548167
sp|Q5E7H1|DNABP_ALIF1,0,1.6085031084855927e-09,0,6.279088,-1.6600536
sp|A0R0B3|ACPM_MYCS2,0,0.00016670161858201027,0,10.894121,-1.0820757
sp|Q91FR7|255L_IIV6,0,0.0013303892919793725,0,6.104642,-4.414404
sp|P0C6K8|A92_SSV1,0,2.0536404008453246e-06,0,8.379252,-4.7841196
sp|Q5R4W2|AF1Q_PONAB,0,1.6537071712008355e-09,0,4.3958645,-1.919172
sp|Q2NKV2|APC13_BOVIN,0,1.2860225037658601e-12,0,5.106848,-2.1982272
sp|Q38PR8|ATP8_MAMPR,0,3.839512646663934e-05,0,7.3081446,-1.2551154
sp|P77330|BORD_ECOLI,0,0.0005415927735157311,0,10.38208,-2.1601346
sp|Q9I701|BAUB_PSEAE,0,7.057654904940591e-09,0,10.385733,-1.7211517
sp|P81494|CATB_COTJA,0,0.0727836862206459,0,3.6091762,-4.5258512
sp|P45407|CCMC_RHILV,0,2.903501050699475e-10,0,8.92926,-1.5687622
sp|P69541|CAPSD_BPM13,0,2.47668691111258e-11,0,8.4589815,-4.945374
sp|A1X8C2|CA18_CONLE,0,9.468159259995446e-05,0,1.0562878,-2.0745358
sp|P0CE75|CA4A_CONSE,0,3.6490232560026925e-06,0,1.1154656,-2.0207984
sp|Q96KT6|CH014_HUMAN,0,6.43354081120151e-09,0,4.69392,-2.636389
sp|P0CK51|CEP3_EBVB9,0,0.021209094673395157,0,6.3026986,-3.3332186
sp|P41707|AC150_NPVAC,0,0.9969215393066406,1,0.9975363,-3.5995786
sp|P0DSQ3|A14_VAR67,0,1.618475631293137e-10,0,8.501902,-4.883531
sp|Q6GZW2|013R_FRG3G,0,0.30766183137893677,0,6.2356806,-3.9554548
sp|O55746|140L_IIV6,0,0.002398530952632427,0,8.113144,-5.0751734
sp|Q85FZ0|ACP_CYAM1,0,0.000602058949880302,0,10.932839,-1.1404444
sp|P97267|5HT2B_CAVPO,0,4.805479534297774e-07,0,3.7118602,-2.2707133
sp|Q8EEW0|ACYP_SHEON,0,2.3264284942925428e-10,0,10.318343,-1.5750722
sp|Q8LD43|AGP40_ARATH,0,0.01794241927564144,0,2.3592594,-2.9971642
sp|P80110|ANTR_TRASC,0,0.00033664042712189257,0,3.1604674,-5.0656633
sp|G3UWD5|AKAI1_MOUSE,0,2.257736220201423e-08,0,4.6311526,-1.8113686
sp|Q96IT6|ARAS1_HUMAN,0,1.0145637663327989e-09,0,4.7545505,-2.7864006
sp|Q9QAZ7|B_SJNNV,0,0.029373325407505035,0,6.97884,-3.9632678
sp|P0ADJ6|BCSF_ECOL6,0,2.3568995644041024e-08,0,10.044929,-2.0468683
sp|P84723|CLPP_PINST,0,5.451825927593745e-06,0,3.7946422,-5.1505733
sp|Q89485|A35_VAR67,0,0.0006381213897839189,0,5.928529,-4.2229056
sp|P20737|A2M_HOMAM,0,0.6955710053443909,1,2.7394817,-4.9678426
sp|Q29005|5HT2B_PIG,0,0.0036816601641476154,0,3.6830883,-2.2206013
sp|Q6GZP9|076R_FRG3G,0,0.5262727737426758,1,6.4870033,-3.7678952
sp|Q91FT6|236L_IIV6,0,1.1777219697250985e-06,0,6.2235165,-4.1913433
sp|P83610|ALP_FUSCU,0,0.0017723520286381245,0,3.7443027,-4.900881
sp|P86979|ALDOA_THUAL,0,0.042777467519044876,0,4.2846575,-5.6819596
sp|D3Z9R8|ATP68_RAT,0,0.030143827199935913,0,4.9339075,-1.2092426
sp|Q9XCD6|BTB7_MYCS2,0,5.099430877564259e-10,0,10.162228,-1.207843
sp|P05526|C2_STENO,0,2.916814345610419e-09,0,5.5970497,-1.6819276
sp|P72759|CCML_SYNY3,0,0.0021949803922325373,0,9.726392,-0.7827807
sp|Q9PX43|B3_HHV6Z,0,0.07955076545476913,0,5.739251,-4.2128716
sp|C0HK04|3SX1_MICCK,0,0.0004072586016263813,0,2.4001381,-3.7460918
sp|Q39315|ACBP_BRANA,0,0.0013036656891927123,0,5.3694534,-2.1887357
sp|P12820|ACE_BOVIN,0,0.493685245513916,0,3.1737273,-2.3688424
sp|Q971T8|ALBA1_SULTO,0,0.0017908641602844,0,10.662146,-1.1420702
sp|Q6TM71|ACR31_BPD31,0,5.298039695844636e-07,0,6.561372,-4.9074597
sp|Q54340|AMPG_STRLI,0,0.7354477047920227,1,9.681466,-2.1598501
sp|Q27001|AH4_TOXGO,0,0.016144411638379097,0,2.9903107,-3.730839
sp|Q8TGM5|ART3_YEAST,0,1.201076044177185e-10,0,5.7586746,-3.598041
sp|Q08656|ATP8_NEUCR,0,4.698479116882481e-08,0,7.232808,-1.2084036
sp|P0C733|BNL2B_EBVG,0,4.937438236041203e-10,0,6.8045864,-3.4441981
sp|Q8BGS2|BOLA2_MOUSE,0,1.7883682801311807e-07,0,4.4230585,-1.9429723
sp|Q58490|CBIN_METJA,0,7.595751583266974e-08,0,9.422258,-0.89302534
sp|Q967W0|CAB2_ECHGR,0,7.767562783556059e-05,0,5.443325,-1.7432725
sp|O74896|CENPX_SCHPO,0,4.277869426966632e-14,0,5.829199,-1.9250789
sp|Q91G85|009R_IIV6,0,0.8878800868988037,1,1.3660738,-3.1779976
sp|Q7PC63|ACPK_BACSU,0,8.62107117427513e-05,0,10.867434,-0.9966478
sp|P43677|ACPX_STRRM,0,1.942934702015009e-08,0,10.934169,-1.2323265
sp|Q8UYT3|2B_TAV,0,1.4029359896028382e-09,0,6.8301277,-3.3276124
sp|O55755|156R_IIV6,0,8.576133581073009e-08,0,5.2033925,-3.5192523
sp|Q30C86|ADIG_PIG,0,1.3566555026045535e-06,0,4.64236,-1.5808448
sp|Q9RK61|ACP_STRCO,0,3.898159775417298e-06,0,11.003152,-1.1797143
sp|L0R819|ASURF_HUMAN,0,6.673347030528021e-08,0,4.7746644,-2.0438306
sp|Q02593|BAP12_SCHCO,0,0.0003165793605148792,0,4.4627924,-4.6723046
sp|P56540|CBBQ_ALLVI,0,3.312376067876599e-11,0,9.691939,-2.0068831
sp|Q63064|CD52_RAT,0,4.359558806754649e-05,0,3.3067353,-2.1224217
sp|Q05809|COA4_YEAST,0,1.957411566166911e-09,0,5.625601,-1.6076916
sp|P0CK28|A145_VACCC,0,2.1986766114423517e-06,0,7.36977,-5.3700786
sp|Q9J553|A15_FOWPN,0,0.1619190126657486,0,7.527281,-3.4998097
sp|P41663|AC110_NPVAC,0,0.00011481031833682209,0,6.0252395,-5.1596656
sp|Q89186|A40_VAR67,0,0.0010613511549308896,0,6.14393,-4.5657177
sp|O60516|4EBP3_HUMAN,0,1.7404499885742553e-06,0,4.690138,-2.2855854
sp|P01408|3SIY3_DENAN,0,0.0022521980572491884,0,2.4066775,-3.7704115
sp|Q6GZN3|092R_FRG3G,0,4.081758379470557e-05,0,6.790462,-3.6986735
sp|P18924|AC_BPT4,0,1.2009449164906982e-05,0,7.2545094,-5.382999
sp|F7VJQ2|APRIO_BOVIN,0,0.019276760518550873,0,4.6093683,-2.7536507
sp|Q5R6T5|ATPK_PONAB,0,3.390856727492064e-05,0,5.2318807,-1.0398824
sp|A7ZC73|ATPL_CAMC1,0,2.334470394771415e-10,0,9.157035,-0.8361798
sp|O03168|ATP8_LATCH,0,7.02530232956633e-05,0,7.304083,-1.2384503
sp|P22499|BOF_BPP1,0,0.38557296991348267,0,7.256404,-3.9666677
sp|P18557|1105L_ASFB7,0,0.02329738810658455,0,1.1138319,-3.0220027
sp|P33794|3BHST_VAR67,0,2.6797217287821695e-05,0,6.3231735,-4.327556
sp|Q196U2|118R_IIV3,0,0.0009861999424174428,0,7.3780327,-4.6668544
sp|P20199|A79_SSV1,0,1.3383670420807903e-06,0,6.725136,-3.89765
sp|P45959|ALDH2_GEOSE,0,2.3133893591875676e-06,0,11.010718,-0.78804874
sp|E2A6Z3|ALLSC_CAMFO,0,1.3138517829247576e-08,0,1.6853658,-2.1241038
sp|P21933|ATPB_STRDO,0,6.749913128434315e-12,0,8.148334,-3.2186334
sp|Q00276|ATP8_APILI,0,9.471236262470484e-05,0,7.3262324,-1.2167642
sp|P92663|ATP8_MACRO,0,5.483491258928552e-05,0,7.341195,-1.1892934
sp|Q9WXB7|BCHL_ACIRU,0,1.691863316111153e-10,0,9.543857,-1.5135161
sp|P54621|BUK_GEOSE,0,9.217286788043566e-06,0,5.797094,-5.187134
sp|P25430|BDNF_RAJCL,0,0.4163142442703247,0,3.0738,-4.9712987
sp|P22074|CALT_CAVPO,0,0.03671155869960785,0,2.9654984,-4.3532968
sp|Q6ZFW0|C4_ORYSJ,0,0.030336983501911163,0,2.5129418,-3.0730078
sp|Q2V2P8|CENPW_YEAST,0,6.025024958944414e-07,0,5.8832235,-1.880876
sp|P35987|CAPSP_ADECU,0,1.0,1,4.1922746,-6.3973374
sp|Q5JQF7|CF100_HUMAN,0,3.7967758714785305e-08,0,4.723314,-2.814617
sp|Q5R4B0|CD003_PONAB,0,4.911164097620713e-08,0,4.841368,-1.4451432
sp|P56621|CNRY_CUPMC,0,5.454749499311795e-12,0,10.0617285,-1.6484973
sp|Q6GZT0|046L_FRG3G,0,0.001968920696526766,0,6.256598,-3.1887977
sp|P11681|ABL_CALVI,0,9.628636776781718e-10,0,3.7681184,-2.8903573
sp|Q4L2X3|ASP4_STRGN,0,9.866919572232291e-05,0,10.559916,-0.1215212
sp|Q09097|AVEF_AVESA,0,0.0034548300318419933,0,3.4663146,-5.3303514
sp|P33719|BXA2_SAMCY,0,0.004646592307835817,0,1.1183975,-2.496059
sp|Q64H35|CCL26_CANLF,0,0.03537388890981674,0,3.2482343,-1.6027349
sp|Q9Y6Z2|CF123_HUMAN,0,1.4422936178704049e-09,0,4.7429795,-2.8604698
sp|Q8NMQ1|CLPS_CORGL,0,5.88086231800844e-06,0,10.079508,-0.4165982
sp|C5B714|CITD_EDWI9,0,4.765182897521671e-16,0,10.859881,-1.5649
sp|Q91FU5|227L_IIV6,0,0.004457568284124136,0,7.183052,-1.3460519
sp|P33079|A10A5_SOYBN,0,0.013975415378808975,0,5.4169407,-2.0686996
sp|Q6GZW9|006R_FRG3G,0,0.10503649711608887,0,7.20169,-3.8023698
sp|O55747|141R_IIV6,0,0.0002222564653493464,0,8.385494,-4.3541937
sp|Q91G56|042R_IIV6,0,0.8712832927703857,1,7.589644,-4.6234903
sp|Q057L2|ACP_BUCCC,0,9.100510214921087e-05,0,10.93326,-1.2343396
sp|Q93HD3|ACPX_STRAW,0,1.2660635206884763e-08,0,11.056502,-1.1960015
sp|Q47037|AFAF_ECOLX,0,9.279077885834125e-14,0,10.333215,-2.0610466
sp|Q8S924|AT12A_ARATH,0,1.191031242342433e-05,0,5.503635,-2.0888937
sp|P38636|ATX1_YEAST,0,3.9786286265552917e-07,0,5.5750027,-1.8526185
sp|O46098|BCN92_DROME,0,7.31941156573157e-08,0,5.5947657,-1.6424364
sp|O87944|BSSB_THAAR,0,8.987766043563883e-13,0,9.783564,-1.9350065
sp|P51772|BPX_BPP2,0,2.4788855412793964e-09,0,9.396039,-2.2340584
sp|P0AE63|CHAB_ECOLI,0,5.833896733753452e-12,0,10.446989,-2.1512885
sp|P94496|CSE60_BACSU,0,0.0028064362704753876,0,10.766186,-0.19054742
sp|P54379|CSGA_BACSU,0,1.3653225323650986e-05,0,8.984957,-1.9544233
sp|P37953|CSBA_BACSU,0,3.7351517676142976e-05,0,9.489403,-1.5660143
sp|P14534|3SOI2_BUNFA,0,0.2622002065181732,0,2.4588435,-3.8287165
sp|Q6GZU6|030R_FRG3G,0,0.0007244266453199089,0,5.9718356,-4.9478507
sp|P20200|A82_SSV1,0,1.134035365613073e-10,0,8.278649,-4.5988646
sp|P81449|ATPJ_YEAST,0,1.6858479130917037e-13,0,5.8328137,-1.1352592
sp|P05115|BCCP_SOLLC,0,1.2867000805272255e-05,0,10.381658,-1.1474231
sp|P08986|BIMM_BPT4,0,6.573576456503361e-07,0,8.345238,-5.0145187
sp|Q43932|CATC_ACIAD,0,4.983121826285242e-08,0,10.276773,-1.7379895
sp|Q8I021|CCL17_FELCA,0,0.0035800219047814608,0,3.1665044,-1.5428604
sp|P63770|CH10_STRP1,0,6.05767240813293e-07,0,11.074876,-0.5591492
sp|P45509|CFA_CITFR,0,2.0534485570267158e-11,0,10.906155,-1.4364282
sp|Q9H2U6|CO005_HUMAN,0,2.453442171646003e-10,0,4.536907,-2.5052452
sp|D6C4I7|CLE1A_CONCL,0,0.00023998218239285052,0,1.0972925,-1.9909401
sp|Q7S5M7|COX9_NEUCR,0,1.2194333542069058e-13,0,5.228262,-1.09182
sp|O55745|139L_IIV6,0,0.009708564728498459,0,0.79809624,-3.8150196
sp|Q8S2W4|AGP23_ARATH,0,0.10002488642930984,0,2.3060064,-2.9555805
sp|Q48433|ARAA_KLEPN,0,6.095165645092493e-06,0,4.2848096,-5.275039
sp|P33258|ATPL_MYCGA,0,3.124241698682084e-10,0,9.050691,-0.8562
sp|P0C092|CSEN4_MOUSE,0,1.400267679585454e-09,0,4.568526,-2.5688772
sp|P08685|CP69_BP186,0,0.7622947692871094,1,6.6408687,-4.0206337
sp|Q91FU6|226R_IIV6,0,2.6638440431270283e-06,0,7.156574,-3.9451299
sp|Q6GZT2|086L_FRG3G,0,0.5727173089981079,1,5.941216,-3.9111862
sp|P86830|AAE_RAUVE,0,1.7195416148751974e-06,0,3.9643707,-5.027972
sp|Q8KAC8|ATPE_CHLTE,0,8.986791613097012e-07,0,9.810904,-0.73984736
sp|Q9J554|A14_FOWPN,0,1.2957943340552447e-07,0,8.467136,-4.8095303
sp|Q5R6X9|ARP21_PONAB,0,3.348834057281813e-11,0,4.563827,-2.247654
sp|Q9P2X8|CI027_HUMAN,0,0.010539539158344269,0,4.7105374,-2.618879
sp|Q8BTE5|CEBOS_MOUSE,0,1.482582145949074e-20,0,4.8705163,-1.1751474
sp|P07231|CKG_CONGE,0,6.800055416533723e-05,0,1.1556379,-1.801959
sp|Q863F9|COX8B_TARSY,0,0.003077116562053561,0,5.0363283,-1.0586684
sp|P0A984|CSPH_ECO57,0,7.956587069202214e-06,0,10.668188,-1.8099852
sp|P09928|CSMA_CHLAA,0,2.2035878677328924e-10,0,9.564045,-1.139804
sp|P77921|COX4_PARDE,0,4.939981224083567e-08,0,9.242144,-1.7619203
sp|O61694|COX5A_MANSE,0,0.04391174390912056,0,5.4037533,-1.1256138
sp|Q96FQ7|CR018_HUMAN,0,1.5784859195151464e-15,0,4.608465,-2.5671003
sp|A8WUV8|CPG9_CAEBR,0,0.11868170648813248,0,1.4898762,-2.2156115
sp|P70964|CSBD_BACSU,0,1.3237249163466913e-07,0,10.587161,-0.024869958
sp|Q8T0W3|CVP3_PIMHY,0,0.0005468499730341136,0,0.67450416,-3.136414
sp|Q197E7|013L_IIV3,0,1.1844234037994283e-08,0,8.309078,-4.5105567
sp|Q65133|3605L_ASFB7,0,3.917692538379924e-06,0,6.0603886,-4.364498
sp|Q196V7|103L_IIV3,0,0.08985811471939087,0,5.8164873,-4.1636853
sp|P20987|A9_VACCC,0,7.153148212646343e-11,0,8.489329,-4.839915
sp|Q9M373|AGP20_ARATH,0,0.0026124808937311172,0,2.3556774,-3.0141668
sp|Q7Z4Y8|AT5L2_HUMAN,0,0.1315762996673584,0,5.7368336,-0.991611
sp|P0C737|BNL2A_EBVA8,0,0.5063746571540833,1,4.914676,-1.3634522
sp|Q9USV6|CBP4_SCHPO,0,5.397052582623019e-09,0,5.774381,-1.4169248
sp|G2TRU5|COXM2_SCHPO,0,4.033873679532007e-09,0,5.616945,-1.5660595
sp|Q69YU5|CL073_HUMAN,0,7.862120954271745e-10,0,4.839667,-1.1651812
sp|P68352|CSN1_BRAOL,0,4.283671296434477e-05,0,3.8697205,-4.606634
sp|P26310|COX6_DICDI,0,2.1604546418529935e-06,0,5.2673235,-1.075256
sp|P9WP32|CYSO_MYCTO,0,6.349904424496344e-07,0,9.946044,-1.1115879
sp|P80676|CU02_BLACR,0,0.022181129083037376,0,3.5212324,-4.6947317
sp|P15201|C_RABVA,0,0.04872759431600571,0,6.383681,-4.104185
sp|A6NGU7|CX028_HUMAN,0,2.274819280501106e-06,0,4.7388234,-2.698653
sp|Q5VT33|CX031_HUMAN,0,3.7339215053222574e-11,0,4.9477873,-2.6750278
sp|P42832|CTC_BACCL,0,0.03755756467580795,0,6.2399197,-4.1049423
sp|Q91FL6|308L_IIV6,0,0.7992245554924011,1,0.9954726,-3.7420995
sp|P85906|AAT1_PSEMZ,0,0.000769500678870827,0,4.1929493,-5.0232806
sp|Q6GZT4|042L_FRG3G,0,4.194730066769958e-12,0,6.313047,-3.1771526
sp|Q89183|A375_VAR67,0,1.0136032869922929e-05,0,5.5156817,-3.1940556
sp|P0DOE2|AIMP_BPPHT,0,0.2044106125831604,0,5.3275824,-5.4006963
sp|O18851|AOFA_SHEEP,0,1.4298669839263312e-06,0,3.6346445,-4.6046147
sp|P32267|ASIA_BPT4,0,0.006160631310194731,0,7.991253,-3.987023
sp|P45828|ATPL_MYCLE,0,0.001398047199472785,0,9.314277,-0.9419499
sp|B8QG00|CAHAD_HOFGE,0,0.08393747359514236,0,0.74787325,-2.2375393
sp|P0C8U7|CA1S2_CONPL,0,1.6041065464378335e-05,0,1.0857446,-2.1323798
sp|Q3E829|CENPX_YEAST,0,7.515331257377057e-18,0,5.881962,-1.8450862
sp|P37852|CHLB_POLCU,0,5.0829487008741125e-05,0,8.0814905,-1.172173
sp|A1XQT2|COX6C_PIG,0,1.8355225672728182e-10,0,5.125145,-1.0278724
sp|P10713|CON10_NEUCR,0,3.051190891742092e-14,0,5.8123193,-2.4470885
sp|Q2I2P1|CON1_CONLT,0,2.4486848815286066e-07,0,1.2764845,-1.864501
sp|Q12248|DAD1_YEAST,0,6.077711112162376e-10,0,5.7407947,-1.9594911
sp|Q8TCZ7|CU074_HUMAN,0,1.8707429205733206e-07,0,4.7225966,-2.9149709
sp|P60606|CTXN1_HUMAN,0,1.5060474568839854e-12,0,4.606106,-1.556297
sp|P56561|CUD5_LOCMI,0,0.008323517628014088,0,3.4963098,-4.1932344
sp|P77527|DAFA_THET8,0,8.042438937039265e-10,0,9.898282,-1.3635018
sp|P20990|A13_VACCC,0,2.8128438316343818e-06,0,5.231845,-4.740425
sp|C6JUP1|3SX1_MICCO,0,1.1999183868738328e-07,0,1.4993422,-2.7340162
sp|O55714|083L_IIV6,0,0.00021646299865096807,0,6.2715797,-5.319508
sp|Q9MFP7|ATP8_COLHO,0,8.97135105333291e-05,0,7.384166,-1.1950756
sp|Q9N052|CI118_MACFA,0,0.023717248812317848,0,6.6635637,-3.7512612
sp|Q84MD2|CIF1_ARATH,0,4.256320851325768e-10,0,2.4387488,-2.8887656
sp|Q31QE7|CLPS_SYNE7,0,0.0009925393387675285,0,10.020216,-0.6520512
sp|Q8CF31|CK094_MOUSE,0,3.4590374526313055e-19,0,4.5081697,-2.2788448
sp|A6H666|COX8C_MOUSE,0,0.032214850187301636,0,5.0112696,-1.0763979
sp|P14269|COR10_ADE02,0,0.0007484208326786757,0,8.128506,-4.488833
sp|Q9GU57|CP91_CONGL,0,0.07429161667823792,0,1.1493775,-1.8048276
sp|V5V9Y7|CQ62_CONCB,0,0.020121945068240166,0,1.0194769,-1.8999547
sp|A0A1B0GTU2|CTXD1_HUMAN,0,2.2147929645952277e-17,0,4.744675,-1.5050467
sp|P82169|CU051_LOCMI,0,0.7060731053352356,1,4.036765,-4.247241
sp|P12264|41_CHICK,0,0.00034737642272375524,0,3.8141263,-2.193525
sp|Q6GZP4|081R_FRG3G,0,0.0002075301599688828,0,7.158076,-3.6899295
sp|Q91FQ1|272L_IIV6,0,5.447999865282327e-05,0,6.6055684,-4.04026
sp|Q6GZQ7|068R_FRG3G,0,2.3732516396535175e-08,0,5.766813,-3.3028495
sp|Q91FC5|400R_IIV6,0,0.0021445765160024166,0,5.198389,-5.2928634
sp|Q1A3Q5|CT58_CONLT,0,0.007857829332351685,0,1.0007102,-1.9832258
sp|B3FIA6|CVF1_CONPO,0,4.3126863602083176e-05,0,0.97268593,-2.0395977
sp|P23168|36020_ASFB7,0,0.0037340219132602215,0,5.6182632,-5.5949535
sp|Q6GZR4|061L_FRG3G,0,3.842341413928807e-07,0,5.772102,-4.043456
sp|A9BFX8|ATPL_PETMO,0,1.4683890214861606e-10,0,9.12149,-0.8423053
sp|O94377|ATPK_SCHPO,0,5.070318707112165e-07,0,5.7698293,-1.052886
sp|O66564|ATPL_AQUAE,0,6.407993247137256e-09,0,9.247866,-0.81942016
sp|P0C6P0|BCL8_HUMAN,0,0.0017578622791916132,0,5.110469,-2.1470501
sp|P91896|BXF1_BOMMO,0,1.8177208403358236e-05,0,1.2578753,-2.524244
sp|Q13072|BAGE1_HUMAN,0,1.6503820532420832e-08,0,3.4104855,-4.7664876
sp|P43479|CGKB_PSEVC,0,5.022352667083396e-08,0,6.9194903,-5.3799014
sp|D2Y173|CT11A_CONCL,0,0.00016051765123847872,0,1.099431,-2.117043
sp|P58924|CS8A_CONGE,0,0.011323287151753902,0,1.0763174,-1.8397242
sp|O10367|CXOL1_NPVOP,0,0.00035626691533252597,0,0.877473,-3.5335622
sp|P81894|CYC7_GEOMG,0,0.00010713985830079764,0,9.775911,-1.3268124
sp|Q6GZN9|044R_FRG3G,0,0.008281522430479527,0,6.142945,-4.0468836
sp|P20194|A100_SSV1,0,0.000752255495171994,0,7.675863,-3.7329628
sp|O55074|AKA7A_MOUSE,0,1.0265903256367892e-06,0,4.4754653,-2.1257677
sp|Q9UT86|APC11_SCHPO,0,1.5224987937045853e-10,0,5.7906537,-2.05277
sp|P34539|ATP5E_CAEEL,0,4.388301749713719e-05,0,6.0516434,-1.1795208
sp|P87316|ATP5E_SCHPO,0,3.1645809940528125e-05,0,5.8913465,-1.1742783
sp|P0DPG3|ATP5E_TRYBB,0,0.00012305493874009699,0,5.794323,-1.0462351
sp|Q5HZM3|BAFL_XENLA,0,8.733394452065113e-09,0,4.508446,-1.7997377
sp|P0CE67|CC079_HUMAN,0,0.0015952326357364655,0,4.644377,-2.3996527
sp|Q4JB70|CEDA2_SULAC,0,6.614805370119825e-10,0,9.2835865,-1.6165302
sp|P0CY83|CJE28_CONBU,0,6.358519021887332e-05,0,1.0856082,-2.2755682
sp|A5DUN2|CMC4_LODEL,0,2.576638144091703e-05,0,5.169428,-1.5902145
sp|Q46386|CSME_CHLTE,0,6.9138028635507e-12,0,9.640568,-1.2316209
sp|Q0VDD5|CQ091_HUMAN,0,1.5063051250763237e-08,0,4.7606015,-2.7908256
sp|P07048|CPPA_NEIGO,0,4.3251071701888577e-07,0,10.008079,-1.8766774
sp|P81593|2AMD_PSEOL,0,0.00014393079618457705,0,9.480511,-2.1456482
sp|P0DJY9|75K_PAVHV,0,0.0034706606529653072,0,5.110445,-3.1249652
sp|Q91FH6|348R_IIV6,0,0.0013002331834286451,0,7.772821,-3.6027088
sp|Q196X1|089L_IIV3,0,1.7703963850479454e-09,0,5.5970907,-2.773165
sp|P13304|ANTIH_BPT4,0,9.295380004914477e-05,0,1.5790446,-2.8410323
sp|P44588|ARFA_HAEIN,0,0.004449103958904743,0,9.648299,-0.54826033
sp|O77416|ASP1_ANISI,0,9.198906525398343e-09,0,2.426568,-3.7134264
sp|Q8YQ90|CBIN_NOSS1,0,5.186959697311977e-06,0,9.483581,-0.8408089
sp|Q0N4U5|CJE3_CONPO,0,6.075127203075681e-06,0,1.0766641,-2.3061407
sp|P45688|CSOC_HALNC,0,6.569403354639292e-11,0,8.983377,-1.2654302
sp|P21682|CP79_BP186,0,5.1524210675779614e-08,0,7.445586,-4.402664
sp|Q6UWE3|COLL2_HUMAN,0,0.00037277708179317415,0,2.7916842,-1.6849161
sp|P50657|COX3_ANAPL,0,2.73591704846865e-10,0,5.040181,-1.2716798
sp|Q91FX0|200R_IIV6,0,2.829881395882694e-07,0,6.086601,-4.3013053
sp|P16548|A95EF_DROME,0,0.08064420521259308,0,1.8151797,-2.5922773
sp|P11190|ABC1_BPP22,0,0.00012648441770579666,0,7.375107,-3.9697087
sp|Q93MH4|ASR_SALTI,0,7.472859238077945e-07,0,10.275823,-1.8717556
sp|Q8L981|APC13_ARATH,0,1.2092646883843372e-09,0,5.174826,-2.5572908
sp|Q99440|CD006_HUMAN,0,2.754556860384838e-10,0,4.445429,-2.4205246
sp|Q8SPI2|CHCH7_MACFA,0,6.387668918250711e-07,0,5.0078297,-1.5429946
sp|P83908|CRU1_SINAL,0,0.6872215270996094,1,4.1329365,-5.2437453
sp|A0A072V9Z0|CLE33_MEDTR,0,1.5604694425519483e-08,0,2.4518542,-2.858015
sp|Q9GKT8|CP086_MACFA,0,2.1105194036863395e-08,0,4.6478624,-2.6292393
sp|Q7JVR7|CSN9_DROME,0,8.701539627509192e-06,0,5.213513,-2.3802223
sp|P39146|COMFB_BACSU,0,4.0054512484566374e-10,0,8.297683,-3.7411742
sp|P36576|ARRC_RAT,0,3.824608629798831e-09,0,4.0324636,-2.3849332
sp|C0HK67|ATPLN_PICAN,0,7.372608479272458e-07,0,5.856125,-1.1279217
sp|P0AB34|BSSS_ECOL6,0,1.1830762147724272e-08,0,10.437389,-2.105127
sp|B0U3Y1|EX7S_XYLFM,0,2.0767981112612688e-08,0,10.701451,-1.3057169
sp|B3EBH2|FLIE_GEOLS,0,6.24467921817029e-10,0,10.2518,-1.282398
sp|Q89B01|FLIE_BUCBP,0,3.912124846294773e-09,0,10.049419,-1.6228187
sp|Q57JR3|GLGS_SALCH,0,5.362273469700085e-08,0,10.631743,-1.9096981
sp|P0C8B3|GON7_BOVIN,0,3.476461523169161e-12,0,4.863909,-2.1557677
sp|P79677|GP38_BPMU,0,2.754931642812153e-07,0,9.5537195,-1.8531699
sp|Q4Z971|GP168_BPTWO,0,8.236822395701893e-06,0,7.4879885,-4.5710225
sp|P20406|GP59_BPT7,0,9.636179356675711e-07,0,6.56922,-5.2245374
sp|O68669|GVPJ_BACME,0,0.0009584087529219687,0,9.517525,-0.821526
sp|Q8KA11|IHFA_BUCAP,0,5.074373699009982e-10,0,10.170325,-1.5640695
sp|B1LIR6|IRAP_ECOSM,0,0.3019615709781647,0,10.8546,-1.7016407
sp|Q8VYI0|LSM8_ARATH,0,2.8755022668525143e-11,0,5.6785645,-2.2096727
sp|P0ADF5|LPRH_SHIFL,0,2.991830342580215e-06,0,4.3187428,-6.589192
sp|P0AD84|LPPY_ECOL6,0,0.004554383922368288,0,5.1103954,-5.729314
sp|A9CTE0|LSM2_ENTBH,0,7.497348575302709e-11,0,5.834145,-2.0580745
sp|Q9BPJ4|M236_CONTE,0,0.6588577628135681,1,1.2120798,-1.7054754
sp|Q16048|MCHL1_HUMAN,0,1.011937712444566e-12,0,2.9400086,-2.0150006
sp|P0CY15|MATMI_SCHPO,0,1.623578441828366e-12,0,5.8807483,-1.9021584
sp|Q9Z451|MDCC_PSEPU,0,1.331776485966052e-13,0,10.893465,-1.3568975
sp|Q75NE6|MIRH1_HUMAN,0,4.501917771904118e-07,0,4.701609,-2.3079069
sp|P45309|MOAD_HAEIN,0,4.979908290749478e-15,0,10.089075,-1.2051752
sp|Q0MQC5|NDUB1_GORGO,0,1.0920982000672819e-11,0,4.9914913,-1.0576481
sp|Q46LY0|NDHL_PROMT,0,1.9000773177069163e-12,0,8.892062,-1.1355175
sp|Q8SPS2|NDUA1_VARRB,0,2.9535840440075845e-07,0,5.0068336,-1.0641733
sp|Q810Q5|NMES1_MOUSE,0,1.987069149342644e-17,0,4.8645105,-1.2263548
sp|P03767|NIND_LAMBD,0,2.2393551262211986e-05,0,6.544891,-4.5441933
sp|Q5NVD3|NREP_PONAB,0,4.5717260532818216e-10,0,4.5623407,-2.4794111
sp|B8G6Z6|NUOK_CHLAD,0,6.928513585080509e-07,0,9.295742,-0.79373884
sp|A2T385|NU4LC_ANGEV,0,1.3555913336293912e-10,0,8.070524,-1.0826515
sp|Q0Q4F1|NS3A_BC133,0,0.0012352315243333578,0,1.4321895,-2.9594965
sp|P01526|NXB2_CERLA,0,0.9839931726455688,1,2.908426,-4.3597116
sp|Q92316|OST5_YEAST,0,1.4556890415295953e-11,0,5.7235208,-1.349577
sp|Q8TAD7|OCC1_HUMAN,0,8.574311399778267e-11,0,4.7955084,-2.296007
sp|Q8K560|OTOSP_RAT,0,0.14174401760101318,0,1.8491819,-1.8124032
sp|Q9V1Z9|PCC1_PYRAB,0,8.018340622584219e-07,0,10.037823,-1.0351305
sp|P30879|PEPC_PIG,0,2.024647983489558e-06,0,3.561637,-3.4891057
sp|Q28550|PE2R3_SHEEP,0,0.028252944350242615,0,3.7422466,-2.0907257
sp|Q26430|ABDA_MANSE,0,1.0352378954081587e-09,0,5.7568994,-2.2296264
sp|Q91FM4|300R_IIV6,0,3.6248957258067094e-06,0,7.917173,-5.216851
sp|Q91FM3|301L_IIV6,0,0.0028524978552013636,0,7.458769,-4.6569467
sp|C5DII3|AIM4_LACTC,0,8.187561739703142e-10,0,5.6518865,-1.9660684
sp|B3R0P8|ACP_PHYMT,0,1.926008735608775e-06,0,10.9949255,-1.0235704
sp|A9UGV6|APEP2_ORYSJ,0,0.000914465228561312,0,2.3775983,-2.9970407
sp|P19606|ANP3_ZOAAM,0,6.280350683951497e-10,0,1.486213,-2.435768
sp|C5CA73|ATPL_MICLC,0,1.3607205140431233e-08,0,9.214484,-1.0339824
sp|D2Y1Z3|H3B03_CYRHA,0,0.5072191953659058,1,0.7129373,-1.7642379
sp|Q9ZCL7|HLP_RICPR,0,2.408206555178094e-13,0,9.988466,-1.5473692
sp|Q1B781|HIS2_MYCSS,0,6.064148738715858e-09,0,11.000289,-1.1740063
sp|P33391|HMC4_DESVH,0,1.1886578527020575e-11,0,9.176066,-1.5969733
sp|P51727|HOLIN_BPHC1,0,2.9471040761563927e-05,0,7.640463,-5.0704
sp|Q8UIF9|IHFB_AGRFC,0,3.939402692942906e-10,0,9.6784,-0.94784945
sp|P0A1G1|IMPC_ECOLX,0,7.020815928626689e-08,0,10.396955,-2.100177
sp|P56471|IDH3A_PIG,0,0.00012842199066653848,0,4.0540333,-5.2919292
sp|B1P1B1|JZ50C_CHIGU,0,5.800693543278612e-06,0,0.6928402,-2.1285489
sp|Q8MUB1|KA221_MESMA,0,0.0012567471712827682,0,0.51318175,-3.205983
sp|P0C7L1|ISK8_HUMAN,0,0.0011384394019842148,0,2.7014983,-1.8535868
sp|P69301|KM11_TRYBR,0,4.552985046757385e-05,0,5.8348236,-1.9601827
sp|P03046|KIL_BPMU,0,0.10974685847759247,0,6.909642,-3.9671822
sp|P0CL57|MAZE1_MYCTU,0,6.977273733355105e-05,0,9.826929,-1.4565352
sp|Q6NE51|MAMR_MAGGM,0,2.5752752659318964e-14,0,9.87029,-1.6055422
sp|P23334|MCE_SWPVK,0,0.03292791545391083,0,6.439543,-3.791854
sp|P46230|MUTY_AERHY,0,5.731042751477844e-09,0,10.3787155,-1.7365057
sp|Q50830|MTRE_METVA,0,7.681397846681648e-07,0,9.275884,-1.2840583
sp|P83762|MUCSM_CANLF,0,0.033050961792469025,0,4.0682063,-2.8635464
sp|P0CI96|NDBQ_LYCMC,0,0.7719922661781311,1,1.6118507,-2.2461424
sp|P47764|NLPD_YEREN,0,6.873301754239947e-05,0,10.321046,-2.007061
sp|Q54J26|NOP10_DICDI,0,4.1405990486964583e-05,0,5.997902,-2.45471
sp|A6QCF2|NUOK_SULNB,0,9.29771537538926e-11,0,9.2440405,-0.8419552
sp|P48929|NU4LM_CANPA,0,4.604870795787974e-08,0,7.5848384,-1.1156547
sp|P69612|NS7_CVPR8,0,1.317010003276664e-07,0,8.419954,-4.614491
sp|Q9BHA0|O26M_CONTE,0,0.002776267472654581,0,0.9758028,-2.0796375
sp|P9WIJ7|PARD1_MYCTU,0,9.606148342056198e-13,0,10.016369,-1.459975
sp|Q4L2X2|ASP5_STRGN,0,4.0586448335488967e-07,0,9.412646,-1.3428048
sp|P03621|CAPSD_BPPF1,0,0.0008863823022693396,0,8.177023,-4.6170382
sp|P24274|DRP90_SOYBN,0,6.631874384765979e-06,0,5.0452533,-2.713967
sp|P21050|E10_VACCC,0,0.0029438233468681574,0,7.8108335,-3.962169
sp|Q39066|ECS1_ARATH,0,2.7968027893621183e-10,0,2.486154,-2.8803704
sp|P23081|EFG_GEOSE,0,3.490551421236887e-07,0,10.844471,-0.5979125
sp|Q8K3E7|DPY30_RAT,0,8.079904364421964e-05,0,3.708444,-1.8489254
sp|Q28ED6|EMRE_XENTR,0,1.615098810248128e-08,0,4.807736,-1.27938
sp|D2Y2H4|H13N1_CYRHA,0,0.007714711595326662,0,0.6583139,-1.81237
sp|P0AFX1|HPF_ECOL6,0,0.21761095523834229,0,10.715243,-1.8341558
sp|D2DGD9|I364_CONLT,0,0.035355500876903534,0,0.94267374,-2.1858962
sp|P56173|ILB6_CAEEL,0,0.04522613435983658,0,1.1717445,-2.5217836
sp|E4VP04|KXA3_MESEU,0,0.0025871689431369305,0,0.48254997,-3.2531314
sp|D9U2B3|KTXI_LYCMC,0,0.0007355115958489478,0,0.5971316,-3.2556589
sp|Q9BDR0|KCNE2_RABIT,0,3.887597813445609e-06,0,3.9237964,-1.8435911
sp|P80060|LCM_LOCMI,0,0.006167243234813213,0,1.8551788,-3.0078871
sp|P0DM53|LECG_BOTAT,0,6.0662790346555084e-09,0,3.2831907,-4.3239217
sp|Q5SH22|LYSW_THET8,0,4.2804193522982814e-10,0,9.702243,-2.1962452
sp|Q1G3M2|LYRM9_ARATH,0,3.459807703620754e-05,0,5.4947414,-1.4684769
sp|Q38162|LLP_BPT5,0,0.00014016441127751023,0,7.034958,-4.048292
sp|P9WJ80|MFTA_MYCTO,0,0.00036783202085644007,0,6.1016026,-4.5068665
sp|Q9LJW5|MIF2_ARATH,0,2.6256355423193156e-10,0,5.5660877,-2.2016692
sp|Q80XX4|MSTN1_RAT,0,8.972264708972943e-07,0,4.6275935,-2.5319946
sp|Q9U1X4|MSS4_CAEEL,0,4.577459244980986e-11,0,5.8526244,-1.878014
sp|O43057|MSS4_SCHPO,0,1.2952932997023492e-12,0,5.764738,-1.976746
sp|Q56348|NAPE_PARPN,0,2.395731144133606e-06,0,9.343892,-1.870648
sp|B1WNP9|NDHL_CROS5,0,3.033782670610122e-14,0,8.789179,-1.2132436
sp|A0A1B0GTQ4|MYMX_HUMAN,0,1.6903904664911096e-10,0,4.5191817,-1.5052413
sp|P0DM24|NEMA1_LINLO,0,0.0001848947285907343,0,0.83281875,-2.2172804
sp|G2TRS1|NEW14_SCHPO,0,1.566860530211045e-09,0,5.910454,-1.8042045
sp|P12478|NEF_HV1Z2,0,3.5449279067734096e-08,0,7.1971827,-3.3946006
sp|P81242|NHE1_BACCE,0,0.0004037640173919499,0,8.609596,-2.950908
sp|P0CY64|O165_CONBU,0,4.222631469019689e-05,0,0.82086074,-1.8561711
sp|P18024|ABI_ECOLX,0,0.0008062574779614806,0,10.004195,-2.1261508
sp|Q91G54|044R_IIV6,0,0.009110163897275925,0,6.416178,-4.13511
sp|Q6GZU7|029L_FRG3G,0,3.028926130355103e-06,0,7.5018797,-3.3377945
sp|Q6GZQ0|075L_FRG3G,0,0.08565691113471985,0,4.961893,-1.8537395
sp|P80353|2SS4_CAPMA,0,0.9944130182266235,1,2.674273,-3.626223
sp|P20204|B49_SSV1,0,2.8061610812812887e-09,0,6.2619977,-5.1431055
sp|Q25BH4|CAPSD_HIS1I,0,8.869659495758242e-07,0,8.57924,-4.8600793
sp|P85886|CA1AB_CONSP,0,3.171720163663849e-05,0,1.0732536,-2.0159636
sp|A6NGG3|CI092_HUMAN,0,9.507364779892669e-07,0,4.755366,-2.673052
sp|P0C232|ELI2_PHYVE,0,0.8964242339134216,1,2.8171618,-3.761768
sp|Q8TY29|EHAA_METKA,0,1.0793895910410356e-07,0,9.126002,-1.2536027
sp|Q65ZG0|GN_VZVD,0,0.0015262181404978037,0,8.441643,-4.662103
sp|O09800|GN_HHV11,0,2.1183970133620278e-08,0,3.697967,-2.5869412
sp|Q38477|GP6_BPMU,0,1.7650482959652436e-06,0,6.9842277,-4.130406
sp|P30220|HS30E_XENLA,0,4.374869854864997e-19,0,5.1144953,-2.1770344
sp|Q37975|HOLIN_BPA18,0,3.4055437936331145e-07,0,8.155599,-5.0689993
sp|P24337|HPSE_SOYBN,0,0.9630168080329895,1,2.8895035,-3.6232643
sp|O10374|HRF1_NPVOP,0,0.00018795098003465682,0,6.619146,-3.6428099
sp|Q41065|IBBA_PEA,0,1.1277047633484472e-06,0,2.3341422,-3.6175604
sp|Q8XBB1|INTG_ECO57,0,0.000295086792903021,0,10.295366,-2.1178975
sp|P0C652|INSA1_ECOLX,0,0.9496084451675415,1,10.388456,-2.1019754
sp|P0ADG3|ILVM_SHIFL,0,2.165104206142132e-06,0,10.53904,-1.841018
sp|P0ADF8|ILVN_ECOLI,0,0.00029470122535713017,0,10.654122,-1.9153415
sp|Q8TGJ3|KISH_YEAST,0,1.2104159452519525e-07,0,5.6955314,-1.4787894
sp|P77799|LHA2_RUBGE,0,4.09955486224689e-10,0,9.25991,-1.8924688
sp|H7CE70|MC69_COLOR,0,6.133779706374298e-09,0,1.4351014,-3.2375855
sp|Q7VQY9|MINE_BLOFL,0,7.033350291063556e-11,0,9.799369,-0.75695384
sp|O22433|MT3_ARATH,0,1.0358887436723307e-07,0,4.3820577,-3.3578901
sp|P39746|MP2K3_XENLA,0,3.902150638168678e-06,0,3.6859162,-2.7056842
sp|A8GQA2|NHAA_RICAH,0,4.201461845099175e-09,0,9.889892,-1.9533715
sp|Q47270|NINE_ECOLI,0,0.001491802860982716,0,10.1041,-2.1898503
sp|P03768|NINE_LAMBD,0,0.12124855816364288,0,6.3299494,-4.1043243
sp|P11633|NHP6B_YEAST,0,5.8838246774772784e-12,0,5.6573906,-1.8908521
sp|Q9HRT9|NOP10_HALSA,0,5.18460683451849e-06,0,9.597644,-0.25921544
sp|Q4VAB4|CNPY1_MOUSE,0,0.010737894102931023,0,4.3395476,-2.496932
sp|Q3JCK6|CSRA_NITOC,0,1.610358992820693e-07,0,9.954762,-0.44883472
sp|P83437|COG5_BOVIN,0,0.9973376989364624,1,3.8512616,-6.2288356
sp|P0CM71|COX23_CRYNB,0,1.3769563614318692e-11,0,5.123676,-1.602314
sp|A0L6W5|COWN_MAGMM,0,2.0234778297378853e-09,0,10.421568,-1.6551332
sp|D6C4H8|CUM1_CONCL,0,0.0006303757545538247,0,0.9913194,-1.9367644
sp|Q9USW6|DPM2_SCHPO,0,3.1391163446414794e-08,0,6.182445,-2.1066713
sp|P23227|ECTP_TRIGR,0,6.189689884195104e-05,0,1.3845778,-2.531406
sp|P0A3F7|DSDX_SHIFL,0,6.396734875124821e-08,0,10.239701,-2.129325
sp|Q92GV5|ECOTL_RICCN,0,5.235980399254103e-11,0,9.737149,-1.1970993
sp|Q9WYZ6|HFQ_THEMA,0,3.366686707195754e-09,0,10.188145,-0.8289853
sp|P18608|HMGN1_MOUSE,0,0.000833300466183573,0,4.581349,-2.463329
sp|P0ABS9|HOLE_ECOL6,0,5.288958095078332e-18,0,10.019016,-1.7003611
sp|Q7KWN8|HSL22_DICDI,0,4.14237604218215e-08,0,5.4820824,-3.0381296
sp|Q553K1|HSL25_DICDI,0,8.114055261021491e-11,0,5.4968596,-3.0883694
sp|P15649|HSL27_DICDI,0,5.380289439926855e-05,0,5.490066,-3.0457113
sp|Q6Q546|HUB1_YEAST,0,3.25801746692278e-11,0,5.835,-1.7465768
sp|P84577|HSP90_POPEU,0,3.667021530873171e-08,0,4.085485,-5.062654
sp|P0DSS2|I5_VARV,0,1.6538189811399207e-05,0,8.516066,-4.6601734
sp|Q29PV4|IDL1_ARATH,0,1.613174371861703e-09,0,2.4258432,-2.9421318
sp|C5J893|KKX26_OPICY,0,0.0001345510536339134,0,0.5977,-2.921334
sp|Q8CF66|LTOR4_MOUSE,0,5.163687819731422e-05,0,4.4296556,-1.7087271
sp|Q0P4B9|MCRI1_DANRE,0,1.824509510486849e-12,0,5.0304885,-2.1813223
sp|Q1BBA1|MBTL_MYCSS,0,1.6713656236788665e-08,0,11.08386,-1.2368946
sp|P34069|MFM2_SCHPO,0,6.521070463350043e-05,0,7.079671,-6.5415583
sp|P53777|MLP1_DROME,0,3.519048732414376e-07,0,5.555097,-1.6852785
sp|P43400|MT1_WHEAT,0,6.138687780321561e-08,0,4.1889977,-3.5709205
sp|P0C777|MP1_CARMS,0,8.748086838750169e-05,0,6.0115848,-3.864567
sp|P89035|MP6_PMVK,0,1.274938540518633e-06,0,5.6306915,-4.469488
sp|O32857|MURA_MYCCH,0,3.051492977572401e-13,0,10.992539,-1.1369656
sp|Q83WF4|MYCII_MICGR,0,0.00011492878547869623,0,9.895569,-2.0223944
sp|P52336|NIFH_NOSSN,0,1.4707512718814542e-07,0,9.718315,-2.011916
sp|P50353|NODB_BRASN,0,0.07236763834953308,0,4.8506765,-5.453714
sp|Q3LZX8|NS6_BCHK3,0,1.3882481653126888e-05,0,6.039837,-4.574593
sp|P30238|NS3A_IBVP3,0,0.0002327831753063947,0,6.404399,-5.216794
sp|Q33821|NU4LM_PATPE,0,3.944254367560518e-10,0,7.6616406,-1.0685898
sp|P19407|OEC6_SPIOL,0,0.036111827939748764,0,4.953406,-1.7574099
sp|P0C9Y2|P12_ASFM2,0,1.2946863989782287e-06,0,5.7974977,-4.523672
sp|Q8QVM0|ORF2_TTVI1,0,0.44413653016090393,0,6.600455,-3.7761154
sp|O71190|P6_GLRV3,0,0.0001955805637408048,0,5.523288,-4.680241
sp|B8I574|ATPL_RUMCH,0,3.0314345167425927e-06,0,9.242512,-0.78756535
sp|P20205|B78_SSV1,0,1.0076585399421134e-11,0,8.309303,-4.8470798
sp|P84988|CB21_POPEU,0,8.33225785754621e-05,0,4.217641,-5.041623
sp|P06480|GJ_HHV11,0,3.614661694961718e-11,0,8.408438,-4.5671496
sp|P64268|GNS_SALTI,0,7.130526204213172e-12,0,10.570545,-1.9927559
sp|Q77CE4|GN_BHV1C,0,9.995044820243493e-06,0,8.389903,-4.4766026
sp|Q8FHF3|HIPB_ECOL6,0,3.171176862770686e-12,0,10.426655,-1.9530265
sp|Q7MZD9|HICA2_PHOLL,0,0.00021090365771669894,0,10.352672,-1.7652935
sp|P04660|HEMA_I78AE,0,7.784452463965863e-05,0,7.386691,-3.263639
sp|P12770|HMC1_METTE,0,9.147389209829271e-05,0,9.996998,-1.157603
sp|Q8AYB8|HOP_DANRE,0,3.772313190986143e-12,0,4.32262,-2.4678228
sp|P0A0V6|HPN_HELPY,0,5.2244035764204e-09,0,9.520758,-0.31784907
sp|B3EWP2|HYAL_CRODU,0,0.0009025723556987941,0,3.7255743,-4.856169
sp|P69852|HSK3_YEAST,0,8.583125463701435e-07,0,5.8408294,-1.955139
sp|Q86KT9|HSL30_DICDI,0,4.301639364712173e-07,0,5.4797525,-3.0229483
sp|D6C4I0|I1B2_CONCL,0,5.767988113802858e-06,0,0.90657896,-1.9504061
sp|P0CF70|INSE5_ECOLI,0,5.088592297397554e-05,0,10.3084,-1.9984063
sp|Q52277|KORC1_ECOLX,0,5.894879029355593e-10,0,10.2959385,-2.1465049
sp|P02450|KRFC_CHICK,0,0.0001809655805118382,0,4.198724,-3.5566945
sp|Q5F1N4|KS4_MESMA,0,8.739049371797591e-05,0,0.75437135,-2.522672
sp|P37138|LIM2B_XENLA,0,1.4254377674660645e-05,0,3.9307623,-3.051228
sp|Q66X52|LTOR5_PIG,0,0.0010471234563738108,0,4.394493,-1.8476025
sp|B5XFA7|LYRM2_SALSA,0,1.9239943839510776e-12,0,5.028353,-1.3556168
sp|P22100|LPW_VIBPA,0,0.38010960817337036,0,7.198773,-6.7127237
sp|Q40189|M6_LILHE,0,0.0030843226704746485,0,2.9975426,-3.56138
sp|P92518|M770_ARATH,0,0.0014486957807093859,0,5.443946,-2.4447432
sp|Q56462|MAUR_PARVE,0,0.08148974180221558,0,4.9306297,-5.866599
sp|P69961|LCRS_YERPE,0,6.309252785285935e-05,0,10.409175,-2.1132348
sp|P26886|MER2_EUPRA,0,0.0003258311189711094,0,0.9362747,-2.322229
sp|P90335|MP8_PMVK,0,0.03180818259716034,0,6.4525485,-3.7726343
sp|Q9X5W6|MOAC_RHOCA,0,4.078453476634089e-15,0,9.797713,-1.6748546
sp|Q94550|MT_DREPO,0,0.0003959393361583352,0,4.217691,-3.5877337
sp|P0A225|MXII_SHIFL,0,4.036975553844968e-08,0,10.182429,-2.1342473
sp|O27225|MTRG_METTH,0,9.439479363090864e-13,0,9.39297,-1.3803205
sp|Q38666|NINF_BPP22,0,3.991059656982543e-06,0,6.649999,-4.4593906
sp|Q61979|NNAT_MOUSE,0,1.2161892604112268e-09,0,4.5367484,-1.4537985
sp|Q41701|NO12_VICSA,0,2.1384755655162735e-07,0,2.5401168,-2.8640285
sp|P61581|NP24_HUMAN,0,7.996325621206779e-06,0,4.6849694,-2.661611
sp|Q8ZTY6|NOP10_PYRAE,0,7.451442485262305e-08,0,9.604914,-0.085860685
sp|P48928|NU4LM_ALBCA,0,2.038266757153906e-05,0,7.6688595,-1.0785656
sp|Q3LZX6|NS7B_BCHK3,0,8.875317689671647e-07,0,7.837949,-1.5299635
sp|Q08513|NTP1_SWPVK,0,0.0010299496352672577,0,7.4736204,-3.7794702
sp|P83722|NU160_XENLA,0,1.5055053381729522e-07,0,4.196504,-4.853196
sp|D2Y496|O161B_CONCL,0,8.463837730232626e-05,0,1.1840888,-1.714467
sp|Q36903|NU4LM_WICCA,0,1.6504128552696784e-07,0,7.672893,-1.0533669
sp|A0A087WWA1|P3URF_HUMAN,0,0.06657721847295761,0,4.5590262,-2.4051714
sp|P0ADA9|OSMB_ECO57,0,2.1323848242715826e-10,0,10.31517,-2.205924
sp|Q88417|ORF15_SPV1C,0,0.05159872770309448,0,8.557129,-4.7592926
sp|P06948|P56_BPPZA,0,0.004481079988181591,0,6.488212,-4.7301126
sp|Q9A458|PARD4_CAUVC,0,1.0724200288924918e-14,0,9.940947,-1.558024
sp|Q0IA94|PETN_SYNS3,0,0.000455014465842396,0,8.771834,-1.1494585
sp|O32025|PHRE_BACSU,0,0.0011801589280366898,0,10.923252,-0.6828716
sp|P00298|PLAS_RUMOB,0,1.4873020290906425e-06,0,8.054844,-1.2585428
sp|Q5TEZ4|CF164_HUMAN,0,1.2310128028047984e-08,0,4.723665,-2.6839223
sp|Q936E0|EATX_STRAG,0,7.481224020011723e-05,0,7.4806943,-6.2371774
sp|Q01049|GN_SHV21,0,1.2599471688190533e-07,0,8.374014,-4.4989552
sp|Q38492|GP14_BPMU,0,0.0002505441370885819,0,7.864369,-3.6105886
sp|Q95335|GON1_TUPBE,0,6.509595550596714e-05,0,3.0465095,-1.9695224
sp|Q9XJS5|GPD_BPPM2,0,0.004645199049264193,0,7.355357,-4.6630106
sp|Q9DG36|GON2_LITCT,0,2.5055383957806043e-05,0,2.0859554,-2.190797
sp|Q6XFR6|GLPC_RAT,0,2.8823868092331395e-07,0,4.449597,-1.720834
sp|P11910|H82_NEIG1,0,0.00021032773656770587,0,10.117592,-1.7740389
sp|Q54UL6|HSL43_DICDI,0,1.183605036897406e-11,0,5.491066,-3.0963101
sp|P83977|IGNAR_GINCI,0,0.003739232663065195,0,3.2320487,-3.5206583
sp|B1P1C7|JZT49_CHIGU,0,0.4286121726036072,0,0.65818316,-2.3740187
sp|P69592|J_BPPHS,0,0.9864992499351501,1,4.582167,-5.6721973
sp|B8XH44|KA271_BUTOS,0,2.7963725557356156e-08,0,0.51938057,-3.1884131
sp|P0DON0|L2_VARV,0,0.018058693036437035,0,8.154556,-4.9779935
sp|Q8NEE0|KLAS1_HUMAN,0,4.211906905605793e-15,0,4.7169247,-2.7458444
sp|Q9Y6C7|L3R2A_HUMAN,0,0.01592051424086094,0,4.5978575,-2.2813263
sp|Q9SI54|LSM7_ARATH,0,6.163401167214033e-08,0,5.62625,-2.1492903
sp|P29852|MALX_KLEPN,0,4.958959834766574e-06,0,9.297523,-1.866917
sp|P01076|MCPI_SOLLC,0,1.6327310277119977e-06,0,2.045265,-3.3025248
sp|Q9FHX8|MDA3_ARATH,0,2.0731012121810027e-13,0,5.605444,-2.0949948
sp|Q3AF72|MINE_CARHZ,0,5.770428579410236e-10,0,10.131569,-0.60443044
sp|P0A1G4|MSGA_SALTI,0,4.861678008956372e-13,0,10.532913,-2.0045877
sp|P82946|MPAG4_DACGL,0,0.23625272512435913,0,5.76508,-4.602387
sp|B1NWR7|NA245_NEMVE,0,1.0066261602048598e-08,0,0.4630625,-2.3266602
sp|Q9LZI6|NDS5B_ARATH,0,0.0005226655630394816,0,5.034213,-1.3607122
sp|Q9CQ91|NDUA3_MOUSE,0,3.4928782549669204e-14,0,5.159084,-1.0683913
sp|P0CJ16|NDBX_LYCMC,0,7.521437510149553e-06,0,1.6527725,-1.9524469
sp|P0CB69|NDUC1_PONAB,0,3.3374607331243533e-12,0,4.9777555,-1.0881838
sp|Q0MQD1|NDUB3_GORGO,0,4.978224765750383e-08,0,5.145103,-1.027293
sp|Q9ZWX5|NINE_BP933,0,1.544214137538802e-05,0,5.847187,-3.6257784
sp|C7J4U3|OST4A_ORYSJ,0,1.2514327342948682e-14,0,8.038023,-1.2727134
sp|Q9BZK8|OCR1_HUMAN,0,0.14265544712543488,0,4.7073746,-2.665992
sp|P31051|ODO2_PSEPU,0,3.035515419469448e-06,0,10.633739,-1.6195788
sp|P0C9Y0|P10_ASFWA,0,0.05602617561817169,0,6.0199423,-2.8678417
sp|P81719|PIIS_ACHLY,0,0.000437695998698473,0,3.8350751,-5.077235
sp|P85035|PLINH_HALLA,0,0.10872936248779297,0,2.7310793,-4.9902616
sp|Q02247|BCP4_RABIT,0,6.178599142003804e-05,0,4.313553,-2.4882972
sp|A0A1B0GUI7|BRDOS_HUMAN,0,1.4999901054579823e-07,0,4.916947,-2.3487182
sp|Q54C30|CDC26_DICDI,0,6.897642721749586e-13,0,5.19934,-2.9357498
sp|A5DLM7|COA3_PICGU,0,1.8434667072545595e-18,0,5.0889816,-0.9901364
sp|A0A072TRR8|CLE53_MEDTR,0,6.232396820848862e-09,0,2.4212294,-2.9101696
sp|P10174|COX7_YEAST,0,6.658636266365647e-05,0,5.2638435,-1.0232801
sp|A3PSE8|CRGA_MYCSJ,0,1.483399791890605e-10,0,9.982949,-1.3425723
sp|Q6NJ54|ESXA_CORDI,0,0.00023730474640615284,0,9.8370905,-1.2361448
sp|Q57987|FEOA_METJA,0,4.489155713827131e-08,0,10.001132,-0.8310993
sp|P84210|FENR_IMPCY,0,3.982290941451083e-09,0,4.0913033,-5.314777
sp|B3EWG3|FM25A_HUMAN,0,4.988218171853021e-10,0,4.5297365,-2.277869
sp|O33543|FMT_RICPA,0,1.9559178721095805e-09,0,9.769804,-0.46846223
sp|C3NDY0|GATC_SULIY,0,0.0008044422138482332,0,9.702709,-0.34610334
sp|Q1GUW4|GATC_SPHAL,0,2.274384314659983e-06,0,9.682944,-0.616108
sp|O51318|GATC_BORBU,0,1.2017284461762756e-05,0,9.73253,-0.4699439
sp|P68670|G9P_BPPHL,0,0.009691351093351841,0,4.8832483,-5.495573
sp|Q1RHJ0|GLRX1_RICBR,0,3.874230658507116e-10,0,10.638241,-1.2480825
sp|O48414|GP60_BPSP1,0,0.013697030022740364,0,7.0116324,-3.8798275
sp|Q9XJS7|GPB_BPPM2,0,0.02703069895505905,0,4.788146,-6.3230233
sp|P46443|GUAM_HIRNI,0,1.6965257600531913e-05,0,2.782681,-4.072272
sp|C0HLL7|GST_LACPN,0,0.0011766096577048302,0,3.8456829,-4.4035325
sp|P84984|GSTF2_POPEU,0,0.9826338291168213,1,4.763544,-6.029305
sp|O33778|HIS3_SACS2,0,4.692026212005374e-10,0,10.453531,-1.0100207
sp|O03978|HOLIN_BPDP1,0,0.0002328225236851722,0,8.142755,-5.1385674
sp|P52754|HYP1_HYPJE,0,0.01434184517711401,0,2.3930833,-3.3089108
sp|P82701|IM18_DROME,0,0.9814742207527161,1,1.8130267,-2.497175
sp|A6NJ69|IGIP_HUMAN,0,0.0016519055934622884,0,5.7207074,-4.199721
sp|Q43667|ITR1_TRIKI,0,0.0013441597111523151,0,1.7720226,-3.4200797
sp|Q0H8Z2|IEND2_USTMA,0,4.894394223242671e-09,0,4.8614235,-5.4182286
sp|P0CI46|KA172_LYCMC,0,0.023916123434901237,0,0.48816067,-3.19939
sp|Q5PXH1|KISS1_MACMU,0,0.00030926946783438325,0,4.598762,-2.7461298
sp|Q9SCK2|LSU3_ARATH,0,0.3375951051712036,0,5.511101,-2.2188587
sp|Q4JAQ0|LYSW_SULAC,0,3.764131406569504e-08,0,10.508857,-1.1013992
sp|Q58263|MTRG_METJA,0,1.2546194118334686e-11,0,9.372996,-1.4945064
sp|Q09902|MU144_SCHPO,0,1.0829763752440158e-09,0,5.9401746,-2.327937
sp|G2TRP8|MZM1_SCHPO,0,3.6754246868220264e-10,0,5.781993,-1.4349221
sp|Q8LDK3|NDUB2_ARATH,0,1.4562817796104355e-06,0,5.365119,-1.0785167
sp|P15444|NEU1_STRCA,0,0.0002125720784533769,0,2.618281,-3.840093
sp|P9WK08|MYMT_MYCTO,0,0.018088573589920998,0,10.065137,-1.314108
sp|Q8HEB9|NU4LM_CAEBR,0,7.314796768298493e-09,0,7.4417863,-1.13379
sp|P19047|NU5M_ARTSA,0,4.047160828690721e-09,0,5.7626615,-4.1381164
sp|Q9BP62|O3619_CONVE,0,0.004191003739833832,0,0.8861564,-1.8857948
sp|P15898|ORF7_SPV1R,0,6.37562607153086e-07,0,8.312004,-4.5194907
sp|Q91EK2|ORFC2_GOCV,0,0.000488270481582731,0,7.6201186,-3.39558
sp|Q2I2P4|CP9A_CONLT,0,1.8102005014952738e-06,0,0.9493816,-1.9370899
sp|Q6MX43|DODEC_MYCTU,0,3.620262214099057e-05,0,10.172722,-1.2852725
sp|Q9WUQ7|DEXI_MOUSE,0,4.353974418336293e-06,0,4.5697927,-1.5249339
sp|Q3E808|DGR1_YEAST,0,7.345815902226605e-07,0,5.079206,-4.464413
sp|Q086A9|FTSB_SHEFN,0,9.31037690519998e-13,0,10.091755,-1.5909275
sp|B1LIP2|FRMR_ECOSM,0,1.252403181162265e-10,0,10.683401,-2.0135381
sp|G2TRR1|GEMI7_SCHPO,0,2.3083572159521282e-05,0,5.983436,-2.1124668
sp|O06720|GERPB_BACSU,0,2.980476097036444e-07,0,10.547873,-0.27178413
sp|Q9M9Y9|GRS11_ARATH,0,1.971382701526636e-08,0,5.561791,-2.1040595
sp|Q3ZBV4|HMGN3_BOVIN,0,2.3793086256773677e-07,0,4.7187934,-2.405118
sp|Q86H93|HSL24_DICDI,0,5.975613892594822e-10,0,5.4838114,-3.0789955
sp|P01000|IAC1_BOVIN,0,0.026851259171962738,0,2.6443603,-2.2163768
sp|P12136|IF1C_TOBAC,0,0.14926819503307343,0,9.801144,0.0845767
sp|Q3UTS8|ISK13_MOUSE,0,0.00022123857343103737,0,2.8095286,-1.7554047
sp|P0C8X8|KAXU1_HOFGE,0,3.525707870721817e-05,0,0.5448967,-3.173145
sp|P69594|K_BPPHS,0,0.0005596666596829891,0,6.4034915,-4.9893775
sp|P80590|LHB1_RHOTE,0,8.111263838372906e-08,0,9.2610445,-1.8850573
sp|P92554|M1240_ARATH,0,0.005093609914183617,0,5.514416,-2.5150414
sp|B2RZD7|LYRM9_RAT,0,1.2727419118618855e-07,0,4.892594,-1.5907545
sp|Q6NE58|MAML_MAGGM,0,2.761098905068593e-09,0,9.41787,-1.2110106
sp|Q7AKA4|MERE_SHIFL,0,3.7039035033492596e-12,0,9.996825,-1.9869816
sp|P13523|MA8C_SCHJA,0,0.5515487194061279,1,4.9801574,-3.375031
sp|P81077|MIP_BOTAS,0,0.9680327773094177,1,3.2316296,-4.3114667
sp|Q7RYI0|MIC10_NEUCR,0,1.1096810581534555e-08,0,5.2831283,-1.609887
sp|A7VN16|MSMB4_PROFL,0,0.5463808178901672,1,1.1009865,-2.8997843
sp|O27228|MTRB_METTH,0,2.5791026690073597e-15,0,9.476215,-1.2566012
sp|P0CJ19|NDBT_LYCMC,0,0.004653579089790583,0,0.8646867,-3.1577811
sp|P93331|NOD1_MEDTR,0,0.06562250107526779,0,1.8430507,-3.289433
sp|Q86H65|ASTER_DICDI,0,4.529584884949145e-07,0,5.8072524,-2.4979901
sp|Q8KRV3|ATPL_ILYTA,0,6.879930651848554e-07,0,9.155241,-0.8745333
sp|F5HHY1|CEP3_HHV8P,0,2.5475989673395816e-07,0,5.8476686,-3.8910902
sp|Q2I2P8|CMG1_CONLT,0,1.3836029211233836e-05,0,1.1687869,-1.803138
sp|Q8K1L6|CP074_MOUSE,0,0.002104376908391714,0,4.6487103,-2.4782782
sp|D3JWK2|CUMA_CONCL,0,0.000205120857572183,0,1.1499677,-1.8514152
sp|P0C0Q9|GYRA_STAEP,0,2.3814799021693034e-08,0,10.994378,-0.75721395
sp|Q9UBK5|HCST_HUMAN,0,3.0564724085024864e-09,0,4.1610236,-1.8367407
sp|P81492|HIRM2_POEMA,0,2.945593848835415e-07,0,1.4694198,-2.6935964
sp|P58835|HIS2_METKA,0,6.576838032512633e-12,0,10.593695,-0.9345999
sp|P23397|HMEN_HELTR,0,3.563337819256773e-11,0,4.0939884,-2.859364
sp|Q9QUK5|HSPB7_RAT,0,0.000419923453591764,0,4.375077,-2.2826655
sp|Q550E5|HSPGA_DICDI,0,5.733933505780442e-08,0,5.5284977,-3.064665
sp|P0CL00|IACP_SALTY,0,0.004376978613436222,0,10.832751,-1.5642096
sp|P19860|IBB2_SETIT,0,0.00020332557323854417,0,2.6246893,-3.8526955
sp|P68606|I2_VACCW,0,0.0012255042092874646,0,8.547815,-4.758404
sp|P07635|INV7_YEASX,0,1.1869435555950103e-12,0,5.8342624,-1.7230433
sp|P14345|ICP47_HHV2H,0,3.155315342340259e-09,0,6.468576,-3.0804226
sp|P0C0L9|ISCX_ECOLI,0,2.1112045942572877e-06,0,10.458852,-2.0962381
sp|P68465|K6_VACCC,0,0.17910730838775635,0,6.953864,-3.9893675
sp|Q9UBP8|KAAG1_HUMAN,0,7.660240479396853e-20,0,4.7121716,-2.6357265
sp|Q5DT21|ISK9_HUMAN,0,0.00011693833221215755,0,2.5366807,-1.9163754
sp|P05785|K1C14_BOVIN,0,0.2745845317840576,0,4.453323,-2.266573
sp|P0DN05|K1BBA_ANEVI,0,0.00034915644209831953,0,0.8129322,-2.7239864
sp|Q86QU0|KGX43_CENEX,0,0.0011863037943840027,0,2.1537795,-4.7518935
sp|P31169|KIN2_ARATH,0,9.924072219291702e-05,0,5.4519773,-2.2914443
sp|P86681|LFXI_HAEDE,0,3.6355577321955934e-05,0,3.0746298,-4.5408907
sp|P80588|LHA1_RHOTE,0,5.0214132851778e-10,0,9.244702,-1.8780785
sp|P19122|LALBA_MACGI,0,0.00033995878766290843,0,3.4319503,-4.709022
sp|P20894|L_HRSV,0,0.017724717035889626,0,7.456573,-3.8549871
sp|Q46404|LTUB_CHLTR,0,2.7084389842002565e-08,0,9.876293,-0.58693767
sp|P09461|LPP_PROMI,0,1.1028326696305157e-07,0,10.135081,-2.109952
sp|P88812|M22_HRSVA,0,0.0006633134325966239,0,7.567832,-3.6916187
sp|P64603|MLAB_SHIFL,0,0.5473905801773071,1,10.612344,-1.9929031
sp|P33740|MS2B_DROSI,0,6.896236754982965e-06,0,1.8891295,-2.0856605
sp|Q9NRJ1|MOST1_HUMAN,0,0.006824257783591747,0,4.4181824,-2.4528654
sp|A2XZL0|MT2C_ORYSI,0,1.2187417741671425e-09,0,4.408257,-3.2934425
sp|Q56209|MOAD_SYNE7,0,9.567645981034545e-11,0,9.838676,-1.11924
sp|P0AC68|NRDH_SHIFL,0,7.774295909257489e-07,0,10.583,-1.8933586
sp|Q37886|NP_BPB03,0,0.00031971841235645115,0,7.6707788,-3.1805673
sp|Q62792|NRF1_RAT,0,0.17911960184574127,0,4.667568,-2.4183834
sp|Q54V54|OST4_DICDI,0,1.097607151299809e-18,0,8.038194,-1.3471236
sp|Q9SBM8|PETN_VOLCA,0,6.602157100132899e-06,0,8.144283,-1.3718389
sp|Q9SZG4|PSK4_ARATH,0,4.097628334420733e-05,0,2.3525527,-2.8233402
sp|A2C0G1|PSBM_PROM1,0,1.4121287676971406e-06,0,8.600818,-1.2947928
sp|A9B9C4|PSBX_PROM4,0,4.895680215388776e-12,0,8.6915455,-1.3266598
sp|O51507|PTHP_BORBU,0,5.993423428662936e-07,0,10.71642,-1.0416034
sp|Q55842|PURS_SYNY3,0,1.173437458312776e-10,0,10.534622,-0.92534095
sp|Q9X0X1|PURS_THEMA,0,3.9263053253080216e-08,0,10.662646,-1.0511024
sp|A0A096LP55|QCR6L_HUMAN,0,2.153264358639717e-05,0,5.0696683,-1.1555835
sp|Q45399|PTEB_GEOSE,0,8.118277605717594e-08,0,10.984535,-0.76432246
sp|Q37907|RCRO_BPD3,0,5.100654334455612e-07,0,7.178199,-4.468416
sp|O82232|RC22_ARATH,0,0.009814215824007988,0,5.274409,-1.5700305
sp|Q9YEZ1|RPOL_AERPE,0,4.3618069225925815e-12,0,10.563312,-0.95177966
sp|Q97C23|RNP4_THEVO,0,8.542357363694464e-07,0,10.598511,-0.8985486
sp|P21887|SAS2_CLOPE,0,0.0028899640310555696,0,10.858555,-0.3475003
sp|P60468|SC61B_HUMAN,0,1.1420389078864446e-08,0,5.013806,-1.6773151
sp|Q9SKE0|SDH8_ARATH,0,4.63157618924015e-08,0,5.3471785,-1.0689546
sp|Q68XN4|SECE_RICTY,0,3.4381636737634835e-07,0,9.495455,-1.3423537
sp|Q8PY55|SECE_METMA,0,5.3102335029198144e-11,0,9.501646,-1.1079452
sp|Q9JHB9|SG2A1_RAT,0,0.01119907759130001,0,3.0257182,-1.9734783
sp|Q96QK8|SIM14_HUMAN,0,3.706149647319338e-18,0,4.6285076,-1.4408519
sp|P50263|SIP18_YEAST,0,4.9504433263791725e-06,0,5.578344,-2.4065623
sp|P42579|SIS_LYMST,0,8.751888458391477e-07,0,1.2756194,-2.4335737
sp|P22755|SINI_BACLI,0,1.0877564040473464e-12,0,6.748064,-5.0907607
sp|Q54LD8|SI173_DICDI,0,1.4894975720380899e-05,0,5.503576,-3.0818477
sp|P0DJY3|SGS_BPT7,0,1.5667036734612338e-07,0,7.8309655,-3.5035994
sp|P69359|SH_HRSV1,0,0.00011941956472583115,0,6.9134803,-4.8187146
sp|P69464|SH_MUMP1,0,0.0005141252186149359,0,7.2962008,-1.277431
sp|Q83NJ2|TATA_TROW8,0,9.34748056735657e-10,0,9.689831,-0.99331284
sp|P80427|TALDO_CARMA,0,9.259874644840238e-09,0,3.9528933,-4.4260063
sp|P0DN52|T62_CINAN,0,1.849027029265926e-07,0,1.1713744,-1.7921768
sp|Q06261|TEC_BPP1,0,0.00021557937725447118,0,6.8401165,-3.8904786
sp|Q9CQN3|TOM6_MOUSE,0,7.0653543779442e-12,0,4.875657,-1.3650821
sp|P01251|THPS_BOVIN,0,0.07342564314603806,0,4.300762,-2.0470922
sp|Q3ECI7|TOM72_ARATH,0,1.213992101289918e-11,0,5.547686,-1.3584281
sp|P85079|TLCOA_ALOMR,0,0.34688347578048706,0,0.54739976,-2.0941408
sp|Q616Q2|TIM8_CAEBR,0,8.944718744982247e-14,0,5.712404,-1.4620954
sp|P18268|TRPC_BACPU,0,0.12694251537322998,0,10.826331,-0.21727215
sp|C6Y4B6|NCE1_SCHPO,0,1.1168472830586085e-12,0,5.67247,-1.322443
sp|P27758|NDHH_SECCE,0,4.0515060391044244e-05,0,4.119759,-5.5579286
sp|Q99PE3|P2RY2_MERUN,0,0.026730095967650414,0,3.6315753,-2.1279562
sp|Q9A459|PARE4_CAUVC,0,2.0687570767563557e-08,0,9.855386,-1.3882052
sp|Q7M4T5|PIA2_PLEOS,0,0.0008892228361219168,0,2.718795,-3.9286606
sp|P12500|POL_SIVV2,0,0.14463932812213898,0,8.046592,-2.9148934
sp|D3DTV9|PRAC2_HUMAN,0,1.1850580678777188e-15,0,4.6822762,-2.4680312
sp|Q06J47|PSAC_BIGNA,0,5.489053819474066e-06,0,8.933947,-1.2393066
sp|A0ZZ55|PSAJ_GOSBA,0,2.1833470498222596e-07,0,8.164308,-1.1909136
sp|P74564|PSAK2_SYNY3,0,3.994462531409226e-06,0,8.891165,-1.159104
sp|A8G2W1|PSBJ_PROM2,0,2.0305771613493562e-05,0,8.85144,-1.0009422
sp|A3PB19|PSBE_PROM0,0,7.060666393954307e-05,0,8.857593,-1.1288594
sp|Q46JP5|PSBFL_PROMT,0,2.1019839550717734e-05,0,8.823808,-1.1773769
sp|A1EA35|PSBT_AGRST,0,0.0029758159071207047,0,8.103561,-1.1845002
sp|B2J1B5|PSBY_NOSP7,0,0.000291986099909991,0,8.595845,-1.3380387
sp|Q7V340|PSBN_PROMP,0,7.938004142893362e-10,0,8.897495,-1.2054882
sp|Q4G3D8|PSBX_EMIHU,0,2.2067118098101357e-12,0,8.406348,-1.349049
sp|P60833|RNP1_SACS2,0,2.5067294018299435e-07,0,10.6366825,-1.0157166
sp|Q98229|RP07_MCV1,0,0.018036087974905968,0,6.641278,-4.6915975
sp|P0C981|RPB10_ASFWA,0,5.373228759708581e-07,0,7.2338667,-3.6155229
sp|Q10YY1|RRP3_TRIEI,0,0.317901074886322,0,9.591146,-0.5421524
sp|O78447|RR6_GUITH,0,0.8664692044258118,1,9.839768,0.047801513
sp|A0T0L0|RR6_PHATC,0,0.3838028013706207,0,9.848617,0.010840363
sp|Q9ZEU5|RS7_APPPP,0,0.5371441841125488,1,7.9058084,-3.0018332
sp|Q40629|RTS_ORYSI,0,0.01291932724416256,0,2.495896,-3.1047373
sp|P43682|SFT1_YEAST,0,1.3990734785973569e-11,0,5.7268763,-1.7936496
sp|A0A2R8YCJ5|SIM41_HUMAN,0,2.3095604798068067e-15,0,4.5906167,-1.6114262
sp|P0DKX4|SIM18_HUMAN,0,5.998565783227024e-15,0,4.577514,-1.5873702
sp|A7Z7F5|SSPI_BACVZ,0,1.796030701939344e-08,0,10.7612095,-0.15230675
sp|Q9LVX6|SMR7_ARATH,0,4.221666758037236e-14,0,2.723476,-2.9461992
sp|Q0AQF4|SLYX_MARMM,0,2.956638933682143e-09,0,9.642197,-0.8716467
sp|Q99PE6|SMIM3_RAT,0,3.9588035627424745e-10,0,4.654963,-1.6150441
sp|Q8TZT9|SRP19_PYRFU,0,7.050148269627243e-06,0,10.306417,-0.7357138
sp|Q1D295|SP5G_MYXXD,0,1.5253152696459438e-06,0,10.006152,-0.42354095
sp|P10438|SPAN1_BPPA2,0,0.0021661310456693172,0,7.0581245,-5.1964946
sp|Q9Y675|SNURF_HUMAN,0,2.208636487921467e-06,0,4.6532426,-2.4293327
sp|Q6PBS6|TM258_DANRE,0,2.260720473670763e-12,0,4.74987,-1.3515416
sp|Q9PUA8|THA_ELECQ,0,1.0394743412689422e-06,0,3.9617994,-2.3157122
sp|F5HDE7|U148C_HCMVM,0,4.353318945504725e-05,0,8.310898,-5.0763607
sp|P0C0M4|TYSY_STAEP,0,3.690135697009822e-11,0,11.00213,-0.7374254
sp|Q04546|US9_CHV9D,0,3.0123199394438416e-05,0,6.8627944,-3.9535043
sp|B6DCZ5|TX824_LYCSI,0,0.11875812709331512,0,0.5405358,-2.458269
sp|A2AMZ4|NDUF8_MOUSE,0,2.1402152015070897e-06,0,4.937566,-1.5553044
sp|P22993|PARC4_ECOLX,0,0.0003146533854305744,0,9.796604,-1.8166234
sp|P0C1N9|PIGY_BOVIN,0,7.0722007876611315e-06,0,4.539139,-1.2270072
sp|A4YJY8|PHS_BRASO,0,7.080815578319744e-08,0,9.630123,-0.7150616
sp|C0HJU4|PLI_CRODO,0,0.08198895305395126,0,2.9998822,-3.9759269
sp|P84341|PHCB_LIMFS,0,2.655306161614135e-05,0,4.6174865,-5.0555
sp|Q8CES1|PMIS2_MOUSE,0,3.598533382387359e-08,0,4.706957,-1.7995296
sp|P80250|PMCH_RAT,0,1.3322299707851926e-07,0,4.2536716,-4.9597883
sp|Q00LT1|PRCD_HUMAN,0,4.7123943636151466e-11,0,4.478577,-2.896582
sp|O32292|PTXA_BACSU,0,8.892773739610504e-10,0,10.794287,-0.74817735
sp|Q7AKQ4|PUP_STRCO,0,3.1917153364702244e-08,0,10.363424,-0.2966192
sp|P06154|REGN_BPPH8,0,9.351073693153467e-09,0,7.775758,-3.5677319
sp|P37525|REMB_BACSU,0,9.919928767310182e-11,0,10.265665,-0.47367477
sp|G2TRQ8|RM36_SCHPO,0,0.004393506795167923,0,6.157904,-1.4880823
sp|P16117|RPC1_BP434,0,4.840106839765212e-07,0,7.381146,-4.3428283
sp|P03042|RPC2_LAMBD,0,1.341348706773715e-06,0,7.6984186,-3.9495473
sp|Q7UZ14|RS21_RHOBA,0,0.8765684962272644,1,9.844188,-0.36195457
sp|Q2JVV4|RS20_SYNJA,0,0.2707839906215668,0,9.657063,-0.46459824
sp|B9KZD4|RS20_THERP,0,0.04913206771016121,0,9.877281,-0.3176507
sp|P61031|RS28_NANEQ,0,0.14685940742492676,0,9.578632,-0.1740894
sp|B0SJ57|RS20_LEPBP,0,0.007932367734611034,0,9.677246,-0.3708694
sp|A4XIA5|RS20_CALS8,0,0.29227080941200256,0,10.025774,-0.17768511
sp|Q47WN6|SDHE_COLP3,0,1.1551753477390125e-12,0,10.6316805,-1.1183041
sp|B6YW71|SECG_THEON,0,1.7796264728531241e-07,0,9.737228,-0.6628861
sp|P0ACH1|SFSB_ECOLI,0,4.2877254524675834e-10,0,10.5256,-2.0392253
sp|P36690|SECE_STRGR,0,3.3029889436875237e-06,0,9.726486,-1.1012784
sp|Q3V2G4|SIM31_MOUSE,0,5.167982516902145e-18,0,4.5861125,-1.4162818
sp|Q99KC7|SMAGP_MOUSE,0,6.220501891363028e-09,0,4.487516,-1.5651947
sp|Q8MPZ7|SPI1_CAEEL,0,0.0003447757917456329,0,1.7502823,-2.744257
sp|P84877|SPF2_PYTHP,0,0.999846339225769,1,3.7427773,-6.2626753
sp|Q10189|SPO12_SCHPO,0,1.918508449707309e-16,0,5.639684,-1.9134889
sp|P85985|SPTN1_CAPHI,0,0.007385050877928734,0,4.11287,-4.701361
sp|P0C8M5|SLRA_BACSU,0,1.4241681293471198e-13,0,10.7632675,-0.7890556
sp|A3MWY1|SRP19_PYRCJ,0,3.113541424681898e-09,0,10.315429,-0.6543713
sp|B5KM66|SYCE3_MOUSE,0,0.00015209575940389186,0,5.3696594,-2.0577462
sp|A5UZ79|TATA_ROSS1,0,1.1655103965280134e-11,0,9.62873,-0.86985356
sp|Q31RR1|TATA_SYNE7,0,1.864451995570171e-11,0,9.710347,-0.84054536
sp|P0CI15|TE92_HASHE,0,0.055929988622665405,0,2.5212986,-4.859155
sp|P22171|TGB3_FXMV,0,0.15909479558467865,0,1.0133429,-3.9298513
sp|P27333|TGB3_LSV,0,0.5290713310241699,1,0.82027173,-4.0147934
sp|O31617|THIS_BACSU,0,6.921298117917e-17,0,10.676213,-0.30814034
sp|Q9XZS3|TMA7_DROME,0,2.2332032056926465e-11,0,5.00959,-2.256168
sp|P27187|TRAA_ECOLX,0,2.1374775727167616e-08,0,9.801698,-1.6459239
sp|P12321|TRPD_SERMA,0,0.8652260899543762,1,4.6994143,-5.8985305
sp|B1IPV6|TUSB_ECOLC,0,3.3189232340191666e-07,0,10.872494,-1.5859473
sp|Q4WK56|U390_ASPFU,0,1.4937447200653268e-16,0,5.1922193,-2.1253276
sp|P0DPX1|TX42A_SCODE,0,6.445901817642152e-05,0,0.92198,-2.7826276
sp|P0DSK2|TX17A_DINQU,0,0.937190055847168,1,1.9134016,-2.1979387
sp|A0A0U1RRE5|NBDY_HUMAN,0,1.0687242202322977e-09,0,4.7324867,-2.5910707
sp|P35722|NEUG_BOVIN,0,0.004813878796994686,0,4.305598,-2.2064297
sp|A8ABZ0|OMP1_IGNH4,0,5.708935546522298e-08,0,9.303822,-1.6907427
sp|P11130|P13_BPPH6,0,0.0926705002784729,0,7.0039654,-3.8758485
sp|Q10220|PCC1_SCHPO,0,2.316089986464931e-09,0,5.793842,-1.9924273
sp|P86103|PER1_VITRO,0,0.0011242886539548635,0,3.7080817,-5.081686
sp|Q03294|PER_DROIM,0,3.638324642452062e-06,0,4.762952,-3.3555946
sp|Q9LXG5|PRE2_ARATH,0,0.003417341038584709,0,5.6642804,-2.133354
sp|Q96KF2|PRAC1_HUMAN,0,2.833592249729122e-09,0,4.637006,-2.7711778
sp|P83266|PRT31_HYDCO,0,0.975082516670227,1,4.320398,-4.4190736
sp|A8G2R3|PSBI_PROM2,0,1.4671546523459256e-05,0,8.676335,-1.2054611
sp|B0C0S7|PSBZ_ACAM1,0,3.121051486232318e-05,0,8.924262,-0.890804
sp|P0AFN0|PSPB_ECOL6,0,6.227593107865914e-09,0,10.305678,-2.1314855
sp|P0CV92|QPCT_CROAT,0,7.557571370853111e-05,0,3.5573182,-4.571315
sp|P19502|REV_SIVSP,0,0.00020116186351515353,0,7.4082384,-3.0843341
sp|Q9T0V1|REPEB_BPT4,0,0.048752181231975555,0,5.084234,-5.294465
sp|B2TVP4|RHAM_SHIB3,0,4.935167225994519e-07,0,10.840209,-1.7899146
sp|P03049|RMNT_BPP22,0,1.1534730504081381e-07,0,7.299957,-4.4201508
sp|O21281|RM32_RECAM,0,0.6233444213867188,1,9.902648,-0.106690116
sp|E7D082|SCX5B_MESEU,0,0.9768478274345398,1,0.20728785,-2.528225
sp|Q3ZBR1|SERP1_BOVIN,0,2.2586658587897546e-07,0,4.926203,-1.2278211
sp|Q9FMS4|SIED1_ARATH,0,2.565083718764072e-07,0,5.4774904,-2.2333848
sp|Q5MJ08|SPXN4_HUMAN,0,2.56472794391005e-12,0,4.7187376,-2.4295096
sp|Q66J44|SPSAA_XENLA,0,9.739724998736321e-11,0,4.5636425,-1.2976813
sp|A7Z2J3|SSPH_BACVZ,0,0.0005314480513334274,0,10.7161255,-0.13379845
sp|Q9CQQ0|SMIM8_MOUSE,0,2.4237675668586922e-12,0,4.7357783,-1.3211886
sp|Q9UUC6|SMD3_SCHPO,0,1.9369551296222198e-07,0,5.840149,-2.051857
sp|Q4R6I6|SRP09_MACFA,0,0.005887473002076149,0,4.2723775,-1.819997
sp|Q05676|SOM1_YEAST,0,7.238721764224465e-07,0,5.655006,-1.525615
sp|Q29068|TCPG_PIG,0,9.433966624783352e-06,0,3.8055615,-2.2881343
sp|P0DN65|TM5_CINAN,0,4.507572157308459e-05,0,1.1974005,-1.7732481
sp|O82275|TAX1_ARATH,0,0.0079464977607131,0,2.8124912,-2.9033916
sp|P34660|TOM7_CAEEL,0,2.580657909589945e-12,0,5.7083783,-1.3778949
sp|Q8AVK1|TI13B_XENLA,0,1.856718338105745e-12,0,5.3518195,-1.57249
sp|W4VSC2|PE1_TRILK,0,8.315448212670162e-05,0,0.8426475,-2.6084204
sp|C3MTL3|PHS_SULIM,0,4.188979474406551e-08,0,9.903514,-0.52260846
sp|A9AXS2|PHS_HERA2,0,1.2008445082756225e-07,0,9.880228,-0.595219
sp|P30942|PHE1_RHDS2,0,0.0006637871847487986,0,4.597748,-5.205365
sp|P85999|PER1_CAPAN,0,7.408730198221747e-06,0,3.9103453,-4.9312053
sp|Q9JZ30|PRIB_NEIMB,0,0.0004456837195903063,0,9.879265,-0.65389985
sp|Q04938|PTSB_LACLL,0,0.0014751650160178542,0,10.902904,-0.6192241
sp|Q9EXU9|PQQD_RHIME,0,2.955606679538869e-12,0,9.714857,-1.4678437
sp|Q8LE92|PSY2_ARATH,0,0.002428370527923107,0,2.3792155,-2.8152277
sp|B3DRN7|PUP_BIFLD,0,3.9570757337514806e-08,0,10.223779,-0.435812
sp|O33347|RELF_MYCTU,0,2.7417308956501074e-06,0,10.098293,-1.3946975
sp|Q9A5D6|RELB2_CAUVC,0,5.041835547149598e-14,0,9.853015,-1.6813159
sp|Q08066|RL19_MAIZE,0,0.6723711490631104,1,9.521916,0.19019558
sp|Q5GRT5|RL21_WOLTR,0,0.0055915918201208115,0,9.719336,-0.41713712
sp|Q5FFP1|RL28_EHRRG,0,0.00022235627693589777,0,9.629088,-0.41928676
sp|Q601F2|RL21_MYCH2,0,0.45465826988220215,0,10.087993,-0.27165794
sp|Q5HAT0|RL29_EHRRW,0,0.0006579036707989872,0,9.721079,-0.4718777
sp|Q9XD28|RL29_LEPIN,0,0.06524045765399933,0,9.579403,-0.2791426
sp|P56613|RL29_AQUAE,0,0.20171476900577545,0,9.793852,-0.20569244
sp|A5CQP8|RL32_CLAM3,0,0.17981231212615967,0,10.098169,-0.07736668
sp|Q3ZYG8|RL32_DEHMC,0,0.0016847964143380523,0,9.908069,-0.19736697
sp|Q73GL5|RL33_WOLPM,0,0.0013591861352324486,0,9.699423,-0.44161364
sp|P58190|RL31_SACS2,0,0.013954142108559608,0,9.6757965,-0.09131683
sp|A6VIN8|RL37A_METM7,0,0.5517030954360962,1,9.639862,-0.0051347124
sp|P49623|RL5_SERMA,0,0.09654175490140915,0,10.267476,-0.006555344
sp|A4YD78|RL40_METS5,0,0.15468980371952057,0,9.701836,-0.15116958
sp|B1MJK9|RL32_MYCA9,0,0.9717009663581848,1,10.123001,-0.07610223
sp|Q5WRL1|RM27_SCHPO,0,0.01866559125483036,0,6.2996397,-1.4770817
sp|A7H2A7|RPOZ_CAMJD,0,1.7578257913933998e-14,0,10.434347,-0.8869135
sp|B0Z500|RR19_OENBI,0,0.9642835259437561,1,9.991219,0.13501796
sp|P52871|SC6B2_YEAST,0,5.221888272899378e-07,0,5.5599337,-1.6439092
sp|P84585|SASG_BACIU,0,2.1986466890666634e-05,0,10.709314,-0.39776468
sp|Q68XV2|SECG_RICTY,0,4.1324433652789594e-08,0,9.444089,-1.0148488
sp|Q9VM46|SEM1_DROME,0,0.0020962711423635483,0,5.4770446,-2.142529
sp|Q8TZK2|SECE_PYRFU,0,2.3308439267566428e-06,0,9.42183,-1.0074799
sp|Q7M742|SG1C1_MOUSE,0,9.176010645761679e-12,0,2.8575149,-1.775043
sp|Q3ZCL8|SH3L3_BOVIN,0,0.0029013613238930702,0,4.3142138,-2.2345722
sp|P0CW21|SPGOS_HUMAN,0,1.0246735371310933e-07,0,4.729036,-2.9365158
sp|Q1ECS0|SMAP2_ARATH,0,1.8003903923258235e-10,0,5.408191,-2.5074341
sp|P56508|SNA2_YEAST,0,0.0021548073273152113,0,5.4825892,-1.8366055
sp|P13502|SYI_KLEAE,0,2.2587188196199204e-12,0,10.894042,-1.5199198
sp|A8FMN2|TATA_CAMJ8,0,2.009924887115544e-13,0,9.613863,-0.7304307
sp|Q2JAL9|TATA_FRACC,0,6.815020214823164e-10,0,9.600749,-1.0003217
sp|Q21FP8|TATA_SACD2,0,3.811766180472631e-11,0,9.845455,-1.625279
sp|Q5EPH2|TCI1_RHIBU,0,0.00037722819251939654,0,1.913653,-3.1068609
sp|P16483|TGB3_CYMV,0,0.0005002256948500872,0,5.6974525,-4.2260904
sp|P09501|TGB3_WCMVM,0,2.2387413878277584e-07,0,6.4430723,-2.624427
sp|O28137|THIO_ARCFU,0,2.02795367304498e-11,0,10.465854,-1.0252565
sp|P14952|TRPG_HUNTH,0,1.0203214141635275e-11,0,10.746821,-0.5655566
sp|Q559H1|TIM9_DICDI,0,6.5721677232344344e-12,0,5.764595,-1.4963112
sp|Q9VYD7|TIM9_DROME,0,5.861687246699887e-10,0,5.489485,-1.5145292
sp|Q9M9R9|NDB3B_ARATH,0,2.1625136577274606e-12,0,5.4478006,-1.115961
sp|P19043|NU3M_ARTSA,0,5.864454806214781e-07,0,7.4157376,-1.153446
sp|Q32PB4|NUPR2_BOVIN,0,1.4923880273937096e-14,0,4.5798965,-2.3513658
sp|P0C2R8|NS48_CVBOK,0,0.004238796420395374,0,5.6230035,-5.140206
sp|P83433|NVSP_ALIVI,0,0.00011845254630316049,0,3.3580244,-4.3825054
sp|Q9Z7Z5|OMCA_CHLPN,0,1.2611706123877298e-09,0,9.843867,-1.3195007
sp|P0DN96|PCEP7_ARATH,0,4.790335151483305e-05,0,2.4552553,-2.8942614
sp|P0C5S8|POLG_HAVSJ,0,0.38467180728912354,0,5.948311,-4.868948
sp|P48272|PSBY_CYAPA,0,0.6952747702598572,1,8.516741,-1.3346977
sp|Q2JXZ7|PSBZ_SYNJA,0,2.5430496819467407e-08,0,8.797144,-1.0557005
sp|Q99N91|RM34_MOUSE,0,0.13089099526405334,0,6.059114,-1.1427406
sp|C4KH38|RPOK_SULIK,0,1.3818183219882485e-07,0,10.658322,-1.0029789
sp|P59283|RPOP_METJA,0,1.950629435754081e-09,0,10.598902,-0.9251651
sp|C0H691|SCR2_ACRMI,0,1.7251862161060671e-09,0,0.7358388,-2.3603582
sp|Q4FQX4|SDHE_PSYA2,0,5.204930236812899e-12,0,10.7975235,-1.2814623
sp|O51356|SECE_BORBU,0,4.2885454604402184e-05,0,9.404642,-0.8686403
sp|D4ACP2|SIM12_RAT,0,1.2830043627444672e-14,0,4.762083,-1.2570696
sp|A0A1B0GW54|SIM39_HUMAN,0,3.180542535119457e-06,0,4.655188,-2.1097813
sp|Q5BS23|SJ711_SCHJA,0,0.017136724665760994,0,1.3906759,-2.923448
sp|A7GBI7|SSPH1_CLOBL,0,0.0005903204437345266,0,10.73856,-0.17123929
sp|Q92KT8|SLYX_RHIME,0,2.001107501925503e-09,0,9.702538,-1.4633555
sp|P0DP57|SLUR2_HUMAN,0,0.0005758400075137615,0,2.8552296,-1.796812
sp|Q5HBS1|TATA_EHRRW,0,1.5739987091478724e-08,0,9.464676,-0.9284049
sp|P0DN50|T6G_TERSU,0,3.127489617327228e-05,0,0.972394,-1.8541106
sp|D4GWC8|TATAT_HALVD,0,1.8954035563290006e-10,0,9.687529,-0.6799982
sp|Q805P6|TCRM_VACCW,0,0.004220077767968178,0,6.002113,-4.157033
sp|Q8N4H5|TOM5_HUMAN,0,3.2148407200227602e-12,0,5.121612,-1.4066597
sp|G2TRP7|TOM5_SCHPO,0,6.388344020447079e-11,0,5.6017437,-1.3647511
sp|Q9A9D4|PARD2_CAUVC,0,8.193739333946584e-16,0,9.9408,-1.6232455
sp|P86220|PHB_MESAU,0,0.9999347925186157,1,3.438841,-2.0392501
sp|P83678|PHAP_DELAC,0,1.537856952893435e-08,0,5.5450535,-5.3218565
sp|P73545|PHAP_SYNY3,0,2.9382204957073554e-05,0,10.145473,-1.4460533
sp|Q56316|PORD_THEMA,0,9.354241825576537e-10,0,10.1896305,-1.2842001
sp|P23319|PSAX_TRIV2,0,0.0020234466064721346,0,9.01489,-1.3211931
sp|A5GNP1|PSBX_SYNPW,0,1.87690536771173e-15,0,8.589678,-1.2309159
sp|P33670|PTSN_PSEPU,0,1.1022447399255952e-09,0,10.838205,-1.4253228
sp|Q9S2H6|PTWB_STRCO,0,1.1169110775144375e-11,0,10.779645,-0.9446824
sp|P37299|QCR10_YEAST,0,6.851998135548598e-11,0,5.711415,-1.3518198
sp|P13960|REA1_ECOLI,0,3.626188117777929e-05,0,9.600426,-2.2711594
sp|P04891|REGN_BPP22,0,8.971062197815627e-05,0,7.574576,-3.2755694
sp|Q6B8T5|RK35_GRATL,0,0.38394448161125183,0,9.660441,-0.3246595
sp|Q1MIC3|RL30_RHIL3,0,0.013015016913414001,0,9.624934,-0.5309783
sp|O48776|RLF17_ARATH,0,5.339600102161057e-05,0,2.3671758,-2.996968
sp|Q9YB47|RPON_AERPE,0,9.608868605306964e-13,0,10.484632,-0.9766082
sp|B2FT05|RPOZ_STRMK,0,3.409493536430481e-15,0,10.395144,-1.5920676
sp|O83699|RPOZ_TREPA,0,1.1628632085036728e-12,0,10.324373,-0.9136556
sp|A8GT12|RS21_RICRS,0,0.2750340402126312,0,9.642717,-0.42917284
sp|Q5ZT07|RS21_LEGPH,0,0.0015575593570247293,0,9.661721,-0.4513906
sp|Q8EUK4|RS21_MYCPE,0,0.23540404438972473,0,9.795384,-0.27838632
sp|Q847R1|RS21_ASTYP,0,0.04706556722521782,0,9.732532,-0.19386646
sp|B1VXZ7|RS15_STRGG,0,0.8516592383384705,1,10.330398,-0.18719725
sp|Q5P9I2|RS20_ANAMM,0,0.0012016015825793147,0,9.759161,-0.20994852
sp|Q7SC06|RS25_NEUCR,0,0.031248992308974266,0,5.490154,-1.9688808
sp|P47839|RS7_SALSA,0,0.9551991820335388,1,4.3728204,-4.6013255
sp|B0SSW2|RS6_LEPBP,0,0.017246857285499573,0,9.640747,-0.2661828
sp|P49214|RS9_TOBAC,0,0.3773583769798279,0,9.56459,0.22299461
sp|O31466|RTPA_BACSU,0,0.00025498741888441145,0,6.467374,-4.798131
sp|P35179|SC61G_YEAST,0,7.712436627116404e-07,0,5.787668,-1.5117061
sp|C1KIZ5|SCR6_ORBFA,0,8.304731454700232e-05,0,0.9261638,-2.4414554
sp|Q97BY3|SECG_THEVO,0,4.16868175534546e-08,0,9.5431,-0.78615695
sp|O46163|SGP3_SCHGR,0,0.016569113358855247,0,1.8698126,-2.7814434
sp|Q28F36|SMAGP_XENTR,0,3.3329953380567545e-11,0,4.4459457,-1.610318
sp|Q9PTL1|SPY1_CHICK,0,1.3366063740249956e-06,0,3.9194124,-2.1247556
sp|Q8LTD0|SPAN2_BPP2,0,6.11562633867635e-10,0,8.319149,-4.427434
sp|P22407|SPDA_STRLI,0,0.00016596252680756152,0,9.912693,-1.377357
sp|E2FZM5|SOCB_MYCTU,0,3.130838699405558e-09,0,5.6397,-2.725854
sp|Q3UZP4|SVIP_MOUSE,0,9.874870698922678e-09,0,4.599587,-2.1223361
sp|P0CI14|TE9A_HASHE,0,0.39413580298423767,0,0.9959357,-1.8147155
sp|Q02122|TGB3_POPMV,0,0.0002565035247243941,0,6.5613165,-3.9062626
sp|Q8VY77|TGD5_ARATH,0,8.715664989722427e-08,0,5.3205633,-2.4910786
sp|P32544|TAT_EIAVC,0,0.0011917452793568373,0,6.1086574,-3.1557968
sp|A2BZU7|NDHO_PROM1,0,9.527974242917736e-11,0,9.118162,-0.74393153
sp|P81164|NODX_STRHE,0,0.01099022664129734,0,3.2425928,-4.269011
sp|P0C5X9|NU4LM_DICCI,0,5.415473403047599e-09,0,7.8410063,-1.0652369
sp|Q65982|NS3A_CVCAI,0,0.011269672773778439,0,7.013807,-4.088256
sp|P58091|PARD1_CAUVC,0,8.345002466825235e-11,0,9.919997,-1.518302
sp|P39545|PAU7_YEAST,0,0.00015858662663958967,0,1.5194286,-2.2157538
sp|P27387|PKG20_BPPRD,0,8.602504486532325e-09,0,8.133165,-1.4848701
sp|P15984|PERX_WHEAT,0,3.527772059896961e-05,0,3.1200392,-4.07285
sp|G2TRL4|PRL65_SCHPO,0,7.427279342664406e-06,0,7.0870614,-2.5788946
sp|Q941C7|PSY1_ARATH,0,4.4297680688032415e-06,0,2.3641956,-2.784962
sp|O15172|PSPHL_HUMAN,0,0.00011810362047981471,0,4.8951335,-2.0375476
sp|Q9CQ69|QCR8_MOUSE,0,5.815491421756747e-10,0,5.0532293,-1.0146096
sp|Q58573|RELE4_METJA,0,1.5364046703325585e-05,0,10.114668,-1.1009345
sp|Q9AA09|RELE1_CAUVC,0,5.7710671796940005e-09,0,9.881621,-1.4681911
sp|Q9N117|RELN_BOVIN,0,3.058591801163857e-06,0,3.2654133,-4.373426
sp|P0DOY4|RKD3_PYRCJ,0,2.1785209014524298e-07,0,10.365626,-1.0889232
sp|C0QM36|RL28_DESAH,0,0.009533612057566643,0,9.911861,-0.23664343
sp|Q6MDF9|RL28_PARUW,0,0.0003315323847346008,0,9.672319,-0.29371342
sp|Q492J6|RL25_BLOPB,0,0.10442653298377991,0,9.783664,-0.56007755
sp|Q4N921|RL38_THEPA,0,0.22780507802963257,0,9.418658,-0.037242528
sp|Q57649|RPON_METJA,0,1.0467826258575563e-11,0,10.534323,-0.982141
sp|A3MWM4|RPOP_PYRCJ,0,1.7939330576588475e-11,0,10.520615,-0.87335366
sp|A8I6P9|SC61B_CHLRE,0,6.559287141216785e-11,0,5.519335,-1.3763123
sp|C0H692|SCR3_ACRMI,0,3.8713966432624147e-07,0,0.77030176,-2.047204
sp|Q3E870|SDH7B_ARATH,0,0.0007476495229639113,0,5.4440107,-1.1447036
sp|Q975S0|SUI1_SULTO,0,7.58209671403165e-06,0,9.684108,-0.23464131
sp|P48539|PCP4_HUMAN,0,0.006705390755087137,0,4.4865937,-1.9277682
sp|P07765|PF2L_PLAFP,0,0.00048712227726355195,0,6.520183,-4.0376754
sp|A0T0A7|PETM_PHATC,0,3.271810877780723e-10,0,8.353352,-1.4087919
sp|P61013|PPLA_PIG,0,0.0017167284386232495,0,4.3587036,-2.128917
sp|A9BEK7|PSBY_PROM4,0,2.0178658814984374e-05,0,8.739188,-1.2438453
sp|P17159|PSBZ_CYAPA,0,0.00017933433991856873,0,8.595926,-1.0649858
sp|C6Y4C1|PT117_SCHPO,0,2.3066538438966562e-14,0,5.7827153,-1.5648493
sp|Q0SN11|RL30_BORAP,0,0.06576739996671677,0,9.893039,-0.26422825
sp|C1F634|RL29_ACIC5,0,1.6195172065636143e-06,0,9.581629,-0.27746412
sp|Q9Y9G4|RL35A_AERPE,0,0.1554631143808365,0,9.604178,-0.103475444
sp|Q05FP5|RL32_CARRP,0,0.18176977336406708,0,9.971018,-0.15506777
sp|A9GR94|RL331_SORC5,0,0.12582999467849731,0,9.747815,-0.33805767
sp|P14117|RL4_XENTR,0,0.044031690806150436,0,9.338284,0.12835427
sp|B3CLK3|RL35_WOLPP,0,0.019349023699760437,0,9.587672,-0.36682373
sp|A2BN56|RL31_HYPBU,0,0.009603772312402725,0,9.6040745,-0.14731425
sp|B0R7X8|RL31_HALS3,0,0.21047228574752808,0,9.636422,-0.15454145
sp|Q74MN9|RPOL_NANEQ,0,5.300310537692532e-12,0,10.613947,-0.9318942
sp|Q3ZC23|RNK_BOVIN,0,0.0005005914717912674,0,4.67176,-1.5705509
sp|Q10360|RRN10_SCHPO,0,4.998906844022599e-10,0,5.8435583,-2.1468203
sp|Q2GEY4|RS18_NEOSM,0,0.004469656385481358,0,9.801804,-0.24161415
sp|A0QSE0|RS17_MYCS2,0,0.9563219547271729,1,10.27865,-0.11683987
sp|P52820|RS15_HELLU,0,0.2788936495780945,0,9.511682,-0.1101325
sp|Q25520|RUNT_MANSE,0,1.2102123747581572e-08,0,3.8116755,-2.8863866
sp|G2TRT5|SLO1_SCHPO,0,1.5550549736786934e-09,0,5.6593914,-2.173557
sp|P35323|SPRR1_PIG,0,0.16874195635318756,0,4.340556,-2.5134602
sp|P52752|SSGA_METAN,0,0.000789916783105582,0,2.577223,-3.349787
sp|P0CS72|SUS1_CRYNJ,0,6.60022382725148e-18,0,5.399001,-2.0060227
sp|P11905|STBC_ECOLX,0,9.705703268991783e-05,0,9.80312,-1.8612363
sp|P22613|STP1_SHEEP,0,1.2752197108056862e-05,0,4.450825,-2.2984097
sp|Q6ML26|TATA_BDEBA,0,9.977490770976365e-15,0,9.554933,-0.84355384
sp|Q4FQ61|TATA_PSYA2,0,3.6769965544580785e-11,0,9.591708,-1.0891773
sp|Q2RTH2|TATA_RHORT,0,3.099888594648931e-16,0,9.760842,-1.1769046
sp|O66478|TATA2_AQUAE,0,1.0847980499995025e-11,0,9.814922,-0.8659723
sp|Q08084|NU6M_ALBTU,0,3.1351143903179945e-11,0,7.5798674,-1.0935838
sp|Q9KUH2|OADG1_VIBCH,0,1.676035872588688e-11,0,9.198061,-1.7975073
sp|Q88426|ORF10_SPV1C,0,0.0025140857324004173,0,8.055594,-5.0475197
sp|P07581|P9_BPPH6,0,6.908441874120541e-11,0,8.296928,-4.460643
sp|P9WIG7|PE35_MYCTU,0,1.75957666215254e-07,0,9.904074,-1.2990205
sp|P15972|PHXR2_MOUSE,0,9.069977386388928e-05,0,4.6735897,-2.6847029
sp|P86001|PER3_CAPAN,0,0.011594233103096485,0,3.7779915,-5.141874
sp|B7UTE9|PERC_ECO27,0,1.2090526979591232e-06,0,10.612589,-2.0450106
sp|Q05I08|PQQD_XANOR,0,4.175632756231451e-11,0,10.262102,-1.6407144
sp|P58560|PSAI_NOSS1,0,1.1269032285099456e-07,0,8.676812,-1.3264731
sp|P52201|PUR8_SPICI,0,0.019619155675172806,0,7.9347563,-4.056136
sp|P31200|RBL_ROSDA,0,0.0001263172016479075,0,8.378006,-0.8194232
sp|P27328|RDRP_LSV,0,0.9941752552986145,1,4.933221,-5.7191906
sp|Q9AA08|RELB1_CAUVC,0,1.9491749880806708e-10,0,9.889218,-1.5916649
sp|P60743|RL24_ONYPE,0,0.42016902565956116,0,9.472157,-0.15566504
sp|Q058B8|RL28_BUCCC,0,0.003870902117341757,0,9.773365,-0.35687596
sp|Q3MBG0|RL25_TRIV2,0,0.9450030326843262,1,9.983131,-0.01914454
sp|B6YS40|RL32_AZOPC,0,0.00029156982782296836,0,9.959694,-0.12947024
sp|Q182S6|RPOZ_CLOD6,0,4.623166134859816e-14,0,10.401757,-0.5534484
sp|Q0AXK9|RPOZ_SYNWW,0,9.729301011826672e-16,0,10.535342,-0.5502814
sp|Q4JB68|CEDA1_SULAC,0,2.5205291187546663e-09,0,9.440916,-1.5290076
sp|Q8IZM0|CNG1O_HUMAN,0,0.0003448743373155594,0,4.986779,-2.8826585
sp|P0DPE6|CJTL8_EPIJA,0,0.09740131348371506,0,0.83153665,-2.1734743
sp|D2Y2C7|H17A2_CYRHA,0,0.0014066973235458136,0,0.7259894,-1.7980208
sp|Q9K4V1|GSTI_RHILE,0,6.0729180404450744e-05,0,9.647629,-1.675398
sp|O21877|HCP2_BPLSK,0,0.0007214756333269179,0,6.1220903,-4.7653337
sp|Q54LF2|HSL61_DICDI,0,3.7847900102860876e-07,0,5.53009,-3.1294131
sp|P12969|IAPP_RAT,0,0.009435173124074936,0,2.9997554,-1.9426421
sp|P0CH89|HUGA_VESMC,0,0.8434003591537476,1,3.0056882,-6.1941614
sp|P39212|INSN2_ECOLI,0,0.0005027065053582191,0,10.307383,-2.0858617
sp|P0C5X7|JZT45_CHIGU,0,0.00014892162289470434,0,0.6823418,-1.7611868
sp|P00996|ISK1_BOVIN,0,4.898107727058232e-05,0,2.6645539,-1.8632112
sp|Q9UNZ5|L10K_HUMAN,0,2.3328404097355815e-08,0,4.7001414,-1.8375382
sp|P0CI87|KTXG_LYCMC,0,0.0030467493925243616,0,0.49675953,-3.2324936
sp|P0C5T2|M2_I01A2,0,1.5598057956367484e-08,0,6.961606,-3.0927246
sp|P20086|MOBS_ACIFR,0,5.864951753420389e-12,0,9.965225,-1.9699044
sp|P06232|NODF_RHIME,0,4.44784031827794e-09,0,10.881172,-1.3406445
sp|B3SRR8|NSP6_ROTH7,0,0.031108040362596512,0,7.834828,-3.621068
sp|Q8JPQ9|NSS_BUNL8,0,0.003292050212621689,0,7.8850713,-3.7998595
sp|Q06059|NU6M_ANAPL,0,6.207477587505394e-11,0,7.5234356,-1.0776666
sp|Q9A4S4|PARE3_CAUVC,0,5.605007658004979e-08,0,9.975264,-1.2872484
sp|P80883|PETM_SPIOL,0,2.743056256804266e-06,0,8.314751,-1.3608569
sp|A5GL35|PSAK_SYNPW,0,2.6188179617747664e-05,0,8.890499,-1.2629602
sp|P52222|CCMC_PSEFL,0,3.924327252047277e-10,0,9.898726,-2.0268903
sp|P0C5K6|CT18_HUMAN,0,1.6160124687303323e-06,0,4.6623664,-2.8938754
sp|P52629|FLIZ_YEREN,0,2.1944126729067648e-06,0,10.007297,-2.4374104
sp|P96974|FLGM_PROMI,0,7.486552881536684e-14,0,10.444671,-1.6221546
sp|P0A3T9|GERPD_BACCE,0,6.181423373163852e-08,0,10.611072,-0.16575211
sp|Q38490|GP13_BPMU,0,8.352414511136885e-07,0,6.5303836,-4.4569883
sp|Q9XJQ9|GPL_BPPM2,0,0.9678460359573364,1,6.1937647,-5.2297163
sp|Q9JLS0|HLPDA_MOUSE,0,3.3542586606927216e-05,0,3.0596352,-1.9848386
sp|P16589|ITRP_HALRO,0,0.24996373057365417,0,2.7783403,-4.0216713
sp|P11340|J_SPV4,0,0.4002031087875366,0,4.9183373,-5.64171
sp|Q09TK7|ISK11_MOUSE,0,0.00014052317419555038,0,2.6384032,-1.8402324
sp|P56660|KNOX2_MAIZE,0,6.92288886057213e-05,0,2.8060846,-3.103719
sp|A0A0U1RRL7|MMPOS_HUMAN,0,1.5509314665873575e-10,0,4.745745,-2.8291118
sp|Q0AGZ0|MINE_NITEC,0,1.2847723746152711e-14,0,9.774911,-0.81722945
sp|Q7WY64|MIFM_BACSU,0,1.9905962744815042e-06,0,9.81964,-1.8688219
sp|P14948|MPAL3_LOLPR,0,0.03268997743725777,0,2.7575483,-4.774011
sp|P55946|MT_ARIAR,0,5.0456743338145316e-05,0,4.0982647,-3.6325824
sp|Q8TU04|MTRF_METAC,0,3.7784930739803713e-10,0,9.293022,-1.4366864
sp|P0CJ04|NDBR_LYCMC,0,0.13411343097686768,0,0.71880525,-2.3253574
sp|P0DP88|MYMX_DANRE,0,7.076285328366794e-06,0,4.4623933,-1.4877121
sp|P09137|NIFW_KLEPN,0,1.4072714549229204e-08,0,10.4469,-2.0004086
sp|Q805K3|P28B_VACCW,0,2.3630523173778784e-06,0,6.46292,-4.4039702
sp|P15903|ORF12_SPV1R,0,0.00044501855154521763,0,6.0853314,-5.2041483
sp|Q88424|ORF13_SPV1C,0,0.0005358835915103555,0,6.2222047,-5.2996783
sp|Q83096|ORF1_LRVLG,0,0.00019482523202896118,0,6.5520163,-3.7410412
sp|Q28466|PO2F1_MACEU,0,0.006438081152737141,0,4.7481294,-3.308288
sp|B3PLV3|ATPL_MYCA5,0,2.974099189145818e-08,0,9.063957,-0.79524994
sp|Q5SI26|GCBP_THET8,0,6.775808003567363e-08,0,10.176217,-1.0993704
sp|Q9PL38|GATC_CHLMU,0,0.0009338204981759191,0,9.982773,-0.63531685
sp|P81124|GSTO_APLCA,0,7.766164933364905e-10,0,3.9047313,-2.2737365
sp|P24371|GVPG1_HALSA,0,0.00022881464974489063,0,8.983633,-1.6802143
sp|Q7SI91|HD9_ENCCU,0,3.7120965481161894e-13,0,5.94476,-2.0032177
sp|B0XZT4|IELA_ASPFC,0,0.023334704339504242,0,2.3221433,-3.390328
sp|Q8VBE2|ICP35_WSSVS,0,0.000769296835642308,0,6.60029,-3.336153
sp|C0HJQ4|KAX3I_MESEU,0,2.3781208113859975e-08,0,0.4654455,-3.2311652
sp|A0A097SRV6|L57L_ASFB7,0,8.629075409771758e-08,0,5.00593,-3.5629768
sp|P0DJO0|LHA1_RUBGE,0,3.168456430557853e-08,0,9.28514,-1.9034342
sp|P97253|LHA_PHAMO,0,5.081904419057537e-06,0,9.262468,-1.8553216
sp|Q9HKT2|LPLAC_THEAC,0,6.159209442557767e-05,0,10.167988,-0.59681225
sp|Q1ZXD5|LSM8_DICDI,0,2.433611712149286e-07,0,5.7420936,-2.1171663
sp|Q51773|MERD_PSEFL,0,2.4145488386473346e-10,0,10.048031,-1.9791559
sp|P53869|MRX7_YEAST,0,1.8351547623751685e-06,0,5.978661,-1.6245097
sp|Q8NCU8|MTLN_HUMAN,0,1.4966009075578768e-05,0,4.719257,-1.5373242
sp|P35087|NBLA_SYNE7,0,5.0451758326630625e-09,0,6.3700457,-4.6464334
sp|Q9C9Z5|NDUA1_ARATH,0,1.5106748207927012e-07,0,5.293185,-1.103808
sp|Q9EXI9|NFUA_KLEPN,0,0.00015242905647028238,0,10.493239,-1.828207
sp|P97270|NOS3_CAVPO,0,0.0019421532051637769,0,4.3391023,-2.6246293
sp|Q057W6|NUOK_BUCCC,0,2.8957038988863815e-09,0,9.116228,-0.8573726
sp|Q9IG43|ORFC4_PICV,0,7.138019282137975e-05,0,6.426735,-3.5514283
sp|Q77NN9|ORF57_VZVO,0,0.2902102768421173,0,6.588236,-3.9321263
sp|P0DJX9|ORF5A_EAVBU,0,7.310150351713673e-08,0,5.874627,-4.4534783
sp|Q9DUC2|ORF2_TTVE1,0,0.000226080184802413,0,6.490557,-3.1291258
sp|Q9DUB9|ORF4_TTVE1,0,0.053679950535297394,0,6.4370937,-4.1124964
sp|P0DJY2|POG_ABPVR,0,0.011974912136793137,0,7.740098,-3.6925921
sp|A0A384E126|ATZG_PSESD,0,3.333322183607379e-06,0,9.608222,-1.4058251
sp|Q33822|ATP8_PATPE,0,3.562180063454434e-05,0,7.3278317,-1.250318
sp|P25004|ATP8_PISOC,0,7.575323479613871e-07,0,7.3220115,-1.2329034
sp|P21007|B11_VACCC,0,3.592923894757405e-05,0,6.341843,-3.397318
sp|P13570|BFR_NITWI,0,0.005737596657127142,0,9.12973,-1.663386
sp|Q9PX71|B2_HHV6Z,0,9.482800829296867e-14,0,6.069086,-3.0362835
sp|P0CAQ4|CA11A_CONAH,0,1.0562403076619375e-05,0,1.1272308,-2.0116417
sp|P0C8U8|CA14_CONPL,0,0.0017589370254427195,0,1.2294132,-2.2486267
sp|Q9UTG8|DAD2_SCHPO,0,3.724478407976517e-13,0,5.872462,-1.976855
sp|Q1RIC4|CYAY_RICBR,0,2.9410635761450976e-05,0,10.759647,-1.3366865
sp|Q8JP02|ICP47_CHV1E,0,8.482155067213171e-07,0,6.401497,-3.2127206
sp|P85498|ITRA_ALBKA,0,0.00031452401890419424,0,3.751725,-4.6447864
sp|Q6Q560|ISD11_YEAST,0,0.0016877127345651388,0,5.755431,-1.6891614
sp|P16805|IR07_HCMVA,0,4.905117384623736e-05,0,6.2919245,-3.3340948
sp|Q89667|KP86R_ASFB7,0,0.1312597393989563,0,7.8478074,-4.1827526
sp|P0CAK6|L83L_ASFK5,0,7.340659746724043e-10,0,6.223933,-3.6712425
sp|Q80X45|KISHB_MOUSE,0,2.081008920740146e-09,0,4.5456185,-1.2747692
sp|P80103|LHA2_HALHR,0,2.571231227932458e-09,0,9.258927,-1.8865051
sp|Q057M4|MINE_BUCCC,0,7.095178333749175e-10,0,9.856954,-1.0250567
sp|P04576|MIBP_PSESP,0,0.9992315769195557,1,4.481515,-6.0299554
sp|Q67593|MP_MISV9,0,3.383547886315341e-10,0,5.036007,-2.3151002
sp|P30565|MT_THEVL,0,0.0008199134026654065,0,9.922647,-1.1241094
sp|O32868|MTRG_METKA,0,3.3175953303987704e-12,0,9.365233,-1.454484
sp|B1PS81|ORF6_LOLV,0,0.012656444683670998,0,4.926305,-5.345803
sp|P09518|ORF7_BYDVP,0,0.006042820401489735,0,6.0339694,-4.307691
sp|Q9XJR5|P8_BPPM2,0,1.5926561900414526e-06,0,8.161446,-4.293715
sp|O54457|PPSA_ENTAG,0,2.8617207135539502e-05,0,9.487383,-2.3777537
sp|Q7MH89|PRIB_VIBVY,0,0.029463566839694977,0,10.32845,-1.4380635
sp|P22666|PSBH_CHLRE,0,1.5080388493515784e-06,0,8.424157,-1.0988706
sp|P17227|PSAI_PEA,0,1.645514885240118e-06,0,8.352434,-1.3159164
sp|B8HRF1|PSAI_CYAP4,0,4.333133678258161e-12,0,8.5266,-1.3229768
sp|P55963|CA4A_CONPU,0,9.833484909904655e-06,0,1.1521621,-2.1711206
sp|Q01025|CEP3_SHV21,0,0.020546820014715195,0,6.4208937,-3.665718
sp|Q5F9I5|CLPS_NEIG1,0,3.824034067179127e-08,0,9.956273,-0.7959518
sp|Q5E9N2|CNBP1_BOVIN,0,3.3716510188241955e-06,0,4.33887,-1.9344449
sp|Q5SY13|COAS1_HUMAN,0,4.813310283680039e-07,0,4.8496513,-2.6934805
sp|Q2XXR4|CRVP1_VARAC,0,0.00044389537652023137,0,1.130869,-2.5269656
sp|Q1K528|COX8_NEUCR,0,0.00013965251855552197,0,5.257613,-1.0535462
sp|P04532|GP57_BPT4,0,1.8187996886354085e-07,0,7.236046,-4.7227826
sp|Q9KMG5|HIGB1_VIBCH,0,1.183972017315682e-05,0,10.25662,-1.6793495
sp|P31516|HEMP_YEREN,0,0.03487052768468857,0,10.272629,-2.2335887
sp|P14586|HRP3_PLAFS,0,0.008690445683896542,0,7.879064,-4.4666986
sp|P0C8X9|KAXU2_HOFGE,0,0.0013846992515027523,0,0.5188501,-3.1111445
sp|P04126|LHG_BLAVI,0,0.00015006025205366313,0,8.906782,-1.8339963
sp|Q5TA78|LCE4A_HUMAN,0,0.00039790046866983175,0,5.2910113,-2.8713183
sp|P0CL60|MAZE8_MYCTU,0,3.042810590159206e-07,0,9.907,-1.3951231
sp|Q9D8X0|MANBL_MOUSE,0,5.182731007595878e-14,0,4.658999,-1.5198203
sp|C0HJE8|MCPIB_NERVS,0,0.0008030079770833254,0,3.3626425,-4.4372325
sp|Q46865|MQSR_ECOLI,0,0.22510990500450134,0,10.536803,-2.005952
sp|P43174|MPA5A_AMBPS,0,0.5092556476593018,1,2.5242484,-3.6216867
sp|I6S3A5|PNX33_SCOSU,0,7.778151733806027e-11,0,0.753281,-2.848859
sp|Q8YLK8|PSAK2_NOSS1,0,5.843494363944046e-07,0,8.90261,-1.1721275
sp|A1E9Z1|PSBK_AGRST,0,1.568276508656652e-09,0,8.361256,-1.019352
sp|Q44558|PSD_AZOVI,0,8.187614142229904e-09,0,9.383752,-2.0525377
sp|P12229|PSBJ_EUGGR,0,2.012232158676852e-08,0,8.328052,-1.2137096
sp|Q9AR88|PSK4_ORYSJ,0,1.0050946002593264e-05,0,2.4588842,-2.8903613
sp|Q5N554|PSBL_SYNP6,0,5.330994099495001e-07,0,8.773894,-1.1951201
sp|P24701|DPO3B_ACTPL,0,2.3766780999978166e-15,0,10.628595,-1.3447713
sp|P70742|DSRD_ARCFU,0,4.590476422919841e-15,0,10.199709,-1.1608577
sp|Q28469|EDN1_MACFA,0,0.00010210211621597409,0,3.2024534,-2.2159255
sp|C6Y4C5|ECL2_SCHPO,0,1.2333729593194676e-08,0,5.737609,-1.8940508
sp|P55823|EF2_RABIT,0,0.3335515558719635,0,4.655514,-6.301076
sp|B3MQ24|ENY2_DROAN,0,4.523282096102754e-11,0,5.4687433,-1.8910325
sp|Q8LHP0|ELOF1_ORYSJ,0,8.785458797087864e-13,0,3.1051133,-2.9458826
sp|Q09410|EMB1_CAEEL,0,9.841994298535883e-15,0,5.403956,-2.3264074
sp|B1WBS9|FA24A_RAT,0,7.401761649816763e-06,0,3.4432535,-1.7615687
sp|Q04TB2|EX7S_LEPBJ,0,1.5263474078403005e-13,0,10.438865,-1.1975205
sp|Q49945|ES6LY_MYCLE,0,5.9939473430858925e-05,0,9.697956,-1.067212
sp|Q2GLP1|EX7S_ANAPZ,0,5.385855956774321e-07,0,10.25966,-0.89534247
sp|Q9K548|ESXC_MYCPA,0,1.3791849596600514e-05,0,9.802855,-1.2563901
sp|P68311|ERTS_BOVIN,0,0.0015747169964015484,0,2.97079,-4.0017815
sp|O67251|FORD1_AQUAE,0,4.000180098273631e-08,0,9.96223,-1.1871352
sp|P23587|FLMC2_ECOLX,0,0.0017139514675363898,0,9.928182,-2.040444
sp|Q9PTW3|FZD3_CHICK,0,1.1701253299634118e-09,0,4.3952146,-1.3971399
sp|D2Y2H6|H12A2_CYRHA,0,0.05017317831516266,0,0.6790917,-1.7006817
sp|Q55FV1|HSL3_DICDI,0,5.770493771706242e-06,0,5.519552,-3.0452302
sp|Q03576|HMVA_METVO,0,1.5092703562619159e-12,0,10.616063,-0.8949647
sp|Q7TLC4|ICP47_CHV16,0,6.026414034465688e-09,0,6.5071635,-3.2372375
sp|B1P1E9|JZT23_CHIGU,0,2.625038462156226e-07,0,0.77522886,-1.8290693
sp|Q9D256|ISK12_MOUSE,0,0.0011017021024599671,0,2.50308,-1.9471024
sp|Q7YQJ3|IPKG_BOVIN,0,5.100219802045558e-09,0,4.449116,-2.1372917
sp|Q52282|KLEG1_ECOLX,0,6.641243999183644e-09,0,10.070062,-2.0284758
sp|Q9RWB8|MINE_DEIRA,0,4.846745227382598e-09,0,9.946897,-0.99705
sp|P02882|MONB_DIOCU,0,0.8092602491378784,1,3.421567,-4.491582
sp|Q19LA2|MT2B_COLES,0,5.3586033388342e-09,0,4.253574,-3.4980845
sp|G2TRP2|NEW15_SCHPO,0,0.04947826638817787,0,6.1351137,-1.3549001
sp|P39234|NEEDL_BPT4,0,0.05465645343065262,0,7.38645,-3.3521926
sp|P83981|IGW1_GINCI,0,6.91885725245811e-05,0,3.8371427,-4.5945964
sp|Q52278|KLEA1_ECOLX,0,1.8967939198477612e-12,0,7.628234,-4.2821994
sp|P42215|KPSU1_ECOLX,0,1.2320124954945388e-11,0,10.767935,-1.8556424
sp|O10443|L2MU_ADEM1,0,0.9990090131759644,1,8.558322,-4.7789288
sp|Q67J15|KRP6_ORYSJ,0,6.171183898097399e-13,0,2.9643404,-2.9185605
sp|P85112|KPPR_VITSX,0,3.7709328353230376e-06,0,4.049538,-5.4068656
sp|Q54463|MERP_SHEPU,0,1.7069373825506773e-06,0,10.145089,-1.7206031
sp|P22960|MP8_TNVA,0,0.010766405612230301,0,6.2193484,-3.5666847
sp|P43640|MUNC_MYCSP,0,4.629037496199639e-13,0,10.655343,-1.301842
sp|P48064|MTRB_BACPU,0,0.0429171547293663,0,10.833994,-0.62388134
sp|Q66S08|NATTP_THANI,0,0.9931471943855286,1,1.2269251,-2.0068653
sp|P73891|NBLA1_SYNY3,0,0.00023483013501390815,0,6.590031,-4.706234
sp|Q08542|MVP2_BYVU,0,1.3842460435276732e-13,0,7.546044,-1.6481273
sp|P0DJX5|NSS_PUUMG,0,3.6305616958998144e-05,0,7.940062,-3.6826258
sp|P19046|NU4M_ARTSA,0,3.445761365128419e-07,0,7.4359584,-1.1625226
sp|P76078|PAAB_ECOLI,0,4.6031792066232244e-14,0,10.46871,-1.759791
sp|P9WHG6|PARE1_MYCTO,0,2.249513642027523e-08,0,10.012853,-1.4109279
sp|P0DJE0|PT100_MOUSE,0,3.6032768435667606e-10,0,4.8583236,-1.2455114
sp|A9CBA1|RH1_ADES1,0,0.6467414498329163,1,6.434004,-3.7722456
sp|P56615|IP21_CAPAN,0,0.8600306510925293,1,2.620807,-4.1016545
sp|P02448|KRA81_SHEEP,0,0.0005923209828324616,0,4.750787,-3.1635208
sp|K7WMX6|LA1_HETSP,0,0.0021144242491573095,0,1.1015202,-2.6597166
sp|P04124|LHB_BLAVI,0,1.7406387996743433e-05,0,9.236995,-1.8434513
sp|P97400|LEG10_MOUSE,0,0.00042422584374435246,0,3.6654778,-2.5336084
sp|P80586|LHA_RHOTE,0,7.488175413072895e-09,0,9.232576,-1.8262063
sp|B3EWF3|LTX1B_LACTA,0,0.0935642346739769,0,0.509002,-2.429957
sp|P83441|MEN1_EUPNO,0,0.0029521824326366186,0,3.3884795,-4.513791
sp|Q2W8Q9|MAMI_MAGSA,0,1.9705105387402e-06,0,9.625443,-1.6121728
sp|P83235|MEN2_EUPNO,0,0.7414921522140503,1,3.6783123,-4.1063776
sp|Q9C1W7|MIM1_SCHPO,0,5.896108601355365e-11,0,5.6754084,-1.3813013
sp|Q9YGA3|MTBC_METTE,0,1.7912263894359626e-09,0,9.716456,-0.9578041
sp|Q09215|MOA2_CAEEL,0,1.2075616062645622e-08,0,6.4972725,-3.0838633
sp|Q26497|MTA_SPHGR,0,1.1504304353593398e-07,0,4.268374,-3.5551574
sp|P86217|NDUS3_MESAU,0,0.002705369610339403,0,5.2376723,-0.9937723
sp|Q9Y0X5|NDBX_MESMA,0,0.1221695989370346,0,1.1011974,-2.3933997
sp|P26247|NIFU_NOSCO,0,1.5414705558214337e-05,0,10.035241,-2.3183043
sp|P20622|NIFK_METTL,0,1.4717886996302093e-16,0,9.931113,-1.1637076
sp|G2TRT4|NEW25_SCHPO,0,2.1732811106289773e-08,0,5.920386,-1.706844
sp|O71191|MVP2_GLRV3,0,9.010904614115134e-05,0,7.7376213,-1.6434075
sp|P48904|NU2M_CYACA,0,2.313371169293532e-06,0,8.133743,-1.0431817
sp|O47492|NU4LM_METSE,0,5.081398635198298e-10,0,7.6464434,-1.0615435
sp|P0DKJ2|P319A_ARATH,0,2.883570414269343e-05,0,5.0043917,-4.329481
sp|P0C769|P6_PLRV1,0,2.055111872323323e-05,0,5.7086062,-3.9964588
sp|P22961|P6_TNVA,0,1.5427497146447422e-06,0,5.717243,-4.767793
sp|P9WJ74|PARD2_MYCTO,0,3.21138927082687e-12,0,10.024734,-1.4669704
sp|B1WU77|PETM_CROS5,0,7.020700820703496e-08,0,8.57966,-1.263121
sp|Q7M269|PHEG1_GASCO,0,6.666056151516386e-09,0,4.4045343,-5.0512776
sp|Q56029|PAGD_SALTY,0,4.601646287483163e-05,0,9.876091,-1.7765889
sp|Q8VWY7|POLC2_TOBAC,0,0.0023079137317836285,0,2.830844,-3.459532
sp|P0A266|PPIC_SALTI,0,5.842777994757853e-08,0,10.79124,-1.7476485
sp|Q7NM41|PSB28_GLOVI,0,4.178749804850668e-05,0,9.365072,-0.62293416
sp|P06841|PRTZ2_SCYCA,0,0.6952100992202759,1,4.2560887,-5.4099
sp|Q8WN12|PRRP_SHEEP,0,2.424984018034593e-07,0,3.0110292,-1.9377362
sp|Q56P42|PYDC2_HUMAN,0,0.09247070550918579,0,4.131024,-1.8779645
sp|P0A435|PTKB_ECOL6,0,4.41740041878802e-07,0,10.671956,-2.03707
sp|O48472|HOL26_BPSPP,0,0.005449898540973663,0,7.958123,-5.2131057
sp|P62817|HRK_RAT,0,3.413059857848566e-06,0,4.6758833,-2.1438928
sp|Q54BX4|HSSA_DICDI,0,7.177079169196077e-06,0,5.469571,-3.0831401
sp|P85950|IFRH2_PSEMZ,0,2.5729443020594545e-09,0,4.0447965,-5.0927715
sp|W4VSC0|ICK4_TRILK,0,1.7957663089873677e-07,0,0.62856674,-1.7122989
sp|Q04758|IPKB_MOUSE,0,9.723798849448073e-11,0,4.7592034,-2.1793034
sp|Q52279|KLEB1_ECOLX,0,2.6664399854769982e-11,0,10.217556,-2.1444113
sp|P0CI85|KTXD_LYCMC,0,0.000451893312856555,0,0.46416783,-3.2164555
sp|P44129|LAPA_HAEIN,0,3.0901399441063404e-05,0,10.182347,-2.0829637
sp|P03055|LPW_SERMA,0,0.9763010740280151,1,4.132503,-6.5067487
sp|Q9VBL6|MS57A_DROME,0,0.21103039383888245,0,1.8453103,-2.4800832
sp|Q01643|MS84B_DROME,0,0.001561376848258078,0,4.5426683,-3.7140448
sp|Q0V5W8|MOC2A_PHANO,0,2.9416999308804947e-18,0,5.593367,-1.7257156
sp|Q93ZJ3|NFD6_ARATH,0,0.0015830163611099124,0,5.3045473,-2.3202708
sp|Q38668|NINY_BPP22,0,0.0021287803538143635,0,7.080644,-4.1083903
sp|P0DM18|NF1_CONMR,0,3.2336931326426566e-05,0,1.1947641,-1.7601541
sp|Q42496|PETM_CHLRE,0,7.805783752701245e-08,0,8.25997,-1.3377774
sp|P83181|POA1_KALTU,0,1.3545006005699634e-08,0,4.0432367,-5.267593
sp|P12352|PSAE_CHLRE,0,4.708508027917446e-10,0,8.780539,-1.0483153
sp|Q8DKM3|PSBY_THEEB,0,0.011042453348636627,0,8.615901,-1.2816815
sp|Q5N0X7|PSBZ_SYNP6,0,6.294601189438254e-05,0,8.909182,-0.94231015
sp|P18679|RCRO_BPHK0,0,2.2245028958423063e-05,0,7.291195,-4.414007
sp|P20044|REPA_LACPN,0,5.624087862088345e-10,0,6.807785,-5.2658134
sp|P11185|RELX_BALED,0,0.002979567274451256,0,2.7924774,-4.175041
sp|P15911|L2_FOWPN,0,1.4217395801097155e-05,0,8.010419,-4.790204
sp|Q3LHN1|KR213_HUMAN,0,0.0006051912787370384,0,4.7256017,-3.5003297
sp|P35094|LHB1_RHOAC,0,4.395272590329569e-09,0,9.108289,-1.8335489
sp|P69958|LCRG_YERPS,0,6.674951258389683e-09,0,10.402184,-1.9266781
sp|P41392|MAP1_KLEOX,0,0.00011579834972508252,0,3.822797,-5.315672
sp|P9WJ90|MAZE4_MYCTO,0,1.1528951404660148e-11,0,10.021341,-1.4543921
sp|P17511|MT1_CAEEL,0,0.0013800110900774598,0,4.416263,-3.356135
sp|D2X5V5|MSMB_DORPE,0,0.0002888645976781845,0,1.9336491,-3.1283636
sp|O35439|MOT1_MERUN,0,2.9183495620088706e-09,0,3.903765,-1.9584928
sp|P81271|MYH11_PIG,0,0.00016017809684854,0,3.730642,-2.4048374
sp|Q2JRP9|NDHL_SYNJA,0,5.080300753240426e-15,0,8.758557,-1.1341456
sp|G2TRK8|NEW12_SCHPO,0,5.6576023865773095e-08,0,5.76792,-1.9558783
sp|Q02919|NO36B_SOYBN,0,0.0005268955137580633,0,5.0225105,-1.8288432
sp|Q52975|NOLS_SINM2,0,5.6171324536169465e-11,0,9.759523,-1.6822987
sp|Q3YEF8|O265_CONLI,0,6.081429546611616e-07,0,0.89732707,-1.9729484
sp|P59636|ORF9B_CVHSA,0,1.3309746464074124e-05,0,7.6734095,-3.3666537
sp|P11338|ORF6_SPV4,0,1.9880997115251375e-06,0,6.8615165,-4.2941856
sp|P0DKJ1|P164A_ARATH,0,0.01598280295729637,0,4.8825836,-4.6584496
sp|O56125|ORF4_PCV2,0,3.99872733396478e-05,0,5.7972813,-4.235618
sp|Q8LAX3|PEP3_ARATH,0,0.001568913459777832,0,2.6004226,-2.8863857
sp|Q52983|PHAF_RHIME,0,2.1440318960230798e-06,0,9.502232,-1.2717859
sp|P84989|PSBO_POPEU,0,0.6103541851043701,1,7.5890503,-3.2996147
sp|P59909|PSBY_PROMM,0,0.03952844440937042,0,8.622213,-1.2992344
sp|P15642|PRP3_SOYBN,0,1.328091457253322e-06,0,2.3671215,-2.7831678
sp|P73676|PSBY_SYNY3,0,0.015552736818790436,0,8.531603,-1.2649714
sp|Q0G9W8|PSBM_DAUCA,0,0.004881531931459904,0,8.3638735,-1.2570369
sp|Q54I57|MYCBP_DICDI,0,0.00019778541172854602,0,5.6613564,-1.7394798
sp|Q43681|NLTP_VIGUN,0,0.009173812344670296,0,2.532602,-3.4464214
sp|P03771|NINH_LAMBD,0,0.0003158827021252364,0,7.096221,-4.577903
sp|G2TRT2|NEW22_SCHPO,0,7.366466888925061e-06,0,6.201754,-2.510698
sp|Q9BPC2|O266_CONVE,0,0.00020512784249149263,0,0.8611749,-1.8710426
sp|P77528|PEAD_ECOLI,0,4.401946895882247e-08,0,9.703956,-1.8789699
sp|P0C790|P9_LIYV9,0,1.9078412151429802e-05,0,7.599935,-3.9584198
sp|O80446|PDXL4_ARATH,0,6.294066157153111e-09,0,5.443395,-2.446547
sp|Q50438|PQQC_METFL,0,4.951138180331327e-05,0,6.470094,-5.0675745
sp|O50515|PTHP_STRCO,0,1.4281458504683542e-07,0,11.002704,-1.1185131
sp|P36339|REV_SIVAM,0,3.799773367063608e-06,0,7.379481,-4.5354056
sp|P09674|RDRP_BPBZ1,0,0.9991545677185059,1,4.153453,-6.130961
sp|P37866|RECX_ACIFR,0,7.151422683204789e-12,0,10.805896,-1.294284
sp|B3H5J1|RGF5_ARATH,0,6.98026525469686e-10,0,2.4685714,-2.8710442
sp|Q72G84|RL28_THET2,0,0.30485236644744873,0,9.618443,-0.17422333
sp|A3DND2|RL34_STAMF,0,0.2609438896179199,0,9.598541,-0.09107912
sp|Q4G0G5|SC2B2_HUMAN,0,6.084361903191393e-10,0,2.8034868,-1.9030324
sp|C5DMF2|SNAPN_LACTC,0,2.4446733699889922e-12,0,5.807914,-2.0801525
sp|A0A0U1RRN3|SPTOS_HUMAN,0,8.728753891773522e-05,0,4.5429516,-2.2597873
sp|Q9NS26|SPNXA_HUMAN,0,5.046204079595107e-11,0,4.6926756,-2.3556917
sp|Q81AF5|SSPO_BACCR,0,4.817416652258544e-07,0,10.73968,-0.054695357
sp|Q6LY84|SRP19_METMP,0,6.836678778654459e-08,0,10.682062,-0.86586416
sp|O70554|SPR2B_MOUSE,0,0.0006857304833829403,0,4.2133813,-2.373484
sp|Q81QD4|SP2SB_BACAN,0,5.922632176358356e-13,0,10.522335,-0.28944007
sp|P58864|STAR_SALAL,0,0.0009992762934416533,0,3.9704394,-2.4021516
sp|Q6TMJ9|SYBA_DICDI,0,0.0037193642929196358,0,8.863407,-0.8530955
sp|Q9FZ54|PCP13_ARATH,0,0.00016028291429392993,0,2.4224033,-2.821049
sp|Q09020|PR4_PHAVU,0,4.783159511134727e-06,0,4.271142,-4.3912015
sp|Q9ZZV8|Q0297_YEAST,0,1.88963383607188e-06,0,5.2444377,-3.505011
sp|P07235|RAL_BPPH3,0,5.004328704671934e-05,0,7.110523,-3.8025699
sp|Q9LXJ2|QCR9_ARATH,0,4.122958685570666e-08,0,5.495164,-1.1597155
sp|P03040|RCRO_LAMBD,0,3.0097299941189704e-07,0,7.255166,-4.5090523
sp|P0CL56|RELB3_METJA,0,9.894771710486882e-18,0,9.974959,-1.3129919
sp|Q03183|RINB_BPPHA,0,4.276623803889379e-05,0,5.990511,-4.8883834
sp|B3QSH6|RL21_CHLT3,0,0.006075909826904535,0,9.766636,-0.3333366
sp|Q2NIG5|RL35_AYWBP,0,0.17186664044857025,0,9.941441,-0.183254
sp|A5EXD5|RL32_DICNV,0,0.00044664330198429525,0,9.971931,-0.22044611
sp|Q6L2L1|RL31_PICTO,0,0.010392773896455765,0,9.6520605,-0.13232106
sp|P05395|RL7_SALCS,0,0.5553518533706665,1,9.904809,-0.102176696
sp|O59856|RM33_SCHPO,0,0.11867760121822357,0,9.289333,-0.038079865
sp|B0BSZ8|RPOZ_ACTPJ,0,4.1956797194528384e-13,0,10.377344,-1.515
sp|Q9AIF4|RS14_CARRU,0,0.6599581241607666,1,9.905721,0.05671127
sp|P42343|RR8_OENAM,0,0.7897891998291016,1,9.91882,0.083441556
sp|P0A4B0|RS13_LACLC,0,0.6288629770278931,1,10.13766,0.082341135
sp|A5ILC9|RPOZ_THEP1,0,3.671131801330496e-11,0,10.305617,-0.79867965
sp|Q21WK7|RS20_RHOFT,0,0.005886762402951717,0,9.595508,-0.33396643
sp|Q3B660|RS21_PELLD,0,0.014753708615899086,0,9.740689,-0.3251169
sp|Q2N9C0|RS17_ERYLH,0,0.0023254561237990856,0,9.599682,-0.38119382
sp|O83102|RS6_TREPA,0,0.047658417373895645,0,9.688682,-0.27044532
sp|D4GZE7|SAMP2_HALVD,0,1.7244700112328815e-10,0,9.885236,-1.0227337
sp|P0DI75|S61G2_ARATH,0,1.6267251794488402e-06,0,5.863816,-1.2508309
sp|P9WGN4|SECG_MYCTO,0,3.2847771724853203e-10,0,9.611542,-1.2403082
sp|Q0DF13|SDH8A_ORYSJ,0,6.11770291543412e-14,0,5.429433,-1.0896578
sp|A9JTJ0|SIM15_XENLA,0,2.9264538015105757e-10,0,4.696296,-1.3524944
sp|Q7WY62|SDA_BACSU,0,0.0009487832430750132,0,10.83607,-0.35724428
sp|P85122|SLAP1_BACHU,0,0.00398158049210906,0,4.368165,-5.2458973
sp|Q96PI1|SPRR4_HUMAN,0,0.014197091571986675,0,4.635919,-2.3432827
sp|Q7WY66|SSPL_BACSU,0,7.463727058620861e-08,0,10.474942,-0.10860642
sp|A8CGF6|SPAN2_BPP22,0,0.22700047492980957,0,6.030461,-4.2080274
sp|G2TRR4|SPC1_SCHPO,0,1.545326533403113e-08,0,8.455949,-4.8539453
sp|O39433|NS3X_FIPV,0,3.1895040592644364e-05,0,6.734784,-4.0373974
sp|P22962|P7_TNVA,0,0.017774680629372597,0,5.9116926,-4.2009296
sp|O80460|PCEP3_ARATH,0,3.7399590091524715e-09,0,2.4870894,-2.8515427
sp|P23816|PH62_CHRSP,0,6.439659046009183e-07,0,3.9833546,-4.701106
sp|Q3T183|PR15L_BOVIN,0,9.032597566226933e-15,0,4.6360464,-2.5396461
sp|P0A182|QADG_PSEPU,0,1.0826522157003637e-05,0,10.301865,-1.8384895
sp|Q9ZZW4|Q0142_YEAST,0,1.785051395586379e-08,0,5.6327486,-3.572028
sp|P05339|RCSB_KLEAE,0,0.19848498702049255,0,5.780037,-4.159189
sp|P85111|RCA_VITSX,0,1.3936174880768704e-08,0,4.1175113,-5.281578
sp|Q8N0T1|RBIS_HUMAN,0,0.00014808739069849253,0,4.7923765,-1.9881204
sp|P51073|RJ39_FRAAN,0,0.8406685590744019,1,4.0636673,-4.1971264
sp|P58469|RL13E_SULTO,0,0.20881885290145874,0,9.582091,-0.06722268
sp|Q9ZI43|RL16_AQUPY,0,0.09998106956481934,0,9.635781,-0.008053669
sp|P47831|RL28_CANAX,0,0.021237850189208984,0,5.5533495,-3.5713294
sp|Q8ZWI1|RL29_PYRAE,0,0.07953144609928131,0,9.596209,-0.19477253
sp|Q6F8I8|RL25_ACIAD,0,0.039145953953266144,0,9.752643,-0.50348413
sp|Q8ZTB5|RL21_PYRAE,0,0.01687609776854515,0,9.548461,-0.11088931
sp|P22665|RL29_HALSA,0,0.4478418827056885,0,9.688352,-0.043346815
