protein_name,label,prob,pred,umap1,umap2
ALL000004,1,0.010359943844377995,0,-0.041534692,11.46848
ALL000015,1,0.6922605633735657,1,3.828364,7.617394
ALL000016,1,1.0,1,8.141846,6.2017245
ALL000022,1,0.9991714358329773,1,4.9912376,5.913586
ALL000030,1,1.3301889794092858e-06,0,-2.4761088,9.083141
ALL000050,1,0.06978221237659454,0,0.71649736,10.685461
ALL000058,1,0.9947463870048523,1,6.240002,6.1945424
ALL000083,1,0.3672482371330261,0,3.2461896,8.858391
ALL000094,1,0.8897225856781006,1,4.2576094,7.1453815
ALL000095,1,7.285228207365435e-07,0,-2.701534,11.461495
ALL000104,1,4.978478045813972e-06,0,2.3297439,11.209543
ALL000128,1,0.9999569058418274,1,5.519251,4.6884246
ALL000131,1,0.0071921818889677525,0,2.4810364,10.413933
ALL000134,1,0.06894885003566742,0,2.480587,9.413869
ALL000138,1,0.9059500694274902,1,4.973207,8.4633255
ALL000142,1,0.0006950859678909183,0,2.9184425,10.872974
ALL000143,1,0.9934199452400208,1,6.408808,7.27695
ALL000146,1,1.0,1,6.364621,3.4272225
ALL000163,1,0.591375470161438,1,3.903107,8.012396
ALL000183,1,0.9873088598251343,1,4.861241,5.7825723
ALL000184,1,0.9978962540626526,1,4.779854,6.05474
ALL000197,1,1.7614684111322276e-05,0,2.4037366,10.973442
ALL000218,1,0.9987842440605164,1,6.8660765,6.9600277
ALL000224,1,0.9964326620101929,1,4.8426747,5.8623776
ALL000226,1,0.05857852101325989,0,0.08001863,11.399812
ALL000230,1,0.7601872086524963,1,3.8530812,7.542366
ALL000231,1,2.2289341359282844e-06,0,-1.4395056,11.148274
ALL000233,1,0.9999989867210388,1,7.5253825,6.37657
ALL000240,1,0.9999352693557739,1,5.350345,5.123585
ALL000271,1,0.7640249729156494,1,5.898938,6.8392625
ALL000286,1,0.9997435808181763,1,5.4386373,4.892789
ALL000299,1,0.9693385362625122,1,6.1574464,6.2354956
ALL000307,1,0.9580519199371338,1,6.5805697,6.908837
ALL000317,1,0.0037168930284678936,0,2.63698,10.822883
ALL000331,1,0.909778892993927,1,4.1337347,7.2497187
ALL000335,1,0.9892256259918213,1,4.5406184,6.4622917
ALL000352,1,0.9936480522155762,1,4.2376738,5.8830667
ALL000357,1,0.578387975692749,1,3.2750952,8.935141
ALL000378,1,0.9998900890350342,1,5.444546,4.417281
ALL000411,1,0.07636506855487823,0,1.0570414,10.023859
ALL000446,1,0.5546751618385315,1,3.6418138,8.005957
ALL000450,1,0.9998637437820435,1,5.2582946,4.9531727
ALL000497,1,0.03043261356651783,0,-0.33230668,11.670281
ALL000510,1,0.9841276407241821,1,6.6710153,6.6590543
ALL000520,1,0.8381938338279724,1,5.131517,7.626
ALL000553,1,0.19898486137390137,0,1.1958807,10.383757
ALL000575,1,7.86113063533378e-10,0,-2.7263691,11.849125
ALL000579,1,1.0,1,6.090094,3.7862337
ALL000582,1,0.9999760389328003,1,6.3534317,5.049407
ALL000583,1,0.889851987361908,1,5.7929792,6.964482
ALL000604,1,1.0,1,6.345293,3.5258248
ALL000609,1,0.8192988634109497,1,4.243659,7.5816035
ALL000610,1,0.9999998211860657,1,6.1351013,3.629204
ALL000614,1,0.36873000860214233,0,3.5033839,8.183714
ALL000616,1,1.0,1,6.236179,3.5014808
ALL000618,1,3.199123057129327e-06,0,-1.7491581,8.940536
ALL000641,1,0.000244899041717872,0,2.7190914,10.5082855
ALL000656,1,0.5546872615814209,1,4.0017214,7.7509127
ALL000665,1,1.3159711897969828e-06,0,-2.293394,12.174985
ALL000695,1,1.0,1,8.039265,6.537467
ALL000774,1,0.0004119211807847023,0,-0.9169967,11.9313965
ALL000779,1,2.8710318566993465e-09,0,-2.960809,9.533841
ALL000796,1,0.971007764339447,1,5.360643,5.8461075
ALL000801,1,0.9999567270278931,1,5.2505255,4.691409
ALL000804,1,0.024039190262556076,0,-0.35968518,11.62578
ALL000813,1,0.9773849248886108,1,4.3144665,6.076556
ALL000818,1,0.0012129942188039422,0,-0.75616884,11.9250345
ALL000830,1,0.9999892711639404,1,5.879183,4.344771
ALL000837,1,0.9999892711639404,1,7.4950743,6.3664403
ALL000843,1,0.9991779327392578,1,4.342705,5.7621655
ALL000871,1,8.333766345458571e-06,0,2.9344764,10.389358
ALL000897,1,0.07221424579620361,0,2.5543544,9.403237
ALL000902,1,0.20284362137317657,0,3.2072945,8.767488
ALL000910,1,0.028889834880828857,0,0.16384691,11.32733
ALL000917,1,4.107195081815007e-07,0,-2.4648528,12.071543
ALL000922,1,0.03612988069653511,0,0.07788061,10.525915
ALL000932,1,0.006370740942656994,0,0.09008426,9.626084
ALL000934,1,1.0,1,6.449748,3.3624601
ALL000949,1,0.9999999403953552,1,8.106361,6.359645
ALL000951,1,0.9999395608901978,1,7.4709716,6.9231567
ALL000985,1,0.5625609755516052,1,3.536046,7.6792984
ALL001009,1,0.9913696646690369,1,5.4277463,8.71882
ALL001033,1,0.8042192459106445,1,4.477307,7.6349487
ALL001039,1,0.0004345103807281703,0,-1.1357352,12.1981
ALL001041,1,0.9999994039535522,1,6.0918617,3.629216
ALL001053,1,0.9999988079071045,1,6.099665,3.6783755
ALL001061,1,0.999999463558197,1,7.523769,6.7419705
ALL001063,1,0.9393929243087769,1,6.01302,6.4708853
ALL001070,1,0.9999799728393555,1,5.2487574,4.834321
ALL001083,1,0.00020686772768385708,0,0.036253747,8.899291
ALL001085,1,0.01086240541189909,0,2.5203784,10.096846
ALL001098,1,0.999533474445343,1,5.157316,4.8792405
ALL001100,1,0.0034689749591052532,0,2.5081072,9.811954
ALL001103,1,5.5292439355980605e-05,0,-1.8095721,12.139949
ALL001111,1,1.0,1,8.149648,6.206929
ALL001124,1,1.0,1,7.0192075,4.2257586
ALL001139,1,0.6274725198745728,1,4.7691956,7.374312
ALL001144,1,0.052342046052217484,0,0.23171847,11.158735
ALL001175,1,1.0,1,7.2230954,4.163969
ALL001179,1,3.5179875794710824e-06,0,3.039297,10.973486
ALL001208,1,0.9248030781745911,1,4.385678,6.752695
ALL001213,1,0.9993144869804382,1,5.0055203,5.6305823
ALL001218,1,0.9821797609329224,1,6.3835773,7.1601777
ALL001225,1,1.0,1,6.8713813,4.317115
ALL001233,1,1.5504122075071791e-06,0,3.1792638,10.9740095
ALL001238,1,0.0010383697226643562,0,-1.1845908,12.153846
ALL001249,1,0.03537487983703613,0,-0.06677378,11.27752
ALL001258,1,0.02901190146803856,0,0.3235343,10.40918
ALL001259,1,0.004640534054487944,0,0.6529892,11.193891
ALL001262,1,0.12857751548290253,0,3.2564769,8.379109
ALL001271,1,0.9759565591812134,1,5.4048204,5.797723
ALL001280,1,8.434136201940223e-12,0,-4.1663194,9.674267
ALL001301,1,0.9727930426597595,1,6.081139,7.4955297
ALL001329,1,0.9985832571983337,1,4.9181585,5.5418925
ALL001358,1,0.9999994039535522,1,6.110834,5.6099
ALL001363,1,0.7845495939254761,1,3.8121138,7.6315794
ALL001375,1,0.976913571357727,1,4.943859,5.717585
ALL001377,1,1.0,1,8.08831,5.991889
ALL001403,1,1.0,1,7.245881,4.142187
ALL001411,1,0.9549808502197266,1,6.285837,6.531301
ALL001418,1,0.8672233819961548,1,5.1575217,7.5822577
ALL001420,1,0.9999865293502808,1,6.0575676,5.2661333
ALL001445,1,1.0,1,7.872805,6.463272
ALL001457,1,0.740591824054718,1,4.8518586,7.88447
ALL001459,1,0.04366309195756912,0,0.04084797,11.406447
ALL001461,1,1.0,1,6.2291355,3.993778
ALL001493,1,0.9999662637710571,1,5.8586235,5.433208
ALL001501,1,5.064357537776232e-07,0,3.006627,11.315447
ALL001509,1,0.9999996423721313,1,6.141541,3.6170478
ALL001514,1,0.9999992847442627,1,6.188242,3.6017158
ALL001522,1,0.058237187564373016,0,1.9905549,8.712832
ALL001527,1,0.9998668432235718,1,7.126538,6.9638925
ALL001546,1,0.9504556655883789,1,5.606264,7.653793
ALL001590,1,0.6592909693717957,1,3.7252347,7.9307194
ALL001618,1,0.04772648587822914,0,2.6624165,9.605601
ALL001628,1,2.1199459965259848e-08,0,2.9264765,11.4622755
ALL001652,1,3.972005016561475e-13,0,-3.587801,10.998795
ALL001660,1,0.9854061603546143,1,4.3161387,5.9293804
ALL001666,1,1.0,1,6.478602,3.3653705
ALL001670,1,0.03441104292869568,0,-0.08223474,11.522757
ALL001691,1,0.9872417449951172,1,5.312461,8.5460825
ALL001694,1,0.9998796582221985,1,7.433522,6.9970083
ALL001703,1,0.9996188282966614,1,5.451577,5.087172
ALL001707,1,2.6203125003121386e-07,0,-2.9461915,9.484708
ALL001718,1,0.9999990463256836,1,6.029867,3.7032948
ALL001756,1,0.9998857378959656,1,5.498254,4.336942
ALL001770,1,0.4826485812664032,0,1.2579103,10.540434
ALL001771,1,2.802302515192423e-05,0,-1.4907072,11.617728
ALL001780,1,1.0,1,8.069125,6.293551
ALL001782,1,0.32125037908554077,0,3.0173817,9.272152
ALL001806,1,0.001635510241612792,0,-0.9392772,11.907462
ALL001820,1,0.0006221788353286684,0,0.045902412,9.074493
ALL001902,1,1.9667762899189256e-05,0,-1.9281235,12.388963
ALL001938,1,2.069061366682945e-08,0,-2.4677386,11.731449
ALL001940,1,0.5089887976646423,1,4.2356524,8.125484
ALL001949,1,0.6321812868118286,1,4.281157,7.974665
ALL001958,1,0.9999997019767761,1,7.8915124,6.4235425
ALL001997,1,0.999998927116394,1,5.7905974,3.7976882
ALL002005,1,0.9993466734886169,1,6.526262,6.563437
ALL002007,1,0.9999734163284302,1,7.596144,6.886996
ALL002018,1,0.7971341609954834,1,5.89132,6.707674
ALL002028,1,0.9683232307434082,1,5.3201976,8.646958
ALL002048,1,0.34195229411125183,0,2.2833683,8.549047
ALL002059,1,0.9848526120185852,1,6.5512614,6.8848734
ALL002089,1,0.01688857562839985,0,-0.12119626,11.006879
ALL002103,1,0.0038134262431412935,0,-0.8886597,12.108218
ALL002113,1,1.0,1,6.5233583,3.5143793
ALL002115,1,1.0,1,6.2555366,4.4747186
ALL002119,1,0.0011149778729304671,0,-0.9164044,9.885527
ALL002121,1,0.02483246475458145,0,0.73023635,10.048523
ALL002125,1,1.0,1,7.207403,4.133164
ALL002130,1,1.0,1,6.4344068,4.1265483
ALL002142,1,0.9790364503860474,1,6.607228,6.9070616
ALL002154,1,0.9968918561935425,1,5.781161,6.1615295
ALL002157,1,0.034505609422922134,0,2.3199708,9.409912
ALL002208,1,0.9578847885131836,1,5.911242,7.4045553
ALL002217,1,0.6151101589202881,1,4.332203,7.6345835
ALL002222,1,5.385029755444748e-09,0,-2.9340627,11.392981
ALL002237,1,1.0,1,6.2901335,3.5808895
ALL002238,1,0.9842021465301514,1,4.735681,6.4007974
ALL002244,1,1.0,1,8.152946,6.2814603
ALL002249,1,0.9999992847442627,1,6.132927,4.3612843
ALL002276,1,0.9812589287757874,1,4.218867,5.9813204
ALL002281,1,0.5718986392021179,1,5.529215,7.071826
ALL002289,1,0.03685709834098816,0,2.2407908,9.156121
ALL002296,1,0.999997615814209,1,5.9218497,4.606873
ALL002307,1,1.0,1,8.062237,6.37934
ALL002316,1,0.22968417406082153,0,3.1223023,8.718892
ALL002322,1,0.9853019714355469,1,5.504509,5.880259
ALL002334,1,1.4424633263843134e-05,0,2.8339589,11.08949
ALL002344,1,0.5965558290481567,1,4.073322,7.8716736
ALL002352,1,0.0012822236167266965,0,-0.7438085,11.896292
ALL002353,1,0.948113739490509,1,5.7915854,7.061996
ALL002371,1,5.531408220349476e-09,0,-2.5632913,11.927052
ALL002384,1,0.0015296408673748374,0,-0.77777594,11.6321335
ALL002394,1,1.0,1,6.558621,4.064429
ALL002399,1,1.0,1,6.453973,3.3486588
ALL002410,1,0.003993116784840822,0,0.02370664,10.20975
ALL002420,1,0.9994401335716248,1,5.559906,5.57655
ALL002431,1,1.0,1,6.4776764,4.316883
ALL002435,1,0.9928299188613892,1,4.876232,6.7105947
ALL002436,1,1.0,1,6.284972,4.31393
ALL002451,1,0.3346419036388397,0,1.332476,10.142959
ALL002452,1,0.7964193820953369,1,5.9659767,6.765206
ALL002465,1,0.9999998807907104,1,5.719598,4.3751564
ALL002468,1,0.05727993696928024,0,-0.16537088,11.545796
ALL002485,1,0.9090851545333862,1,4.2892537,6.8528795
ALL002497,1,0.9999995231628418,1,6.190912,4.402166
ALL002500,1,0.7486404776573181,1,5.104608,6.873943
ALL002512,1,0.9995102882385254,1,7.0794854,6.740202
ALL002578,1,8.75972182257101e-05,0,3.0206242,10.765033
ALL002591,1,2.0325384753050457e-07,0,-2.2700846,12.153091
ALL002592,1,0.0006349891773425043,0,2.5072594,10.327353
ALL002593,1,0.013879779726266861,0,2.6738281,9.7486315
ALL002607,1,0.9999276995658875,1,5.5115247,8.739924
ALL002616,1,0.21015505492687225,0,0.885495,10.777879
ALL002649,1,0.9990248680114746,1,4.991662,5.0241547
ALL002655,1,0.999983549118042,1,5.6961436,4.0294356
ALL002667,1,0.00027300004148855805,0,-0.59563726,9.894663
ALL002672,1,0.014989727176725864,0,0.52231777,10.595601
ALL002686,1,0.475864440202713,0,3.7064698,8.634844
ALL002707,1,0.6698070168495178,1,5.6485333,7.0287504
ALL002712,1,3.167433533235453e-07,0,-2.795012,9.4906025
ALL002740,1,0.999996542930603,1,5.8204355,3.840914
ALL002743,1,1.0,1,7.229315,4.1492953
ALL002752,1,6.864739887646465e-10,0,-3.459247,9.510854
ALL002767,1,0.00015268904098775238,0,-1.0099436,11.372951
ALL002768,1,0.0003479242150206119,0,2.8590488,10.03498
ALL002771,1,0.6468315720558167,1,3.8768113,7.9696393
ALL002773,1,1.0,1,7.007341,4.187155
ALL002841,1,7.104195276497194e-08,0,-2.6309083,10.392915
ALL002848,1,0.0037557468749582767,0,2.8633773,9.894039
ALL002855,1,6.017637133481912e-05,0,2.9155831,11.009523
ALL002906,1,0.818095862865448,1,5.3612056,6.511054
ALL002946,1,1.272381666694855e-07,0,-2.6980426,9.237827
ALL002951,1,0.9999366402626038,1,5.8228345,4.7995186
ALL002965,1,4.32251144957263e-05,0,3.0889711,10.833769
ALL002969,1,0.0010544677497819066,0,2.8331518,10.020061
ALL002987,1,0.0015293839387595654,0,-0.20223989,9.95841
ALL002992,1,0.7605929374694824,1,4.8667493,7.8759227
ALL003004,1,3.5963525988336187e-06,0,-1.8793814,11.952757
ALL003005,1,1.0,1,6.254537,4.2720795
ALL003026,1,0.9999994039535522,1,6.3407187,4.394793
ALL003028,1,2.2665235519525595e-06,0,-2.1057742,11.923733
ALL003030,1,0.9999988079071045,1,6.09666,4.701174
ALL003034,1,0.9774619936943054,1,5.467336,6.0120125
ALL003040,1,0.999999463558197,1,6.591062,4.3082075
ALL003049,1,0.8998497724533081,1,5.457873,6.3715363
ALL003055,1,1.0,1,8.182733,6.239565
ALL003060,1,0.9838240146636963,1,6.274909,6.3165336
ALL003065,1,0.9996898174285889,1,7.1114583,7.0679607
ALL003070,1,0.1977408081293106,0,2.094117,9.105593
ALL003073,1,0.00019927661924157292,0,-0.96292645,11.221606
ALL003077,1,0.39920639991760254,0,3.5630794,8.164216
ALL003083,1,0.7983834743499756,1,5.3093276,6.4158916
ALL003104,1,0.9457537531852722,1,5.1616364,6.3253846
ALL003125,1,0.9999790191650391,1,5.8900685,4.40455
ALL003136,1,0.9999955296516418,1,5.7436767,4.4167085
ALL003139,1,1.0359306745755248e-09,0,2.6158044,11.549775
ALL003142,1,5.9756617702078074e-05,0,-1.7338743,12.092975
ALL003147,1,0.05838678032159805,0,2.1707118,9.068254
ALL003148,1,0.9968568086624146,1,5.1328025,5.373054
ALL003166,1,0.006159014068543911,0,-0.13552748,11.54043
ALL003169,1,0.573867678642273,1,3.974649,8.038017
ALL003172,1,0.00022734336380381137,0,-1.7750686,12.253313
ALL003186,1,0.9763759970664978,1,5.9743195,7.151985
ALL003192,1,5.87366012041457e-05,0,2.975818,10.848859
ALL003199,1,0.6711495518684387,1,3.945372,7.83757
ALL003202,1,2.109833530994365e-06,0,-1.8136761,8.939409
ALL003216,1,2.6819129139710185e-09,0,-3.6176143,9.346527
ALL003225,1,0.8691895008087158,1,5.385385,7.040586
ALL003229,1,1.1675849691528128e-06,0,-2.451927,11.552679
ALL003233,1,6.157710004117689e-07,0,-2.3206587,12.1699915
ALL003236,1,0.999872624874115,1,7.25518,7.062811
ALL003240,1,0.9999920129776001,1,5.581342,4.606739
ALL003250,1,0.0014272965490818024,0,0.27671635,10.232445
ALL003257,1,0.0009735671919770539,0,-1.2768174,12.143164
ALL003260,1,0.9998552799224854,1,5.478035,4.5443363
ALL003284,1,0.026034289970993996,0,0.845702,10.207695
ALL003313,1,0.9999996423721313,1,7.607754,6.846467
ALL003330,1,0.01953752152621746,0,2.4277732,9.949118
ALL003338,1,8.616601553512737e-05,0,-1.0262837,11.035557
ALL003346,1,0.8989570140838623,1,5.4260983,6.3471932
ALL003349,1,0.901248574256897,1,4.098749,6.8885455
ALL003356,1,1.0,1,6.446626,3.3765101
ALL003389,1,1.4422720596485306e-05,0,-2.2098982,11.66793
ALL003400,1,0.952045202255249,1,4.1902695,6.073487
ALL003403,1,0.13552846014499664,0,2.9623687,9.265726
ALL003407,1,1.0,1,7.2650456,4.167242
ALL003434,1,0.7336086630821228,1,4.4635615,7.317067
ALL003466,1,0.9999980926513672,1,6.0723042,3.691527
ALL003481,1,0.5480606555938721,1,5.572763,7.157362
ALL003483,1,0.7641926407814026,1,4.7358537,7.9028397
ALL003494,1,0.9999995231628418,1,6.2492867,3.491034
ALL003503,1,0.20606523752212524,0,0.7675586,10.770305
ALL003529,1,0.6756167411804199,1,3.8209178,7.86965
ALL003532,1,0.9972226023674011,1,5.777974,5.8027215
ALL003546,1,0.9999695420265198,1,5.7671485,4.335207
ALL003562,1,0.9999762773513794,1,5.6312227,4.184325
ALL003609,1,0.0003838051052298397,0,-1.3669466,12.063315
ALL003610,1,0.00018020249262917787,0,2.7310205,10.9760475
ALL003637,1,0.6646550893783569,1,4.2817726,7.548443
ALL003695,1,0.9992590546607971,1,5.153741,5.053734
ALL003704,1,0.6573561429977417,1,4.287641,7.6365185
ALL003705,1,0.9999998807907104,1,6.357677,4.114905
ALL003706,1,2.8368784114718437e-05,0,2.841999,11.160074
ALL003719,1,0.1596435159444809,0,0.47334588,11.151018
ALL003732,1,0.9999997019767761,1,7.7760878,6.604182
ALL003735,1,0.9999991655349731,1,5.84923,4.7692556
ALL003771,1,0.9984698295593262,1,5.493412,5.275508
ALL003775,1,0.9999998807907104,1,5.501149,4.4547133
ALL003786,1,1.394200535287382e-05,0,-1.7972969,11.8612995
ALL003793,1,0.9999984502792358,1,5.772636,4.1116414
ALL003799,1,0.9999911785125732,1,7.500725,6.5126753
ALL003854,1,0.9716339707374573,1,4.9486747,6.760269
ALL003873,1,0.34209179878234863,0,1.2277917,10.455611
ALL003890,1,0.5129732489585876,1,1.4181943,10.497038
ALL003893,1,0.0009720667731016874,0,-1.3761406,12.151536
ALL003930,1,0.999732494354248,1,5.3384094,4.603228
ALL003954,1,0.0027627565432339907,0,-0.6271221,11.799277
ALL003968,1,0.999462366104126,1,5.2922583,4.6614814
ALL003987,1,4.2679783860723186e-13,0,-3.7401319,9.9731865
ALL003989,1,1.0,1,7.2755995,4.1511693
ALL004006,1,0.9983608722686768,1,6.660408,7.2620535
ALL004032,1,0.48508965969085693,0,1.2082062,10.799369
ALL004033,1,0.9993543028831482,1,6.3233395,7.3852644
ALL004038,1,1.0,1,8.087251,6.2683644
ALL004053,1,0.9996355772018433,1,5.7067275,5.442956
ALL004074,1,0.36937975883483887,0,1.6376604,10.265386
ALL004124,1,0.00012592501298058778,0,-1.0554751,11.65306
ALL004134,1,0.3943580389022827,0,3.335062,8.689447
ALL004136,1,0.9991254210472107,1,7.0846095,7.036032
ALL004138,1,0.9884433746337891,1,6.5469522,6.4330792
ALL004158,1,0.000470885745016858,0,-0.822319,10.583378
ALL004172,1,1.0,1,7.5830846,6.0384436
ALL004216,1,0.9896765947341919,1,4.8848767,5.845804
ALL004221,1,1.1647198009625181e-16,0,-4.924131,9.309256
ALL004224,1,0.9725329279899597,1,5.7684307,6.4075675
ALL004230,1,0.9990728497505188,1,5.0631537,5.063462
ALL004280,1,0.9993658065795898,1,5.2326307,4.6543064
ALL004295,1,1.0,1,6.177781,4.4884024
ALL004322,1,3.458881110418588e-06,0,-1.6097485,8.545904
ALL004326,1,0.0012412341311573982,0,2.3396645,10.051276
ALL004328,1,0.9991195201873779,1,5.014622,5.2963676
ALL004348,1,0.24257756769657135,0,1.1470361,10.518817
ALL004383,1,0.9943414330482483,1,6.4786706,7.148639
ALL004393,1,0.9934089779853821,1,5.115517,5.4486213
ALL004416,1,0.6795753240585327,1,4.741631,7.1657977
ALL004422,1,0.11780581623315811,0,1.143518,10.231012
ALL004429,1,9.360944659420056e-07,0,-0.5991982,8.348233
ALL004431,1,4.850432014791295e-05,0,-0.8637001,8.770246
ALL004435,1,0.9948225021362305,1,6.115684,6.2335825
ALL004442,1,0.0015462926821783185,0,-0.8690255,12.065032
ALL004449,1,0.012029110454022884,0,-0.24016382,11.325121
ALL004462,1,0.9999814033508301,1,5.3761525,5.3392243
ALL004474,1,0.007826531305909157,0,2.7556121,9.601636
ALL004479,1,0.9845192432403564,1,4.775634,6.003585
ALL004484,1,0.9999958276748657,1,5.8166986,3.8887632
ALL004495,1,0.7202550172805786,1,5.7501507,6.999023
ALL004516,1,0.992374062538147,1,5.3540187,6.7044396
ALL004519,1,2.2687009959554416e-07,0,2.77603,11.286401
ALL004520,1,0.9999989867210388,1,5.856553,4.2270203
ALL004563,1,0.8904067277908325,1,5.02281,7.009593
ALL004580,1,0.9999707937240601,1,7.594222,6.889279
ALL004597,1,0.9975308179855347,1,6.573826,6.6563873
ALL004603,1,1.0,1,6.464353,3.9315753
ALL004639,1,0.9791600704193115,1,5.1517186,5.4589467
ALL004659,1,0.9999966621398926,1,7.71054,6.5767503
ALL004676,1,0.984329342842102,1,5.062308,5.7155533
ALL004706,1,1.0,1,5.705743,4.44491
ALL004710,1,0.93348628282547,1,5.6010976,6.4818025
ALL004719,1,0.9979444146156311,1,6.523931,7.1653905
ALL004726,1,2.1387477033840696e-07,0,-2.504143,11.7398
ALL004768,1,0.9999970197677612,1,6.2414684,4.5461216
ALL004777,1,0.9994208216667175,1,5.166151,4.7922893
ALL004785,1,0.8571954965591431,1,5.95147,6.427637
ALL004794,1,1.0,1,8.109844,6.177726
ALL004811,1,1.0,1,6.4282265,4.282271
ALL004812,1,0.9999426603317261,1,5.5922666,4.379849
ALL004828,1,2.0903270434025067e-11,0,-4.1917896,9.403844
ALL004833,1,0.9999983310699463,1,6.1546855,3.6325965
ALL004869,1,0.20995843410491943,0,2.4840887,9.017911
ALL004883,1,0.9965737462043762,1,5.0662313,5.2589116
ALL004888,1,0.9999997615814209,1,6.281346,4.4991426
ALL004889,1,1.0,1,6.322158,3.5328996
ALL004924,1,0.999994158744812,1,5.8697844,4.0135894
ALL004940,1,0.9995068311691284,1,5.768933,4.38945
ALL004941,1,1.1336130228301045e-05,0,-2.0745401,12.349469
ALL004979,1,0.8436620831489563,1,4.6249433,7.2147865
ALL004994,1,0.9999995231628418,1,5.5456376,8.696549
ALL005017,1,0.636946439743042,1,5.587835,7.0437765
ALL005019,1,1.7958313947019633e-07,0,-2.4547553,9.24482
ALL005047,1,0.9998818635940552,1,4.3630986,5.762347
ALL005054,1,0.7540390491485596,1,4.6145883,8.299861
ALL005075,1,0.0013229361502453685,0,-1.0669607,11.949881
ALL005080,1,0.02251517027616501,0,1.1851974,9.150199
ALL005085,1,0.01634530909359455,0,-0.04110683,11.46316
ALL005105,1,0.2788238823413849,0,1.5522032,10.758024
ALL005123,1,0.8045018315315247,1,5.7473125,7.1661925
ALL005135,1,0.8404815196990967,1,5.4050326,7.740982
ALL005136,1,0.9480676651000977,1,5.6219616,7.4831367
ALL005167,1,1.0,1,6.9303455,4.0340023
ALL005210,1,0.9462523460388184,1,5.528178,7.58754
ALL005292,1,0.9954609870910645,1,5.8068957,5.7728467
ALL005293,1,1.0,1,6.4836493,4.4251637
ALL005294,1,1.0,1,8.014377,6.4491715
ALL005305,1,0.9999243021011353,1,5.798273,4.947038
ALL005323,1,5.484222356244572e-07,0,-1.9360495,9.130614
ALL005328,1,0.9998835325241089,1,5.444861,4.3269
ALL005330,1,3.196528268745169e-05,0,-1.8841606,11.866384
ALL005340,1,0.979923665523529,1,6.280114,6.342136
ALL005383,1,0.7363254427909851,1,4.0676217,7.3310785
ALL005398,1,0.9914670586585999,1,5.499212,5.7120714
ALL005415,1,0.9999957084655762,1,5.948832,3.827869
ALL005425,1,0.013703364878892899,0,-0.49122792,11.810394
ALL005432,1,0.9931161403656006,1,6.5666485,7.1207504
ALL005444,1,9.538982936874163e-09,0,-3.0402622,9.678202
ALL005450,1,0.9999998807907104,1,6.2820683,3.4628313
ALL005452,1,0.9999977946281433,1,6.3519244,4.584185
ALL005453,1,0.8408944606781006,1,3.9401324,7.19371
ALL005459,1,0.9946722984313965,1,4.9331098,6.0560555
ALL005473,1,0.9896903038024902,1,6.077852,7.5588017
ALL005475,1,0.14177300035953522,0,1.9140027,9.944368
ALL005498,1,0.037318773567676544,0,2.2381501,9.126772
ALL005524,1,0.8466026782989502,1,6.1030245,6.8594236
ALL005539,1,0.9999788999557495,1,5.5086694,8.717557
ALL005606,1,0.015142938122153282,0,0.30941844,10.147264
ALL005614,1,0.11303094029426575,0,2.9571838,9.428465
ALL005621,1,0.9999996423721313,1,7.8205485,6.693855
ALL005632,1,0.4289599061012268,0,3.2652543,8.910826
ALL005666,1,0.7134283781051636,1,4.002368,8.024324
ALL005672,1,0.9430618286132812,1,5.671574,7.7586937
ALL005679,1,0.034035999327898026,0,0.060099058,10.681304
ALL005706,1,1.0006989725752646e-07,0,-2.8256378,9.632667
ALL005717,1,1.0,1,7.2594867,4.149229
ALL005721,1,0.007165906950831413,0,0.19691,9.636105
ALL005722,1,0.0010141530074179173,0,-0.16998014,9.574797
ALL005738,1,0.9434860944747925,1,5.4431067,6.3265257
ALL005757,1,0.05920737609267235,0,-0.020234602,11.25344
ALL005806,1,1.197825099552574e-06,0,-1.8366688,10.573683
ALL005812,1,7.0675382630724926e-06,0,-2.2007756,11.717718
ALL005818,1,0.9999997615814209,1,5.86797,4.4383545
ALL005819,1,0.6830801367759705,1,4.873676,6.9606977
ALL005850,1,0.005232399329543114,0,2.7617784,10.105828
ALL005854,1,0.9996685981750488,1,6.0856967,5.9031634
ALL005870,1,1.0,1,6.2833815,4.3261504
ALL005876,1,0.8918389081954956,1,4.136832,7.14994
ALL005877,1,0.0002565918257459998,0,-1.2611362,11.730113
ALL005881,1,0.9993103742599487,1,6.411299,6.0104837
ALL005896,1,0.9074312448501587,1,5.013597,7.9821153
ALL005900,1,1.0,1,8.087609,6.3644
ALL005906,1,0.9938650727272034,1,6.395951,7.4265485
ALL005913,1,0.010613296180963516,0,0.7071061,11.017431
ALL005958,1,0.9993939995765686,1,4.9808626,5.376581
ALL005986,1,0.999996542930603,1,7.609682,6.365355
ALL005991,1,0.9937922954559326,1,4.9875317,5.3822665
ALL005998,1,1.8201958482677583e-06,0,3.185795,10.9791355
ALL006008,1,0.9999474287033081,1,7.28393,6.9693184
ALL006013,1,8.044995411182754e-06,0,-1.6905801,11.916216
ALL006044,1,0.9999999403953552,1,5.805497,4.5743613
ALL006045,1,0.000308914459310472,0,-1.1609918,11.831381
ALL006053,1,0.9672476649284363,1,5.7349863,7.578419
ALL006070,1,0.8563622236251831,1,5.2822127,7.660925
ALL006091,1,0.061072178184986115,0,2.1706185,9.029979
ALL006115,1,3.974510676130194e-08,0,-2.6736767,11.370599
ALL006148,1,0.9978479743003845,1,6.452132,7.372218
ALL006150,1,0.9999695420265198,1,5.496308,4.288721
ALL006162,1,0.9991018772125244,1,6.035745,5.890311
ALL006163,1,0.9994403719902039,1,5.047676,4.8632126
ALL006164,1,0.9863949418067932,1,5.39842,8.700085
ALL006212,1,0.9999693036079407,1,5.5271163,4.504863
ALL006218,1,3.6183587326377165e-07,0,-2.2943802,11.402613
ALL006225,1,0.9999197721481323,1,6.68732,7.3620853
ALL006248,1,0.9999894499778748,1,5.5361953,8.738412
ALL006251,1,0.944547712802887,1,5.8009405,6.6753635
ALL006294,1,5.283515201881528e-05,0,-1.4943342,12.229243
ALL006308,1,0.9998337030410767,1,7.368417,7.0723734
ALL006316,1,0.9285246729850769,1,6.039867,6.3491993
ALL006330,1,1.8565916661827941e-06,0,-2.146707,12.383027
ALL006338,1,4.839668690692633e-06,0,-2.0541527,12.106352
ALL006346,1,0.9998090267181396,1,4.662349,5.785945
ALL006347,1,0.9564182758331299,1,4.7526217,6.6022873
ALL006354,1,1.0,1,7.2749805,4.1543636
ALL006359,1,0.0001761830208124593,0,2.667482,10.77953
ALL006375,1,0.9947909116744995,1,5.9699135,7.476911
ALL006379,1,0.9999921321868896,1,7.6544337,6.6403894
ALL006387,1,0.9999475479125977,1,7.4643073,6.428103
ALL006390,1,0.7378950715065002,1,5.137096,7.6811705
ALL006391,1,0.5949221849441528,1,5.4541554,7.1390367
ALL006407,1,0.9360109567642212,1,5.0721965,8.489336
ALL006415,1,0.06016111746430397,0,0.90763324,9.340807
ALL006446,1,0.9998974800109863,1,5.424361,4.4681196
ALL006451,1,0.9998809099197388,1,7.3767986,6.971179
ALL006469,1,0.011335574090480804,0,0.49013337,10.138968
ALL006471,1,0.8686062693595886,1,4.2305455,6.68875
ALL006477,1,0.008282329887151718,0,0.33357552,11.237644
ALL006494,1,0.8725615739822388,1,4.8417797,7.8956084
ALL006500,1,5.522973879124038e-06,0,-1.8895009,11.44285
ALL006516,1,3.7847814837732585e-06,0,-1.7608342,8.888572
ALL006533,1,0.006629998795688152,0,-0.29836136,10.999719
ALL006534,1,5.0525683036539704e-05,0,-0.83258337,11.876175
ALL006540,1,0.9898223876953125,1,4.746104,5.742347
ALL006548,1,0.9483185410499573,1,6.3288317,6.4120965
ALL006549,1,2.773667347355513e-06,0,-2.0599232,12.439212
ALL006550,1,0.9999499917030334,1,7.0929675,6.943196
ALL006573,1,0.19504627585411072,0,0.97431797,9.766039
ALL006588,1,0.9999997615814209,1,6.282226,3.640461
ALL006589,1,1.0,1,6.154841,4.396221
ALL006601,1,1.0,1,6.5215964,4.2333536
ALL006604,1,0.5925755500793457,1,4.228263,8.111669
ALL006610,1,0.9997755289077759,1,5.266494,5.196665
ALL006637,1,1.0,1,6.536302,4.0086427
ALL006657,1,0.030425438657402992,0,0.083129965,10.73362
ALL006683,1,0.01699749380350113,0,0.38478044,10.318233
ALL006692,1,5.870281682973655e-08,0,-3.5869477,8.998157
ALL006705,1,0.9999995827674866,1,7.776489,6.7494774
ALL006723,1,0.7650151252746582,1,5.088404,7.0718684
ALL006725,1,0.9993120431900024,1,7.372572,6.836719
ALL006743,1,1.9354129108251072e-06,0,-2.1080365,11.755381
ALL006761,1,0.5196179151535034,1,1.4809186,10.651659
ALL006788,1,0.06415444612503052,0,2.603846,9.462343
ALL006789,1,0.9817236661911011,1,4.977499,5.7349105
ALL006794,1,0.9601663947105408,1,6.2943234,6.3221755
ALL006808,1,0.977715015411377,1,5.6680617,6.767626
ALL006853,1,0.12206556648015976,0,3.2211492,9.057332
ALL006872,1,0.0010931809665635228,0,-1.000635,11.795609
ALL006889,1,0.9972410202026367,1,5.406867,5.344293
ALL006893,1,0.9490938782691956,1,4.586746,7.5558825
ALL006903,1,0.9926497340202332,1,4.203566,5.967399
ALL006909,1,6.565834986815844e-09,0,-2.7980459,11.803804
ALL006916,1,0.0021686041727662086,0,-0.049397726,9.875945
ALL006941,1,0.05897160619497299,0,2.7888496,9.52463
ALL006945,1,0.6553846001625061,1,3.7040825,7.767738
ALL006947,1,0.0012221565702930093,0,-0.47263455,10.823882
ALL006961,1,0.9585862755775452,1,5.978032,7.4566813
ALL007015,1,0.9997457265853882,1,5.2334213,5.184668
ALL007019,1,6.507929178195537e-12,0,-4.567062,9.30727
ALL007027,1,0.9999911189079285,1,7.689795,6.861943
ALL007057,1,1.0,1,6.6317835,4.0895963
ALL007090,1,0.000152611595694907,0,0.47269937,9.172522
ALL007096,1,0.9853602051734924,1,6.785993,7.0408792
ALL007111,1,3.7517911547673213e-14,0,-3.9040449,10.728493
ALL007144,1,8.594591918154038e-07,0,-2.2019355,9.4710455
ALL007148,1,0.9947431087493896,1,5.3338933,6.4097033
ALL007155,1,0.9922031164169312,1,5.421549,8.698702
ALL007170,1,0.07925846427679062,0,0.5963235,10.778832
ALL007172,1,0.07943855226039886,0,0.8786504,10.0524235
ALL007196,1,1.0,1,8.12986,6.2856603
ALL007207,1,0.9860240817070007,1,5.40624,8.696705
ALL007222,1,0.8761590719223022,1,4.3088813,6.490745
ALL007224,1,5.4433869081549346e-05,0,-1.2462626,11.192615
ALL007238,1,4.698004832381919e-11,0,-4.0464015,8.566506
ALL007244,1,0.8256266713142395,1,5.70958,6.7480936
ALL007258,1,3.9393552309086033e-10,0,-3.8979452,9.150756
ALL007262,1,0.999996542930603,1,5.629191,4.2606554
ALL007275,1,0.9996640682220459,1,5.398262,4.731922
ALL007283,1,4.573779733618721e-06,0,-1.8199335,11.8547325
ALL007284,1,0.9999982118606567,1,7.6426353,6.5783687
ALL007302,1,1.0,1,7.613829,5.9489884
ALL007313,1,0.00023610854987055063,0,-1.0448477,12.126821
ALL007321,1,1.0,1,6.6609964,3.6303484
ALL007331,1,0.999971866607666,1,5.2919674,4.6853986
ALL007336,1,0.9999998807907104,1,7.9541173,6.615246
ALL007365,1,1.0,1,6.3624973,3.4394903
ALL007366,1,0.0023373207077383995,0,-0.43142286,11.0764885
ALL007371,1,0.9972204566001892,1,5.097084,5.6797757
ALL007373,1,0.9891954660415649,1,5.6844945,6.5267544
ALL007380,1,0.999676525592804,1,5.383586,4.5541697
ALL007396,1,0.09139667451381683,0,2.0821738,8.9641905
ALL007397,1,0.004993913229554892,0,-0.084955215,11.430956
ALL007406,1,0.0327678918838501,0,1.3328333,8.810239
ALL007413,1,1.9165856883773813e-06,0,-2.269272,12.348065
ALL007431,1,0.9843632578849792,1,4.2057166,6.033036
ALL007457,1,0.9993524551391602,1,7.178921,6.687255
ALL007482,1,0.9999510049819946,1,5.3647256,4.599719
ALL007510,1,0.9999098777770996,1,5.1605716,4.7878733
ALL007522,1,0.8009612560272217,1,4.680728,7.1059356
ALL007527,1,0.9972733855247498,1,5.84085,6.570604
ALL007548,1,0.6445091366767883,1,3.8316863,8.605088
ALL007559,1,0.9999973773956299,1,5.669155,4.062475
ALL007564,1,0.9999163150787354,1,6.1379304,6.9728174
ALL007580,1,0.4918890595436096,0,5.0376444,7.2772374
ALL007607,1,0.9999954700469971,1,5.7708535,4.3588777
ALL007614,1,0.9595180749893188,1,4.1916256,6.0894427
ALL007622,1,0.9999935626983643,1,5.815229,5.5750995
ALL007625,1,0.5578368902206421,1,4.0455837,8.335509
ALL007643,1,0.365408718585968,0,3.2516427,8.678139
ALL007663,1,0.059337325394153595,0,2.5907857,9.558086
ALL007671,1,1.0,1,6.0552554,3.6003525
ALL007688,1,0.9225628972053528,1,4.2453227,6.0545206
ALL007721,1,0.9999995827674866,1,6.2387443,3.5179746
ALL007722,1,0.016448434442281723,0,0.5926427,9.203774
ALL007732,1,0.9894359707832336,1,5.560254,6.15248
ALL007736,1,0.999988317489624,1,5.605011,4.4048743
ALL007748,1,0.7965254783630371,1,5.039679,6.5711045
ALL007750,1,0.995898425579071,1,6.676284,6.643719
ALL007753,1,0.074124775826931,0,0.90175545,10.8635235
ALL007768,1,6.275694613577798e-05,0,-1.3591384,12.052481
ALL007814,1,5.232918169895129e-07,0,-2.8717105,9.537052
ALL007844,1,0.17955134809017181,0,1.1117563,10.8125105
ALL007882,1,0.04502174258232117,0,3.0130777,9.1966915
ALL007927,1,1.0,1,6.309414,4.3574834
ALL007934,1,0.9999990463256836,1,7.8443675,6.496769
ALL007948,1,0.9828606843948364,1,6.3759685,6.253502
ALL008002,1,0.00468556210398674,0,2.5814831,9.963999
ALL008010,1,0.13341984152793884,0,3.3730197,8.583153
ALL008022,1,0.18575310707092285,0,3.3438263,8.373522
ALL008025,1,0.9908958673477173,1,4.839394,5.93583
ALL008029,1,0.05313723161816597,0,0.5034904,10.782241
ALL008031,1,1.0,1,5.8278456,4.0889683
ALL008053,1,9.21908394957427e-06,0,-1.4041965,10.5675335
ALL008054,1,1.0,1,6.3145037,4.4112177
ALL008063,1,7.035266025923193e-05,0,3.0542557,10.790873
ALL008089,1,3.014615867868997e-05,0,-1.6447505,11.976942
ALL008122,1,0.9602469205856323,1,4.70386,6.6443906
ALL008133,1,0.719048798084259,1,5.0903563,6.5850277
ALL008151,1,0.0019338001729920506,0,2.3007448,10.255778
ALL008155,1,0.9999861121177673,1,7.4536295,6.922839
ALL008167,1,0.9790924191474915,1,4.456771,6.0948644
ALL008185,1,1.0,1,6.748227,4.1059775
ALL008198,1,0.6301933526992798,1,4.0488224,8.064341
ALL008203,1,0.0003160820051562041,0,-1.5784055,12.3428545
ALL008211,1,0.9982945919036865,1,5.5159397,5.2851686
ALL008218,1,3.2927248412306653e-06,0,-2.2289467,12.217126
ALL008220,1,0.0002250956604257226,0,-1.3630941,11.858155
ALL008233,1,7.531772325819475e-07,0,-2.1610055,11.731501
ALL008237,1,0.9648216366767883,1,6.381485,6.339896
ALL008246,1,1.0,1,7.9411545,5.832311
ALL008251,1,5.2197909099049866e-05,0,-1.281117,11.921965
ALL008257,1,0.9892812967300415,1,5.819537,7.01119
ALL008292,1,0.6917427182197571,1,4.3854194,8.050927
ALL008304,1,0.8787655830383301,1,4.0054746,7.325206
ALL008313,1,0.6464052796363831,1,5.3682637,7.1967497
ALL008366,1,2.2065582015784457e-05,0,-2.484748,9.4777975
ALL008376,1,0.9998496770858765,1,5.160516,5.3252945
ALL008387,1,4.489236744120717e-06,0,-2.2340035,12.20472
ALL008419,1,0.9455112218856812,1,5.5458813,7.510881
ALL008425,1,0.9999995231628418,1,6.2607503,4.5941133
ALL008433,1,0.0003548554959706962,0,-1.5598657,12.3220415
ALL008445,1,0.0010370670352131128,0,-1.1679691,12.161385
ALL008457,1,0.9998936057090759,1,7.138833,7.0011673
ALL008475,1,0.01842334121465683,0,2.497273,10.598646
ALL008485,1,0.9991228580474854,1,6.9063673,6.3266053
ALL008497,1,1.0,1,6.4715037,3.4304814
ALL008504,1,0.9215297698974609,1,4.972754,7.75129
ALL008519,1,0.05980797857046127,0,2.7889433,9.5371
ALL008562,1,0.9361634254455566,1,6.3041663,6.588747
ALL008563,1,0.03588036447763443,0,2.244871,9.821032
ALL008566,1,0.9997410774230957,1,7.2116313,7.1353126
ALL008574,1,1.0,1,6.570637,4.046417
ALL008584,1,0.3619687259197235,0,3.3069093,8.437707
ALL008587,1,0.0035103322006762028,0,-0.38287804,11.520289
ALL008589,1,0.0021463935263454914,0,-0.17240436,10.375714
ALL008594,1,0.05989105626940727,0,1.1603113,10.076216
ALL008648,1,0.9954869747161865,1,6.1390643,6.2618318
ALL008685,1,0.1669609546661377,0,0.15448938,11.273832
ALL008698,1,1.0,1,8.126787,6.20096
ALL008718,1,0.0003199113125447184,0,-0.92263746,11.482987
ALL008733,1,0.9999998211860657,1,5.901958,3.7553704
ALL008734,1,0.002555594313889742,0,2.782954,9.93932
ALL008737,1,1.913759888338973e-06,0,-2.1675856,12.33717
ALL008740,1,0.009432673454284668,0,0.23352334,10.7977085
ALL008751,1,1.0,1,6.5761776,4.1053534
ALL008775,1,1.6426438378402963e-05,0,-1.6100397,9.935642
ALL008784,1,0.634785532951355,1,5.2412643,7.395723
ALL008787,1,0.9253441095352173,1,5.020565,6.4912086
ALL008793,1,0.12213343381881714,0,2.2583494,8.919839
ALL008827,1,0.9936974048614502,1,4.8145804,6.0386925
ALL008836,1,0.00037588318809866905,0,-1.4342561,12.248204
ALL008850,1,0.9980493783950806,1,6.8954024,7.2469354
ALL008879,1,0.0005114629748277366,0,-0.47534955,11.03273
ALL008903,1,0.041771579533815384,0,1.2294126,8.9820175
ALL008941,1,0.005167519673705101,0,0.34513143,9.121408
ALL008953,1,0.9991238713264465,1,6.881689,6.7962737
ALL008956,1,0.0015045516192913055,0,2.3392594,10.234226
ALL008992,1,0.9999125599861145,1,6.185421,4.7294197
ALL008996,1,0.9957574009895325,1,5.117967,5.4780655
ALL008998,1,0.9999998807907104,1,6.193947,4.2967854
ALL009008,1,0.003346235491335392,0,-0.15207066,10.454031
ALL009009,1,0.5230427384376526,1,3.588148,8.23754
ALL009016,1,0.9166600704193115,1,5.4952226,6.7566543
ALL009034,1,0.1360207349061966,0,2.4926484,8.945285
ALL009046,1,0.00019281625282019377,0,-1.2698224,11.669855
ALL009089,1,2.1036103703409026e-07,0,-2.5249052,9.119554
ALL009090,1,0.014165590517222881,0,2.821991,9.77777
ALL009123,1,7.878054020693526e-06,0,-1.7138036,12.101158
ALL009139,1,0.9995802640914917,1,6.59526,6.1625624
ALL009148,1,0.968887984752655,1,4.4330177,6.638978
ALL009165,1,5.763211447629146e-06,0,-1.129186,10.73727
ALL009188,1,0.9188066124916077,1,5.7025228,7.2958627
ALL009196,1,0.4275175631046295,0,3.4962537,8.143069
ALL009213,1,0.5092767477035522,1,3.9435732,8.340442
ALL009241,1,2.0893124030862964e-07,0,-2.3310242,11.329413
ALL009248,1,0.0077287242747843266,0,2.8424416,9.914425
ALL009256,1,0.0007687576580792665,0,-0.6792484,11.239692
ALL009257,1,0.10852321982383728,0,2.2741954,8.992976
ALL009265,1,0.014423780143260956,0,-0.093589045,11.26816
ALL009274,1,1.0,1,7.9343495,6.116864
ALL009289,1,7.1219757955987e-05,0,-0.10137039,8.967048
ALL009302,1,0.9999871253967285,1,5.722336,4.105073
ALL009314,1,0.9949531555175781,1,5.1811604,5.794765
ALL009321,1,0.9909597635269165,1,6.2209654,7.154014
ALL009340,1,0.9998551607131958,1,5.162999,4.671763
ALL009350,1,0.0007989610312506557,0,-0.67179114,11.325665
ALL009354,1,0.9996073246002197,1,5.980302,6.990994
ALL009367,1,0.7173634767532349,1,4.1609597,8.080091
ALL009384,1,7.91164202382788e-05,0,-0.95943147,11.2423
ALL009424,1,0.7307790517807007,1,5.6031303,6.994587
ALL009443,1,0.9990963339805603,1,5.998893,5.834326
ALL009452,1,0.9999977350234985,1,7.7711654,6.848025
ALL009463,1,0.9993501305580139,1,4.7549043,5.7710323
ALL009468,1,0.9233736395835876,1,5.0345187,6.2209706
ALL009486,1,0.5788121819496155,1,3.5822184,8.17752
ALL009514,1,0.9707099795341492,1,6.21542,7.031879
ALL009539,1,0.0015651436988264322,0,-1.0091542,12.063926
ALL009563,1,0.9999523162841797,1,7.516877,7.0709414
ALL009570,1,0.99864661693573,1,6.3576245,5.2670794
ALL009626,1,0.990668535232544,1,6.192651,6.17588
ALL009631,1,0.9655870795249939,1,6.0857983,7.552992
ALL009635,1,4.893199729849584e-06,0,-2.1579256,12.27957
ALL009636,1,0.8878313302993774,1,5.25053,7.73818
ALL009653,1,0.5647777318954468,1,4.3303437,8.180169
ALL009658,1,0.9426846504211426,1,5.592024,7.8083735
ALL009693,1,1.5315793078229945e-10,0,-3.724305,10.334863
ALL009764,1,0.003552911803126335,0,-0.9807513,11.589264
ALL009767,1,0.26626408100128174,0,1.1495351,10.871238
ALL009775,1,0.7820229530334473,1,5.065064,6.59772
ALL009797,1,1.0,1,6.4581575,4.2416925
ALL009810,1,0.01988738402724266,0,0.9726595,11.01577
ALL009823,1,0.05487595871090889,0,0.8617662,10.481386
ALL009827,1,0.0006330389296635985,0,2.7238204,10.700238
ALL009837,1,0.9999406337738037,1,5.467793,5.019368
ALL009881,1,1.0,1,6.4911814,3.4049156
ALL009897,1,0.25210678577423096,0,2.6122742,8.819916
ALL009901,1,1.0,1,8.096221,6.324142
ALL009928,1,0.9985811710357666,1,5.660986,5.151248
ALL009942,1,0.9990335702896118,1,5.150512,4.963787
ALL009955,1,5.111506311550329e-07,0,-2.2493742,12.049237
ALL009959,1,0.022587578743696213,0,-0.576582,11.949573
ALL009966,1,0.0011124347802251577,0,2.8527415,10.00652
ALL009973,1,0.9965240955352783,1,6.8288393,6.7790375
ALL009977,1,0.9999998807907104,1,7.8699045,6.6184053
ALL009985,1,0.9782438278198242,1,6.263607,6.332952
ALL009989,1,0.00026172277284786105,0,-1.0060563,11.731294
ALL009995,1,1.0,1,7.434515,6.009063
ALL010013,1,0.9962249994277954,1,5.606067,5.553429
ALL010015,1,0.9999977350234985,1,5.8854127,4.0047812
ALL010022,1,0.9046885967254639,1,5.1326175,7.857204
ALL010027,1,7.882771751610562e-05,0,-0.9866978,11.82144
ALL010044,1,0.8915369510650635,1,5.1443014,6.3279614
ALL010072,1,1.4220929642760893e-06,0,2.8209171,11.3551655
ALL010076,1,0.9398192763328552,1,5.311908,6.0873375
ALL010124,1,0.00016569849685765803,0,-1.6171985,12.307277
ALL010125,1,0.00012571571278385818,0,2.8628016,10.638666
ALL010134,1,0.8311566710472107,1,4.4402256,7.323074
ALL010143,1,0.016530649736523628,0,0.11387016,10.713484
ALL010146,1,0.006692295428365469,0,2.3379638,9.393923
ALL010147,1,0.9004396200180054,1,5.2360754,6.5115485
ALL010172,1,0.0960584282875061,0,0.6161398,10.698228
ALL010176,1,0.9894517660140991,1,4.8806133,5.9976196
ALL010205,1,0.8632837533950806,1,5.0748534,7.9048085
ALL010221,1,0.9999804496765137,1,7.39691,6.5890574
ALL010223,1,0.00013378707808442414,0,-1.0465214,11.417112
ALL010226,1,1.0,1,7.259271,4.173053
ALL010230,1,0.9970411658287048,1,5.7295313,5.9598346
ALL010232,1,0.5060168504714966,1,1.3714921,10.635662
ALL010270,1,0.8063273429870605,1,4.5737658,7.4986167
ALL010307,1,0.9219770431518555,1,6.0760756,7.5255427
ALL010310,1,0.9999999403953552,1,7.9813147,6.421994
ALL010330,1,0.004509758669883013,0,-0.47268355,11.823232
ALL010337,1,0.999999463558197,1,6.113807,3.595593
ALL010348,1,0.002577093429863453,0,2.3429053,10.207757
ALL010359,1,1.0,1,6.4808464,3.4613144
ALL010383,1,0.9988276362419128,1,5.4737916,8.720779
ALL010460,1,0.4147047996520996,0,1.1802276,10.810102
ALL010461,1,0.0009365849546156824,0,2.9231043,9.852981
ALL010463,1,0.0010893758153542876,0,-1.1948735,12.186365
ALL010466,1,0.9997317790985107,1,5.1518974,4.794184
ALL010494,1,0.9746989011764526,1,5.2211423,6.308936
ALL010544,1,3.122747511952184e-05,0,-1.0231497,11.132732
ALL010564,1,0.9916501045227051,1,6.3026404,6.0440617
ALL010577,1,1.0,1,6.4329405,3.417925
ALL010611,1,0.9999784231185913,1,6.2492175,4.8751125
ALL010621,1,0.21709869801998138,0,2.524623,9.558187
ALL010626,1,0.9614930152893066,1,4.5418577,6.723999
ALL010637,1,0.00018177012680098414,0,-1.3354194,11.993342
ALL010667,1,0.9999820590019226,1,7.5663195,6.9955506
ALL010703,1,0.839898943901062,1,5.385378,7.8111777
ALL010710,1,1.0,1,8.14067,6.2255173
ALL010717,1,0.05964278429746628,0,3.0445354,9.26711
ALL010722,1,0.9999964237213135,1,6.308861,4.761431
ALL010723,1,0.999711275100708,1,7.195234,6.531043
ALL010730,1,0.2695891559123993,0,0.9783238,10.741334
ALL010762,1,1.6217518350458704e-05,0,-0.8714902,8.571916
ALL010787,1,0.0035780472680926323,0,0.24528152,8.563608
ALL010790,1,0.40309497714042664,0,3.3288798,8.186958
ALL010793,1,0.008369059301912785,0,2.9097826,9.723831
ALL010863,1,0.999975323677063,1,5.326954,4.8963904
ALL010865,1,0.9963579177856445,1,6.2831907,6.2638383
ALL010873,1,1.0,1,6.4657016,3.4215512
ALL010882,1,3.5838061407389432e-09,0,-2.476091,12.134537
ALL010883,1,0.9999338388442993,1,7.5064545,6.9925966
ALL010892,1,0.0034491526894271374,0,2.7512908,10.14055
ALL010896,1,0.6694048047065735,1,4.9760647,7.0611095
ALL010899,1,2.579156621607126e-08,0,-2.4717069,12.106747
ALL010911,1,0.979332685470581,1,5.293156,7.59691
ALL010921,1,8.588717150814773e-07,0,-2.063889,9.617775
ALL010922,1,0.7209444642066956,1,4.4459057,7.756104
ALL010939,1,0.9941462278366089,1,5.3321023,6.6115813
ALL010940,1,4.0207261520208704e-08,0,-2.7722247,11.664499
ALL010974,1,0.9370383024215698,1,5.8092957,7.4988747
ALL010987,1,1.92578895052975e-08,0,-2.502673,12.107545
ALL010998,1,0.9992388486862183,1,5.844894,5.8885365
ALL011001,1,0.9962450265884399,1,6.4812193,6.3753104
ALL011012,1,1.0,1,6.496452,3.374465
ALL011013,1,0.055903948843479156,0,3.0082793,9.381287
ALL011016,1,0.9243934154510498,1,5.683549,6.9037895
ALL011026,1,0.9999988079071045,1,7.843951,6.4158664
ALL011080,1,0.7277593612670898,1,4.7598243,7.3062654
ALL011082,1,0.9998109936714172,1,7.2233534,7.146033
ALL011088,1,0.0004980912781320512,0,-0.9346433,11.647412
ALL011120,1,0.01694723404943943,0,-0.013768933,11.421683
ALL011123,1,0.9981817007064819,1,5.2803955,5.443305
ALL011140,1,0.9913526177406311,1,5.46264,8.681309
ALL011145,1,0.9999929666519165,1,5.7942815,4.9127517
ALL011153,1,0.0028828480280935764,0,2.656569,10.178881
ALL011186,1,0.9999644160270691,1,7.561142,6.6075273
ALL011194,1,3.634136760410911e-07,0,-1.8316609,8.8747635
ALL011249,1,0.9998468160629272,1,5.708249,4.53305
ALL011276,1,0.9896528124809265,1,5.414313,8.727817
ALL011290,1,3.0395065664379217e-07,0,-2.3768132,8.2479925
ALL011306,1,0.8595508337020874,1,5.500314,6.175739
ALL011307,1,1.0,1,6.7807026,4.014433
ALL011338,1,0.9997662305831909,1,5.9252887,5.729859
ALL011352,1,2.724862002700945e-11,0,-3.8136847,10.013845
ALL011363,1,0.993149995803833,1,5.6744156,5.4542203
ALL011367,1,1.0,1,7.230298,4.190045
ALL011372,1,0.9996935725212097,1,6.2572074,6.1449
ALL011382,1,0.8750192523002625,1,5.0191107,7.9343224
ALL011391,1,0.9962562322616577,1,6.8120284,7.0353703
ALL011409,1,0.32057181000709534,0,3.440919,8.201444
ALL011412,1,1.0,1,5.884,3.7728267
ALL011420,1,0.9620647430419922,1,5.6293106,5.96961
ALL011421,1,0.005912693217396736,0,-0.25756574,11.373946
ALL011422,1,0.0004819342866539955,0,-0.9564906,11.960241
ALL011475,1,3.195401582223312e-11,0,-3.7387238,11.173488
ALL011508,1,2.1363721902645239e-10,0,-3.152592,9.436273
ALL011527,1,0.9992588758468628,1,6.716045,6.7365904
ALL011537,1,6.145455699879676e-05,0,-1.1593953,11.184431
ALL011540,1,0.9999998211860657,1,6.3844013,4.17766
ALL011542,1,0.9779109954833984,1,5.998996,6.205109
ALL011551,1,0.999772310256958,1,7.337627,6.9263024
ALL011560,1,0.9976297616958618,1,6.6702476,7.060517
ALL011563,1,0.003260423894971609,0,-0.5817111,11.605436
ALL011572,1,1.0,1,6.2947936,4.047033
ALL011605,1,0.053707875311374664,0,0.6028289,11.161495
ALL011608,1,1.0,1,7.9964156,5.9238205
ALL011613,1,0.982518196105957,1,4.6444874,6.376284
ALL011619,1,0.999603271484375,1,6.28104,5.9681997
ALL011639,1,0.9965987801551819,1,5.119106,5.276744
ALL011652,1,0.9999139308929443,1,6.6789207,6.6349707
ALL011653,1,0.8285551071166992,1,4.6464868,6.862822
ALL011675,1,0.0012496367562562227,0,-0.13731945,9.27294
ALL011722,1,0.6632217168807983,1,3.9114738,7.459173
ALL011723,1,0.952609121799469,1,5.216934,6.805734
ALL011725,1,0.999988317489624,1,7.446512,6.345718
ALL011728,1,0.6361178159713745,1,5.1292768,7.3487644
ALL011741,1,0.0003501875908114016,0,2.6929266,11.048582
ALL011753,1,0.8511178493499756,1,5.2694573,7.78468
ALL011780,1,0.001541761914268136,0,2.52996,10.820515
ALL011781,1,0.999754011631012,1,7.3462706,6.948954
ALL011788,1,0.9998467564582825,1,7.004034,7.1622276
ALL011818,1,0.9999271035194397,1,5.3619523,5.1683326
ALL011830,1,3.2714835285219124e-09,0,-3.5155404,9.28123
ALL011849,1,0.9231643676757812,1,5.392939,6.265135
ALL011861,1,0.9999287128448486,1,5.109562,4.838229
ALL011867,1,0.0021194296423345804,0,1.9249587,9.762318
ALL011873,1,0.994047999382019,1,6.2363553,7.4357667
ALL011879,1,0.2028442621231079,0,1.5605854,9.945826
ALL011882,1,0.003146843984723091,0,0.27855822,9.677476
ALL011888,1,0.9603967070579529,1,4.3963203,6.610167
ALL011900,1,0.9855692386627197,1,6.0902696,7.6048
ALL011909,1,0.8194426894187927,1,5.438058,6.228125
ALL011920,1,0.938046395778656,1,5.416296,7.7423463
ALL011929,1,0.0013159933732822537,0,-0.70863664,11.801564
ALL011940,1,0.9991401433944702,1,6.5214057,6.934116
ALL011945,1,0.8020880222320557,1,3.9693,7.3629193
ALL011948,1,0.9999752044677734,1,7.545683,7.0745425
ALL011954,1,0.6200451850891113,1,4.104363,8.205473
ALL011959,1,0.14893905818462372,0,1.0220691,10.575471
ALL011995,1,0.971838653087616,1,6.466774,6.38851
ALL012009,1,0.9893876314163208,1,5.3914685,6.5317755
ALL012027,1,0.9995815753936768,1,5.492217,4.8439445
ALL012043,1,0.9995704293251038,1,4.8245754,5.6135464
ALL012060,1,8.882053634806653e-07,0,-2.6568067,9.450526
ALL012100,1,0.7542697191238403,1,5.911003,6.7013316
ALL012104,1,1.0,1,6.5269127,3.6786656
ALL012110,1,2.5793658551265253e-06,0,-2.0192761,12.325191
ALL012121,1,5.959415627643239e-09,0,-3.3580015,9.446516
ALL012144,1,0.993929386138916,1,4.7085443,5.631627
ALL012149,1,0.9969123005867004,1,5.52953,5.710375
ALL012178,1,0.9999879002571106,1,5.9161525,4.719845
ALL012180,1,0.9999998211860657,1,6.350577,3.4767427
ALL012182,1,1.4354032828123309e-05,0,3.017206,10.751962
ALL012219,1,0.9999565482139587,1,5.997846,4.8456755
ALL012225,1,0.9951972961425781,1,7.1218414,7.081675
ALL012229,1,0.9030044078826904,1,4.6144433,6.7986894
ALL012234,1,0.9966261386871338,1,5.911672,7.278469
ALL012255,1,1.0,1,6.350856,4.347977
ALL012299,1,1.0,1,6.47375,3.3671718
ALL012300,1,0.8436381816864014,1,4.7608867,7.716322
ALL012305,1,0.2416985034942627,0,1.5347362,9.90883
ALL012342,1,0.9960309267044067,1,5.2162037,5.7522254
ALL012362,1,0.44832080602645874,0,3.0226567,9.234455
ALL012371,1,0.5809980034828186,1,1.6935792,10.389247
ALL012390,1,0.9980629086494446,1,4.530235,5.6340146
ALL012398,1,0.9931880831718445,1,4.756926,6.1359043
ALL012402,1,0.9856801629066467,1,4.9874,5.8988853
ALL012411,1,0.8041170239448547,1,4.4798326,8.002366
ALL012430,1,0.8281683325767517,1,5.4170732,6.341697
ALL012444,1,0.006526587530970573,0,2.5806336,9.866499
ALL012447,1,0.921920895576477,1,5.043772,8.369133
ALL012455,1,0.008903841488063335,0,-0.19915742,11.194809
ALL012456,1,0.0024005896411836147,0,-0.8983244,12.120702
ALL012457,1,0.9999949336051941,1,5.667551,5.1538715
ALL012471,1,0.9724854230880737,1,5.52255,6.772135
ALL012488,1,0.9847046136856079,1,4.830934,6.2521186
ALL012494,1,8.45405156724155e-05,0,-1.1313276,11.297313
ALL012500,1,0.10189174115657806,0,0.8348071,10.729004
ALL012503,1,0.9302550554275513,1,4.300104,7.06617
ALL012522,1,0.5793748497962952,1,5.5336766,7.093178
ALL012523,1,3.2330631256627385e-06,0,-2.1294975,11.876561
ALL012531,1,0.999998927116394,1,5.7974544,3.7957447
ALL012547,1,0.9602659344673157,1,5.2069316,7.731718
ALL012572,1,1.0,1,7.305898,4.2179046
ALL012643,1,0.9966683983802795,1,6.025415,7.590928
ALL012645,1,1.1472133110146387e-07,0,-2.9129257,9.456543
ALL012655,1,0.9775009155273438,1,5.5213637,5.869538
ALL012658,1,0.9753345251083374,1,5.6837134,7.287779
ALL012713,1,0.794423520565033,1,5.1440306,6.438852
ALL012722,1,0.9932022094726562,1,4.9365396,5.853228
ALL012732,1,0.9999794960021973,1,5.696373,4.521281
ALL012739,1,8.740384146221913e-06,0,-2.3074775,12.1740055
ALL012743,1,1.1813103810709435e-06,0,-2.4157364,11.413931
ALL012748,1,0.00678595993667841,0,-0.31863928,11.248285
ALL012756,1,1.0,1,8.082168,6.3649693
ALL012760,1,8.03721150077763e-07,0,-1.9608915,9.158729
ALL012764,1,1.0,1,7.5606093,6.2941093
ALL012776,1,0.00013441780174616724,0,-0.8804068,11.126929
ALL012787,1,5.717305739949552e-09,0,-2.9374995,11.496672
ALL012807,1,1.0,1,7.104512,4.0815234
ALL012815,1,4.709738163910515e-07,0,-2.271492,12.3939905
ALL012859,1,0.7012175917625427,1,4.455438,7.433458
ALL012902,1,5.734217666031327e-06,0,-2.1526105,12.40583
ALL012913,1,0.8956604599952698,1,4.707222,7.631618
ALL012917,1,0.9748901724815369,1,5.745154,7.6294737
ALL012936,1,0.9999324083328247,1,5.541927,4.9690223
ALL012937,1,0.9469621181488037,1,6.4247384,6.5761223
ALL012963,1,0.9999369978904724,1,7.6402583,6.8940187
ALL012965,1,0.9861384630203247,1,4.214639,6.7084775
ALL012977,1,0.9999998807907104,1,5.8524017,3.8804924
ALL012991,1,0.9999999403953552,1,6.208411,3.5750597
ALL013024,1,0.8189512491226196,1,4.0014334,7.4542785
ALL013042,1,0.2756284475326538,0,2.639414,8.681498
ALL013056,1,0.0019439560128375888,0,-0.8249547,11.88535
ALL013089,1,0.9514257907867432,1,5.2906804,7.1419387
ALL013097,1,7.889066182542592e-06,0,-1.4588736,9.067505
ALL013108,1,1.0,1,7.8298287,6.451226
ALL013126,1,0.3953375816345215,0,3.3114748,7.941967
ALL013142,1,0.999995768070221,1,5.7060943,4.071792
ALL013177,1,1.9198734662495553e-05,0,-2.3095634,12.113273
ALL013194,1,0.05055182799696922,0,0.11681801,10.783691
ALL013200,1,0.03736423701047897,0,1.2651889,9.479244
ALL013205,1,1.289796728087822e-06,0,-2.1971354,11.645033
ALL013227,1,4.593550784193212e-06,0,-2.2789695,9.621686
ALL013231,1,1.0,1,8.130054,6.190089
ALL013256,1,0.5600582361221313,1,3.6143174,8.211751
ALL013282,1,1.0,1,6.4337754,4.274526
ALL013292,1,1.325139237451367e-05,0,-1.9483321,12.318593
ALL013303,1,0.9983575940132141,1,6.9319153,6.4155006
ALL013339,1,0.9999024868011475,1,5.8540163,4.9715066
ALL013357,1,1.0,1,6.23468,3.7339032
ALL013360,1,2.0992618754434034e-10,0,2.6570642,11.543142
ALL013372,1,3.546217703842558e-05,0,-0.93936825,8.385289
ALL013379,1,6.740606295352336e-07,0,-2.2081497,11.810038
ALL013380,1,0.9913203120231628,1,6.327242,7.42877
ALL013391,1,0.023462723940610886,0,0.19543748,11.358382
ALL013400,1,0.8533757328987122,1,4.889252,7.76789
ALL013432,1,0.9996261596679688,1,6.4446554,7.423116
ALL013440,1,1.383178869218682e-07,0,-1.8981444,8.827282
ALL013469,1,0.9999945759773254,1,6.1158147,4.6403933
ALL013470,1,1.0,1,6.4912224,3.5118012
ALL013489,1,0.9950151443481445,1,4.677222,5.7656927
ALL013499,1,0.001353036379441619,0,-0.2749572,10.582736
ALL013520,1,0.9883397817611694,1,4.556528,6.3793526
ALL013521,1,0.9999946355819702,1,7.9805093,6.4424095
ALL013527,1,4.847553025655316e-09,0,-3.4158905,9.934834
ALL013541,1,0.09734205901622772,0,1.9230512,8.782286
ALL013545,1,1.7655462215770967e-05,0,-1.3614457,11.251506
ALL013547,1,0.9999654293060303,1,5.513968,8.740852
ALL013566,1,0.9995888471603394,1,7.302372,6.9566855
ALL013604,1,0.9918009638786316,1,5.4277024,8.713189
ALL013671,1,0.9989392161369324,1,5.733271,5.2978525
ALL013676,1,0.6851134300231934,1,3.8287983,8.731621
ALL013679,1,1.0,1,8.159143,6.213791
ALL013696,1,0.73075270652771,1,5.7598667,6.965865
ALL013701,1,6.127021199425764e-12,0,-2.9473372,11.722978
ALL013703,1,0.999998927116394,1,5.8113995,4.14548
ALL013708,1,0.8360164165496826,1,4.489731,6.8092666
ALL013709,1,0.9999914169311523,1,7.5333657,6.9190774
ALL013722,1,0.9857550263404846,1,6.616483,6.375655
ALL013752,1,0.9951611757278442,1,5.5420957,6.548302
ALL013762,1,1.0,1,6.4806104,4.140584
ALL013797,1,0.99958336353302,1,5.8111567,5.5620914
ALL013804,1,0.8985907435417175,1,4.135907,6.1719966
ALL013825,1,0.8205533027648926,1,5.4010725,6.325915
ALL013827,1,0.00015800370601937175,0,-0.96948624,11.560201
ALL013830,1,0.9999973773956299,1,6.3031034,4.660474
ALL013834,1,1.7008453596645268e-06,0,-2.072644,12.074955
ALL013854,1,0.9999986290931702,1,7.5629883,6.7398696
ALL013867,1,0.9739389419555664,1,4.1656404,6.0572834
ALL013869,1,0.8674094080924988,1,5.5435896,6.2493815
ALL013876,1,0.5649309158325195,1,5.504032,7.100075
ALL013878,1,0.022311700507998466,0,-0.37599438,11.757522
ALL013883,1,0.5121383666992188,1,3.9469337,8.341964
ALL013884,1,0.9999986886978149,1,6.0191684,3.8177488
ALL013886,1,0.9907753467559814,1,6.64364,6.9787793
ALL013912,1,0.06652216613292694,0,2.756031,9.778543
ALL013920,1,0.9989446997642517,1,5.9936266,5.9629154
ALL013928,1,3.6512415135803167e-07,0,-2.1001983,9.60663
ALL013933,1,1.0,1,8.158531,6.142641
ALL013946,1,1.0,1,6.562105,4.2757263
ALL013952,1,0.0008120975689962506,0,-1.0371116,11.250671
ALL013953,1,0.9847341179847717,1,4.940319,5.66818
ALL013976,1,0.12270329892635345,0,1.6592498,10.051521
ALL013978,1,0.00012730187154375017,0,-0.6328542,9.150859
ALL013983,1,0.9999523162841797,1,5.7081475,5.7705455
ALL013985,1,0.10671791434288025,0,0.8176465,10.668977
ALL014009,1,1.0,1,8.03222,6.570756
ALL014012,1,2.3355038389349936e-11,0,-4.2635407,9.201509
ALL014014,1,0.9999881386756897,1,5.551899,8.73332
ALL014016,1,0.9523712396621704,1,4.5794396,6.450699
ALL014025,1,1.0,1,6.403329,3.4001307
ALL014039,1,0.9777127504348755,1,5.724899,7.64433
ALL014070,1,0.04681587964296341,0,0.9619792,9.1783085
ALL014071,1,1.2326953680030783e-08,0,-2.8327043,11.73674
ALL014078,1,0.6328826546669006,1,5.1968913,7.327411
ALL014082,1,0.5029705762863159,1,3.769623,7.969959
ALL014111,1,3.611419074900368e-08,0,-2.9103694,11.420441
ALL014112,1,0.9991132020950317,1,5.7222743,5.633224
ALL014126,1,0.09841218590736389,0,1.7211587,8.564158
ALL014170,1,0.9999996423721313,1,6.3284745,3.8749845
ALL014176,1,0.9994446635246277,1,6.122125,5.169094
ALL014184,1,0.9710066914558411,1,6.20259,7.4616156
ALL014220,1,0.89645916223526,1,5.1199994,6.3466954
ALL014225,1,0.8514983654022217,1,5.0530014,6.6214657
ALL014228,1,0.7550426721572876,1,5.4102983,6.4157677
ALL014284,1,0.9999991655349731,1,5.5956645,4.396142
ALL014316,1,0.9810096025466919,1,4.8880453,6.0458217
ALL014339,1,0.999967634677887,1,7.200694,6.7992606
ALL014368,1,0.03330802544951439,0,0.48683047,10.434655
ALL014390,1,1.5777464890120996e-09,0,-3.1877074,10.438637
ALL014394,1,0.9999852180480957,1,7.56886,6.9968543
ALL014395,1,0.9956077933311462,1,6.250549,6.1578956
ALL014425,1,0.03232496976852417,0,-0.2004759,11.546062
ALL014446,1,0.0004603632551152259,0,2.810934,10.745413
ALL014470,1,0.002434783848002553,0,-1.0846716,12.303738
ALL014491,1,3.514423994877003e-12,0,-4.0041733,10.9189005
ALL014495,1,0.35515356063842773,0,3.4644415,8.371739
ALL014507,1,1.0,1,7.255913,4.153266
ALL014515,1,0.9986250400543213,1,5.108373,5.200801
ALL014518,1,0.9927452802658081,1,5.847629,7.6942544
ALL014523,1,1.645416887186002e-06,0,-1.9283427,11.706263
ALL014592,1,4.80548919767898e-07,0,2.739367,11.364619
ALL014599,1,0.9638967514038086,1,5.0949736,6.151741
ALL014611,1,0.9446741938591003,1,4.6042,7.6286473
ALL014612,1,0.4353543817996979,0,3.647221,8.518371
ALL014646,1,0.004209582693874836,0,-0.71987563,11.989107
ALL014668,1,0.6204009652137756,1,5.284557,7.1254168
ALL014669,1,0.9999997019767761,1,5.575449,4.411853
ALL014675,1,0.6011840105056763,1,3.6798372,8.0085945
ALL014687,1,0.9269448518753052,1,5.4730864,6.1309605
ALL014722,1,3.8648140616714954e-06,0,-2.1316168,8.722798
ALL014724,1,0.8148676753044128,1,5.512868,6.683121
ALL014728,1,0.026815243065357208,0,-0.05219916,10.700083
ALL014729,1,0.0005251815891824663,0,-0.78322893,12.018834
ALL014762,1,3.985784358812028e-12,0,-3.6429095,10.764063
ALL014774,1,0.03808195888996124,0,-0.047417402,11.102883
ALL014776,1,0.5993185639381409,1,4.767637,7.883309
ALL014779,1,0.9914640188217163,1,5.300105,5.742488
ALL014792,1,0.7634957432746887,1,5.0101423,7.894115
ALL014847,1,0.3967067003250122,0,1.3237195,10.45676
ALL014873,1,0.8813000321388245,1,5.2642136,6.4334493
ALL014886,1,0.9995059967041016,1,6.761227,6.952902
ALL014888,1,0.8235940933227539,1,5.580627,7.8040547
ALL014890,1,0.9999932050704956,1,5.616524,4.410985
ALL014904,1,0.9999847412109375,1,7.3542566,6.979713
ALL014942,1,0.9999990463256836,1,6.0748386,3.7727265
ALL014944,1,0.9978187084197998,1,6.7110424,7.2720113
ALL014952,1,0.9868098497390747,1,5.5471735,6.234883
ALL014960,1,0.1017850860953331,0,2.938167,9.467036
ALL014969,1,1.0,1,6.2940784,4.1926875
ALL015034,1,0.9865737557411194,1,4.749668,5.811932
ALL015086,1,0.5820673704147339,1,4.2234383,8.347787
ALL015089,1,0.40044140815734863,0,0.9254563,10.803939
ALL015096,1,0.003082181792706251,0,-0.63748664,11.733567
ALL015107,1,0.9944612979888916,1,5.801826,6.3903236
ALL015119,1,0.0073076337575912476,0,-0.47146714,11.839237
ALL015122,1,0.761550784111023,1,5.673364,7.0004644
ALL015127,1,0.9999861717224121,1,7.503028,6.8647594
ALL015139,1,0.5675643682479858,1,3.6798682,7.85628
ALL015140,1,0.8403154015541077,1,4.6332917,8.291326
ALL015142,1,0.9999969601631165,1,6.006713,3.705979
ALL015162,1,1.0,1,6.4637465,3.3936768
ALL015182,1,0.8258100152015686,1,4.960095,7.7941155
ALL015195,1,0.9958986639976501,1,5.523699,5.6480513
ALL015197,1,0.674990177154541,1,3.889442,7.82063
ALL015202,1,0.9667616486549377,1,6.403522,6.892533
ALL015232,1,0.9998561143875122,1,7.5659165,6.6047497
ALL015234,1,0.01444154605269432,0,2.8979952,9.723746
ALL015262,1,1.1743380810003146e-06,0,-2.7780857,9.547517
ALL015271,1,0.04360351338982582,0,0.17787604,11.342831
ALL015285,1,0.9872108697891235,1,5.5028043,5.9343705
ALL015311,1,3.8410348679462913e-07,0,-1.8834698,11.428516
ALL015340,1,0.007023271638900042,0,-0.57795584,11.754143
ALL015361,1,0.487341970205307,0,3.6946583,8.254614
ALL015367,1,0.9999998211860657,1,6.1433344,3.544692
ALL015371,1,0.9797086715698242,1,5.183095,6.4955697
ALL015381,1,0.9999971985816956,1,7.756026,6.9295206
ALL015402,1,0.0048929546028375626,0,2.4607856,9.810804
ALL015408,1,1.0,1,5.941618,3.679349
ALL015445,1,0.5015836954116821,1,3.729388,8.631405
ALL015452,1,0.9992488622665405,1,7.3917394,6.9582
ALL015465,1,1.0,1,8.20625,6.2995296
ALL015471,1,1.6799456048488537e-08,0,-3.588793,9.1246605
ALL015475,1,1.7429080401143437e-08,0,-2.6541562,11.9748535
ALL015487,1,0.9954692125320435,1,5.3263984,5.5445724
ALL015491,1,1.0,1,8.156049,6.240158
ALL015493,1,0.9985933303833008,1,7.182058,6.973313
ALL015495,1,0.3100420832633972,0,2.785979,8.374029
ALL015520,1,8.158911077771336e-05,0,-1.3345903,12.129122
ALL015524,1,0.09474099427461624,0,1.0981119,9.761573
ALL015532,1,0.999998152256012,1,5.678333,4.450487
ALL015534,1,0.9999994039535522,1,6.0714192,3.6039202
ALL015543,1,0.9999750852584839,1,5.322165,4.622499
ALL015600,1,0.9999918937683105,1,6.068221,4.8971877
ALL015604,1,0.016785118728876114,0,2.8896906,9.772714
ALL015617,1,0.0009330035536549985,0,2.6908424,10.72111
ALL015624,1,0.9999998807907104,1,6.1315827,3.6221366
ALL015637,1,0.0007108403951860964,0,-1.1811364,12.074623
ALL015648,1,0.9999862313270569,1,5.6098604,5.224699
ALL015655,1,0.9006782174110413,1,6.118325,7.477094
ALL015657,1,1.0,1,6.463959,3.7376866
ALL015673,1,0.5340372323989868,1,3.6691883,8.132451
ALL015676,1,0.0017268301453441381,0,2.6826994,10.996216
ALL015714,1,0.3968808054924011,0,3.0538385,9.230888
ALL015737,1,0.8541219830513,1,5.5142655,6.2590175
ALL015748,1,0.3853970170021057,0,1.2202759,10.364315
ALL015771,1,0.9099297523498535,1,5.157873,7.8040037
ALL015781,1,0.9991193413734436,1,5.60977,6.1744604
ALL015789,1,0.0001862531207734719,0,-1.0609226,11.942011
ALL015791,1,1.0,1,8.0073,6.6422276
ALL015792,1,1.0,1,6.6341815,4.0224843
ALL015794,1,0.9999963045120239,1,5.8016276,4.744686
ALL015797,1,1.0,1,6.511964,3.3338046
ALL015820,1,0.9249385595321655,1,4.1114464,6.0856996
ALL015831,1,1.0,1,6.5064707,3.4428828
ALL015832,1,1.5480666206713067e-06,0,-1.9547156,9.432618
ALL015858,1,0.9990617632865906,1,7.1678486,7.0451627
ALL015891,1,0.9994944334030151,1,5.2053246,4.986772
ALL015897,1,0.9315696954727173,1,5.009285,6.367548
ALL015898,1,0.9629673361778259,1,5.134615,6.7608504
ALL015923,1,0.9994610548019409,1,5.4986787,5.525326
ALL015927,1,0.9558475613594055,1,4.127988,6.115361
ALL015930,1,2.9910523153375834e-05,0,-1.3087808,11.673524
ALL015960,1,1.0,1,8.180698,6.252865
ALL015972,1,0.9992382526397705,1,5.992217,5.1899376
ALL015976,1,0.9982807636260986,1,6.1694765,7.4680552
ALL016023,1,0.9342908263206482,1,4.4964175,6.7190065
ALL016027,1,0.9997961521148682,1,6.873247,6.773257
ALL016039,1,0.9524030685424805,1,5.130798,7.7006297
ALL016069,1,0.9985147714614868,1,5.055858,5.643048
ALL016077,1,0.0012173526920378208,0,-0.95361835,11.761115
ALL016100,1,8.259370076757477e-09,0,2.6442173,11.541329
ALL016114,1,1.0,1,5.7622337,8.622481
ALL016128,1,0.0020158218685537577,0,-0.86638844,12.0821085
ALL016135,1,0.04011400789022446,0,0.6827985,10.199632
ALL016146,1,0.8464516997337341,1,4.643783,6.593606
ALL016149,1,3.771891351789236e-05,0,-1.4988812,11.879284
ALL016168,1,3.321398253319785e-05,0,3.046027,11.069098
ALL016190,1,0.9995495676994324,1,5.18697,4.896773
ALL016196,1,0.9999679327011108,1,6.2073655,4.8878856
ALL016224,1,0.934420645236969,1,5.5275927,6.2299
ALL016251,1,0.35998770594596863,0,3.2585897,8.467636
ALL016277,1,1.847787416409119e-06,0,-2.3888466,12.170035
ALL016287,1,0.9999886751174927,1,5.927399,5.4219375
ALL016290,1,0.9905005693435669,1,5.240234,5.742275
ALL016292,1,0.24815145134925842,0,3.483223,8.258756
ALL016315,1,2.894700173783349e-06,0,-1.6687746,12.08906
ALL016341,1,0.9991933107376099,1,5.6784472,5.5571404
ALL016349,1,0.9834930896759033,1,6.8311543,6.9111447
ALL016353,1,1.0,1,8.066364,5.9864883
ALL016355,1,0.9999786615371704,1,7.6357617,6.8173923
ALL016386,1,8.22992151370272e-05,0,-1.507043,11.667144
ALL016395,1,0.6578865647315979,1,5.7342386,7.0018415
ALL016404,1,0.00018027097394224256,0,0.03990931,9.497264
ALL016413,1,1.0,1,6.414615,4.3193965
ALL016422,1,1.3294065848157288e-09,0,-2.7416525,11.887279
ALL016442,1,4.864200309384614e-05,0,-2.0842957,12.388868
ALL016443,1,0.9999693632125854,1,7.713652,6.6528997
ALL016449,1,0.9996560215950012,1,5.3996167,4.616879
ALL016466,1,0.6403881311416626,1,5.681103,7.060007
ALL016468,1,0.9999992847442627,1,7.9757814,6.4730706
ALL016474,1,0.9999876618385315,1,5.7524652,4.2777743
ALL016493,1,0.00012780977704096586,0,2.8797774,10.047433
ALL016500,1,1.6347032214980572e-05,0,-0.3669157,8.435035
ALL016546,1,0.9961470365524292,1,6.094517,7.6156907
ALL016555,1,1.150795725379794e-08,0,-2.8607113,11.737527
ALL016581,1,0.9997173547744751,1,4.9123626,6.253569
ALL016582,1,1.0,1,7.9718094,6.226402
ALL016626,1,5.479862011270598e-06,0,-2.1802309,12.266711
ALL016634,1,0.9401084780693054,1,5.4209433,7.7607636
ALL016643,1,0.9999986886978149,1,5.940697,4.63511
ALL016683,1,1.0,1,6.2893214,3.9470098
ALL016702,1,0.7802327871322632,1,5.848487,6.742108
ALL016737,1,0.28232312202453613,0,2.9480836,8.460903
ALL016742,1,0.9918774366378784,1,4.6624513,6.26582
ALL016744,1,0.7162211537361145,1,3.9874249,7.450262
ALL016751,1,0.9990012049674988,1,4.4373093,5.475309
ALL016756,1,1.0,1,6.4521217,3.512568
ALL016769,1,0.00012517263530753553,0,3.019572,10.808234
ALL016785,1,0.9999986290931702,1,7.580789,6.3991632
ALL016790,1,0.007890695706009865,0,0.06195211,10.523533
ALL016792,1,0.08567637205123901,0,1.0325553,10.518919
ALL016807,1,0.00013344154285732657,0,-1.3365523,11.420616
ALL016836,1,0.3491757810115814,0,3.5557642,8.203954
ALL016837,1,3.553267191591658e-08,0,-2.4902923,11.972109
ALL016871,1,0.01309569738805294,0,-0.11291849,11.373929
ALL016872,1,0.9997431039810181,1,7.041907,7.1600327
ALL016894,1,1.065136601141603e-08,0,-3.6439352,9.220447
ALL016895,1,0.23865997791290283,0,1.1426213,10.564323
ALL016901,1,0.9999967813491821,1,7.919839,6.7354794
ALL016913,1,0.8396874666213989,1,4.037188,7.4004517
ALL016917,1,0.8711832165718079,1,5.130222,7.8294954
ALL016929,1,0.02190118283033371,0,0.022746362,10.625679
ALL016963,1,0.008265804499387741,0,-0.12452243,10.510648
ALL016968,1,4.417831434011532e-09,0,-3.19279,9.458044
ALL016977,1,0.9999992251396179,1,5.7539954,4.2178597
ALL016982,1,0.951699435710907,1,4.552254,6.533824
ALL016990,1,0.21863332390785217,0,3.2316089,8.6861725
ALL017016,1,1.0,1,6.0056763,3.6791031
ALL017080,1,0.9997316002845764,1,7.190032,7.0556784
ALL017090,1,0.9999985694885254,1,7.780666,6.9193516
ALL017103,1,0.9984233379364014,1,6.53444,7.394652
ALL017187,1,0.99997878074646,1,5.4867597,4.6931586
ALL017237,1,0.0002583065943326801,0,2.8182666,10.681688
ALL017256,1,1.9747978512896225e-05,0,-1.1359684,10.281922
ALL017261,1,0.09147460758686066,0,3.0965548,9.154112
ALL017274,1,1.0,1,8.067945,5.9775567
ALL017275,1,0.870664119720459,1,5.0671177,6.3381133
ALL017284,1,5.783235974377021e-05,0,-1.6654606,11.984896
ALL017301,1,1.0,1,6.9754558,4.168059
ALL017304,1,0.9963772296905518,1,6.7264657,6.5802145
ALL017312,1,0.01554081030189991,0,0.1178953,10.328977
ALL017316,1,0.9999997615814209,1,6.003132,3.6207268
ALL017337,1,0.998558759689331,1,6.9311123,6.8169885
ALL017378,1,0.0006935845012776554,0,2.8536377,10.012727
ALL017397,1,3.7585312384180725e-05,0,2.3518376,10.927169
ALL017423,1,2.3678779825786478e-07,0,-2.7348912,11.900504
ALL017437,1,4.997921678295825e-06,0,-1.905936,12.039188
ALL017450,1,0.945052981376648,1,5.0748816,7.828036
ALL017452,1,3.0430664992309175e-06,0,-1.7162529,8.874912
ALL017479,1,0.9999995231628418,1,7.5797887,6.5019155
ALL017491,1,0.000365726271411404,0,-0.85745853,11.542807
ALL017501,1,0.2915439009666443,0,3.7735264,8.62664
ALL017514,1,0.9999992251396179,1,7.7637925,6.7163935
ALL017536,1,0.9653270244598389,1,5.2778983,7.79034
ALL017548,1,1.0,1,8.165202,6.1496553
ALL017580,1,4.1892826629919e-06,0,-2.4652686,11.582218
ALL017600,1,6.121561455074698e-05,0,-1.1541967,11.207912
ALL017627,1,1.2358844287518878e-05,0,-1.7381579,11.85337
ALL017637,1,0.014917130582034588,0,0.17003228,11.271679
ALL017668,1,1.0,1,7.980723,6.0085683
ALL017714,1,0.9999997615814209,1,6.143636,3.5761535
ALL017717,1,0.993482768535614,1,4.7716103,5.9236903
ALL017720,1,1.0,1,6.206948,3.5648656
ALL017732,1,1.0,1,6.136328,3.529359
ALL017757,1,0.9533926248550415,1,4.526889,6.6801653
ALL017775,1,1.0841279163287254e-06,0,-2.1605363,11.625418
ALL017787,1,0.011759277433156967,0,2.3313236,10.067591
ALL017801,1,0.8317139148712158,1,3.8069112,7.640523
ALL017843,1,0.9854472875595093,1,6.0541196,6.1803083
ALL017889,1,0.7630546689033508,1,5.0831857,6.976854
ALL017893,1,0.9999995231628418,1,6.32334,4.648105
ALL017895,1,3.4642775972315576e-06,0,-2.2466495,12.138921
ALL017917,1,0.5021493434906006,1,3.5805159,8.374771
ALL017919,1,0.05394541099667549,0,1.8459686,8.778731
ALL017943,1,0.9999979734420776,1,6.1539645,3.5608318
ALL017944,1,0.1708323061466217,0,2.8590443,8.516507
ALL017949,1,0.9999989867210388,1,7.8926835,6.5644403
ALL017973,1,0.9999973773956299,1,7.504408,6.3347526
ALL017994,1,0.9163379669189453,1,5.0430484,6.664612
ALL018000,1,2.2714432645898341e-07,0,-2.1737373,12.354715
ALL018018,1,4.262881702743471e-06,0,-2.0992339,11.555405
ALL018021,1,3.2892545277718455e-05,0,-1.5916533,10.945117
ALL018026,1,7.854831346776336e-05,0,-1.0300112,11.209846
ALL018043,1,0.0029234890826046467,0,-0.5642463,11.663965
ALL018099,1,0.979159414768219,1,5.357455,8.668839
ALL018134,1,0.991716742515564,1,5.4801073,8.749393
ALL018156,1,0.7610464692115784,1,5.3959436,6.4190235
ALL018161,1,0.9945714473724365,1,5.186706,5.7590566
ALL018164,1,0.9988114833831787,1,6.395193,6.3585515
ALL018179,1,0.7357670068740845,1,5.117077,6.7984056
ALL018183,1,0.5134289860725403,1,3.6484613,8.480147
ALL018205,1,1.3667417420037964e-07,0,-2.7476392,11.644081
ALL018226,1,0.035051509737968445,0,0.8490379,9.597079
ALL018249,1,0.061034124344587326,0,1.5882956,10.5453
ALL018259,1,0.0028027871157974005,0,0.24472775,8.617745
ALL018260,1,0.999670147895813,1,6.0212655,5.870264
ALL018280,1,0.9894988536834717,1,4.616878,6.0473876
ALL018285,1,0.9289424419403076,1,5.394073,7.6861224
ALL018298,1,0.008379610255360603,0,0.06323252,10.641135
ALL018322,1,0.9580451250076294,1,5.041615,7.749829
ALL018328,1,5.151272741699131e-10,0,-3.953164,8.736252
ALL018352,1,0.9999984502792358,1,5.8974714,4.597938
ALL018354,1,0.9999998807907104,1,6.149071,3.6041145
ALL018390,1,4.995540336949489e-08,0,-2.1664588,12.412318
ALL018408,1,0.00028079503681510687,0,2.7766914,10.781795
ALL018414,1,1.311102732870495e-05,0,-2.0212004,12.466387
ALL018429,1,0.999990701675415,1,7.506021,6.70419
ALL018451,1,0.05344078689813614,0,2.5282395,9.32162
ALL018466,1,0.3555710017681122,0,3.3377316,8.781746
ALL018467,1,1.094215829056111e-08,0,-2.3978608,12.099635
ALL018472,1,0.0019939120393246412,0,-0.41655,11.035346
ALL018512,1,1.0,1,6.421422,3.8745034
ALL018528,1,0.0467788428068161,0,2.4760392,9.729883
ALL018533,1,0.9998829364776611,1,6.2762384,4.7385974
ALL018550,1,0.12374964356422424,0,2.333635,8.779337
ALL018557,1,0.9999996423721313,1,5.9992476,3.9048955
ALL018569,1,0.0006174550508148968,0,-0.86490667,12.003495
ALL018572,1,0.9897478818893433,1,4.784704,5.997262
ALL018633,1,0.996868371963501,1,6.842963,6.9575377
ALL018639,1,0.9484350085258484,1,5.0061,5.5624104
ALL018640,1,0.9970669746398926,1,4.74574,5.8937
ALL018648,1,1.0,1,5.882272,3.6981175
ALL018655,1,0.0002923224528785795,0,-0.71464944,10.730646
ALL018696,1,0.9945791363716125,1,6.1398926,7.6361647
ALL018703,1,7.549770089099184e-07,0,-2.5161579,11.634069
ALL018713,1,0.9976300001144409,1,5.922336,5.555494
ALL018733,1,0.9997841119766235,1,6.121294,5.6040206
ALL018737,1,0.9987790584564209,1,5.432255,5.357678
ALL018744,1,9.898181815515272e-06,0,-2.0181348,12.147029
ALL018747,1,0.8125436902046204,1,5.162432,7.960334
ALL018752,1,0.004471934866160154,0,-0.72136813,12.035717
ALL018788,1,0.999999463558197,1,6.148058,3.5495996
ALL018818,1,0.9999998807907104,1,7.8879995,6.4388576
ALL018819,1,0.9980916976928711,1,5.853842,5.7596636
ALL018821,1,3.6085708416067064e-05,0,-1.8547915,12.389591
ALL018827,1,0.9863605499267578,1,4.911327,5.7382693
ALL018829,1,0.9943982362747192,1,5.457956,5.790363
ALL018856,1,0.9997361302375793,1,7.2619214,6.8377066
ALL018868,1,0.03616475313901901,0,2.7299445,9.480303
ALL018878,1,0.00044269542559050024,0,2.6637716,10.573693
ALL018897,1,0.9804058074951172,1,4.218889,6.0068655
ALL018935,1,0.008541748858988285,0,0.52020925,11.264006
ALL018954,1,0.9999070763587952,1,5.451906,4.536071
ALL018962,1,0.9999129176139832,1,5.479981,4.255801
ALL018981,1,0.3276852071285248,0,3.1626818,8.521393
ALL019044,1,0.025418376550078392,0,2.3991032,9.279267
ALL019086,1,0.9993075728416443,1,5.9807,7.1936183
ALL019108,1,0.10216022282838821,0,2.9754527,9.056473
ALL019117,1,0.6180145740509033,1,5.1184306,7.5527263
ALL019125,1,0.00012672660523094237,0,-0.83972824,11.166539
ALL019169,1,0.9813181757926941,1,4.2646337,5.985692
ALL019187,1,0.9999618530273438,1,5.644371,3.9802556
ALL019202,1,0.9921849370002747,1,5.777601,7.334954
ALL019209,1,2.264959775288844e-08,0,-3.1337006,9.488766
ALL019233,1,0.9989238381385803,1,6.7793465,7.269262
ALL019237,1,0.7751071453094482,1,5.780717,6.8750515
ALL019253,1,2.6074203560710885e-05,0,-1.197353,11.57051
ALL019261,1,6.77097705192864e-05,0,-1.3621894,11.86079
ALL019265,1,0.9972639679908752,1,5.4643188,8.738069
ALL019266,1,0.9999713897705078,1,5.445327,4.4283752
ALL019275,1,7.794006705807988e-06,0,-2.3053086,12.266752
ALL019278,1,0.9892642498016357,1,5.066323,5.3155174
ALL019306,1,0.9999998211860657,1,7.8537617,6.448959
ALL019328,1,0.00046343813301064074,0,-0.41684112,10.086622
ALL019356,1,1.0,1,6.0698414,3.680193
ALL019358,1,0.9931594729423523,1,6.7511163,6.9274325
ALL019377,1,2.2247158995014615e-06,0,-2.1684573,12.246951
ALL019378,1,0.0015959066804498434,0,-0.7546728,11.885358
ALL019398,1,2.399310233158758e-06,0,-2.1471002,12.18714
ALL019455,1,0.9994928240776062,1,5.980303,6.037716
ALL019464,1,0.997951328754425,1,5.3177342,5.5290923
ALL019477,1,0.5036419034004211,1,3.6644793,8.176173
ALL019493,1,0.9997424483299255,1,7.2473416,6.768384
ALL019505,1,0.1858052909374237,0,0.89638156,10.524068
ALL019507,1,4.009712938568555e-06,0,-1.4962211,8.987508
ALL019525,1,0.9099703431129456,1,4.022177,6.735186
ALL019530,1,0.9999996423721313,1,8.012727,6.510228
ALL019549,1,0.1333359181880951,0,0.13013625,11.141716
ALL019600,1,0.006297520361840725,0,-0.4783333,11.518756
ALL019611,1,0.9962946176528931,1,6.150041,7.6029763
ALL019628,1,0.9506605267524719,1,4.647963,6.2415967
ALL019636,1,0.2395774871110916,0,3.0683556,9.251664
ALL019638,1,0.9861741065979004,1,5.1892986,5.5301156
ALL019645,1,0.05908840149641037,0,2.3067725,9.017906
ALL019652,1,1.4474036902356602e-07,0,-2.0555663,11.397338
ALL019662,1,3.8164755096659064e-05,0,2.7514718,11.102322
ALL019666,1,0.9997494220733643,1,6.393287,5.9472904
ALL019679,1,1.0,1,8.15472,6.2222652
ALL019690,1,0.0021164908539503813,0,-0.7995792,12.187706
ALL019703,1,0.9909693002700806,1,4.944467,6.0560026
ALL019715,1,0.6519644856452942,1,5.5972204,7.101829
ALL019721,1,0.9538060426712036,1,6.6579595,6.9858527
ALL019722,1,0.46922025084495544,0,4.2186766,8.266549
ALL019725,1,1.342521613878489e-06,0,-2.1013405,12.434904
ALL019737,1,0.00016064991359598935,0,-0.052716117,8.940435
ALL019753,1,1.0,1,6.4705443,3.376754
ALL019754,1,0.14475584030151367,0,1.1593894,10.419664
ALL019755,1,0.9995861649513245,1,5.376743,5.66743
ALL019758,1,0.9838235378265381,1,5.6677895,7.566659
ALL019763,1,0.9997411966323853,1,7.2365155,6.861325
ALL019764,1,1.6731783603063377e-07,0,-2.5417073,8.764609
ALL019786,1,0.8472033143043518,1,4.555534,7.6186695
ALL019793,1,0.841676652431488,1,4.625803,7.5461226
ALL019801,1,0.999985933303833,1,6.167485,4.7800555
ALL019806,1,0.9999936819076538,1,5.976269,4.5392785
ALL019810,1,0.9876779913902283,1,6.4868226,6.3954153
ALL019816,1,0.005596364848315716,0,0.35023233,8.605216
ALL019830,1,0.1634916216135025,0,0.3541264,11.180822
ALL019837,1,0.993259608745575,1,6.8261495,6.9357157
ALL019838,1,0.06731350719928741,0,1.03089,10.087675
ALL019839,1,1.0,1,7.9783187,6.054324
ALL019853,1,0.9586281776428223,1,5.917285,7.4303365
ALL019886,1,0.999453604221344,1,6.8837376,6.3223815
ALL019893,1,0.9813761711120605,1,4.5549426,6.303671
ALL019894,1,0.9570968747138977,1,5.837898,7.525756
ALL019901,1,0.9502495527267456,1,4.623232,6.7637024
ALL019923,1,0.995001494884491,1,4.8823924,5.8756
ALL019929,1,0.9998583793640137,1,7.4090695,6.901433
ALL019931,1,1.6236972442129627e-05,0,-2.205304,9.385812
ALL019970,1,0.693010687828064,1,4.82242,7.8103275
ALL019978,1,0.0019604843109846115,0,-0.56207144,11.383196
ALL019981,1,0.9999997019767761,1,7.327553,5.969276
ALL020002,1,0.9999969005584717,1,5.6794653,4.1794863
ALL020008,1,0.08341296762228012,0,1.9527655,8.89334
ALL020056,1,0.1264924705028534,0,2.379863,8.838306
ALL020061,1,0.992581307888031,1,5.402094,8.701127
ALL020063,1,0.9993770718574524,1,5.414323,4.557922
ALL020085,1,0.9999702572822571,1,5.9818573,5.266647
ALL020090,1,1.0,1,8.127511,6.265485
ALL020094,1,0.9930655360221863,1,6.5336876,6.3530574
ALL020105,1,0.4354283809661865,0,3.449092,7.6724606
ALL020137,1,0.00944539811462164,0,2.868365,9.737336
ALL020139,1,0.814270555973053,1,4.8542175,7.9010596
ALL020141,1,0.9999957084655762,1,5.8304167,4.441973
ALL020175,1,9.7203428595094e-07,0,-2.0405295,12.273168
ALL020209,1,0.008040170185267925,0,2.901999,9.667511
ALL020215,1,0.7642903923988342,1,4.6052737,8.334164
ALL020216,1,0.9999986886978149,1,7.4288,6.179769
ALL020242,1,0.0003188002738170326,0,-0.6308265,11.009304
ALL020252,1,0.9999982714653015,1,5.8837047,4.6412344
ALL020257,1,0.8278272747993469,1,5.419604,7.8391185
ALL020296,1,0.4179794192314148,0,3.2576444,8.796748
ALL020299,1,2.283617050125031e-06,0,-2.2082863,12.124732
ALL020302,1,1.0,1,7.210625,4.2438836
ALL020306,1,0.9291837215423584,1,5.9273305,6.2973547
ALL020319,1,0.9751102328300476,1,5.052687,5.966115
ALL020331,1,0.9632967114448547,1,6.129668,7.5386186
ALL020351,1,1.0,1,8.164691,6.3646016
ALL020397,1,0.7194751501083374,1,3.8361216,7.5708036
ALL020414,1,0.9999953508377075,1,6.277615,4.5398884
ALL020443,1,8.124073247017805e-06,0,3.0155644,10.954507
ALL020463,1,8.492522738379193e-07,0,-1.9831897,12.400612
ALL020465,1,0.9997575283050537,1,6.592913,7.3626566
ALL020483,1,6.038300170985167e-08,0,-2.786806,11.682111
ALL020488,1,0.041146449744701385,0,-0.09850084,11.471744
ALL020495,1,0.9848922491073608,1,5.324805,5.6651115
ALL020510,1,0.9998119473457336,1,5.5380445,8.77865
ALL020523,1,0.9999973177909851,1,7.7708282,6.499755
ALL020535,1,1.0,1,6.2293167,3.5080175
ALL020542,1,0.6852585673332214,1,5.4993978,7.3708067
ALL020559,1,0.0032795569859445095,0,2.1722746,9.736083
ALL020561,1,0.8231550455093384,1,5.3864937,6.347323
ALL020567,1,0.056790318340063095,0,1.1696725,9.076751
ALL020597,1,0.7787901163101196,1,4.0827627,7.669655
ALL020608,1,0.9999994039535522,1,7.741952,6.717692
ALL020618,1,0.44703152775764465,0,3.6095376,8.784459
ALL020621,1,0.999703049659729,1,6.0150948,5.8743105
ALL020636,1,0.10709165781736374,0,1.2382742,10.359817
ALL020642,1,0.9846410751342773,1,6.609535,6.780941
ALL020645,1,0.016176586970686913,0,-0.26657984,11.599031
ALL020657,1,1.0,1,7.24311,4.207029
ALL020699,1,0.9714704751968384,1,4.145304,6.06951
ALL020704,1,0.9999985098838806,1,5.9226737,3.8946283
ALL020711,1,0.002512209350243211,0,-0.6159846,11.07482
ALL020727,1,0.07331234961748123,0,2.813606,9.586507
ALL020745,1,9.976804449252086e-07,0,-2.329034,11.543624
ALL020754,1,0.9996886849403381,1,5.8918314,5.663509
ALL020772,1,3.961709080613218e-05,0,-1.2316874,11.463596
ALL020775,1,0.02646598219871521,0,0.17207654,10.788578
ALL020781,1,0.00034266000147908926,0,-1.2611201,12.169741
ALL020829,1,0.9969819784164429,1,6.4926004,7.154491
ALL020848,1,0.8051197528839111,1,4.0977893,7.7180095
ALL020874,1,0.991539478302002,1,5.426945,8.743097
ALL020905,1,0.9996657967567444,1,7.215379,7.0305934
ALL020936,1,0.0001575127535033971,0,-0.83668673,11.030751
ALL020947,1,1.0,1,6.3259797,4.6001945
ALL020950,1,0.9999991655349731,1,7.611239,7.0681205
ALL020973,1,0.6469454169273376,1,3.9010296,7.5740156
ALL020974,1,0.9998769164085388,1,6.888814,6.932274
ALL020987,1,0.01879524253308773,0,2.4501374,9.850453
ALL021005,1,0.23816420137882233,0,2.6685464,8.46392
ALL021007,1,0.7338100671768188,1,3.7391353,7.7586503
ALL021050,1,0.9909355640411377,1,5.1338944,5.331107
ALL021093,1,0.48876333236694336,0,3.4443486,8.608216
ALL021097,1,0.9763274192810059,1,6.2236104,7.4589314
ALL021113,1,0.9999998211860657,1,6.1954927,4.606245
ALL021134,1,0.002168097533285618,0,0.291753,9.046597
ALL021135,1,0.9999966621398926,1,5.6640344,4.0162816
ALL021147,1,0.9999532699584961,1,5.891333,5.6159534
ALL021166,1,0.14638034999370575,0,2.443299,9.192559
ALL021186,1,2.0063478700649284e-07,0,-2.3510451,12.26973
ALL021198,1,0.03764180839061737,0,2.7485054,9.853727
ALL021228,1,0.21614550054073334,0,2.494573,9.078193
ALL021264,1,4.4681521103484556e-05,0,-1.6428001,12.263244
ALL021266,1,0.004347280599176884,0,-0.014561183,10.341146
ALL021284,1,0.9950251579284668,1,5.1392984,5.5179863
ALL021290,1,0.9965031743049622,1,6.96875,6.996846
ALL021297,1,0.3974829316139221,0,3.505909,7.639405
ALL021306,1,0.0007160381064750254,0,-1.3160738,11.619537
ALL021308,1,0.28569474816322327,0,1.2930562,10.152927
ALL021334,1,0.9704376459121704,1,5.71058,7.6433086
ALL021376,1,0.14239035546779633,0,0.83379155,10.582019
ALL021384,1,0.00018031042418442667,0,-0.8333188,10.609972
sp|Q91FT2|240R_IIV6,0,0.042611777782440186,0,0.43766612,10.189026
sp|P0DSN0|3SX_NAJKA,0,0.43792062997817993,0,3.5114913,7.9961443
sp|V5QPS4|3098B_MYCTU,0,1.4559164933387457e-16,0,-4.8298984,9.351414
sp|Q6GZQ6|069R_FRG3G,0,4.3064304122708563e-07,0,-2.7329268,11.855315
sp|Q8AY53|3SO91_BUNCA,0,6.273225153563544e-05,0,2.6239398,11.076036
sp|O55735|121R_IIV6,0,3.765618714623997e-07,0,-2.713585,11.6793995
sp|O55724|106L_IIV6,0,5.510514893103391e-05,0,-0.818039,10.353273
sp|Q92P51|ACPXL_RHIME,0,2.923858119174838e-06,0,-2.0360277,8.848147
sp|B7M0V4|AAEX_ECO8A,0,4.81202855340257e-10,0,-4.01478,9.281088
sp|Q80HU0|169_VACCW,0,1.6732099084038055e-06,0,-1.6803817,11.694424
sp|A7UNK4|AGBL_LYODE,0,0.9456037282943726,1,4.276332,6.284431
sp|Q5GSH7|ATPL_WOLTR,0,1.995841358848338e-08,0,-3.8573341,8.695436
sp|P62954|BLCAP_BOVIN,0,3.851080912498084e-12,0,-4.011173,10.773678
sp|P0DTP8|C1L_VAR67,0,0.00012742626131512225,0,-1.0478785,11.139126
sp|Q27976|CALD1_BOVIN,0,0.0011839782819151878,0,0.38197088,9.3618355
sp|P15900|CAPSD_SPV1R,0,8.499793693772517e-06,0,-1.5631404,11.315529
sp|P80479|DHSD_PORPU,0,1.1633541352473742e-10,0,-4.0890074,9.288709
sp|Q9DAJ5|DLRB2_MOUSE,0,1.030957819114775e-10,0,-3.5863636,10.580199
sp|A1QZP7|EBFC_BORT9,0,8.116539440550241e-09,0,-3.2780046,8.632226
sp|A8A9U0|EF1B_IGNH4,0,1.679097749729408e-06,0,-2.6994681,8.680494
sp|P21005|B9_VACCC,0,6.62640636805989e-11,0,-3.3013842,10.535188
sp|Q3YL95|CDII_ECOLX,0,6.526320817101805e-08,0,-3.8065634,8.926803
sp|Q77MS5|CEP3_GAHVM,0,9.384454642713536e-06,0,-1.4447968,11.23354
sp|P60532|CH10_MYCAV,0,9.511878573675858e-08,0,-2.3182204,8.161149
sp|Q68EK9|CDC26_DANRE,0,3.384258995563677e-16,0,-4.211109,10.883347
sp|P52461|CCU83_HHV6Z,0,2.3203008368000155e-06,0,-1.4470079,11.633048
sp|Q2M2S5|COA6_BOVIN,0,0.00024182985362131149,0,-0.95273656,10.394898
sp|G2TRM8|COA2_SCHPO,0,4.730226627058798e-12,0,-3.8154852,10.197739
sp|Q863G6|COX8A_ATEBE,0,0.0724574625492096,0,1.1249793,9.616106
sp|P41902|CRS5_YEAST,0,1.4155824290540409e-09,0,-2.4865267,10.041666
sp|P29660|COX2_MEGAT,0,1.1809281552643824e-08,0,-2.8275728,9.600531
sp|A0A1P8NVS9|COW_CONEA,0,0.11503005027770996,0,2.3036408,8.972449
sp|P24716|COPR_STRAG,0,3.424282125213951e-12,0,-4.279832,9.477952
sp|Q2IV18|COWN_RHOP2,0,4.4899296954004075e-12,0,-4.8503256,9.083705
sp|P0C2X1|C_VSIVN,0,7.2713091867626645e-06,0,-1.6325036,11.36503
sp|Q9FNE0|CX5C4_ARATH,0,1.7996068524261943e-10,0,-3.6325603,10.144486
sp|P83356|CU16B_LIMPO,0,0.998406708240509,1,5.849941,5.5773015
sp|P31330|CY553_DESNO,0,4.110483132535592e-05,0,-1.539549,9.165705
sp|D2Y3T1|CUGA_CONCL,0,0.0006011567311361432,0,2.95114,10.676673
sp|Q9HC47|CTGE1_HUMAN,0,0.004952999763190746,0,0.0020770128,10.3561735
sp|P79729|DHH_DANRE,0,0.00019166288257110864,0,-0.6056123,8.65871
sp|P56618|DIUH1_TENMO,0,0.9927831292152405,1,6.033657,7.4496794
sp|P17590|E311_ADE05,0,2.4546809029857286e-10,0,-3.338152,10.755645
sp|Q96T75|DSCR8_HUMAN,0,2.415984912129687e-10,0,-2.6867204,10.037768
sp|Q3ZBI7|ATPMD_BOVIN,0,0.2610633373260498,0,1.3539046,10.129819
sp|Q84VA7|BRK1_ORYSJ,0,3.4414140827720985e-05,0,-1.0651677,10.322075
sp|P0CY88|CA120_CONBU,0,8.45097383717075e-06,0,2.8254092,11.122531
sp|Q9X9Z2|CHPE_STRCO,0,6.685910921078175e-05,0,-0.21484195,8.990029
sp|B0KZ78|CO2FA_CONBE,0,0.07992274314165115,0,2.8257637,9.607459
sp|D6C4I3|CO1C3_CONCL,0,0.00256932876072824,0,2.4586213,10.107676
sp|A0A2K4Z9G8|COMPA_BACSU,0,0.0005670746904797852,0,-0.72745633,9.924937
sp|Q9ZCP9|CSPA_RICPR,0,1.7728579715381443e-09,0,-3.3837128,8.78207
sp|P62505|DAD3_SCHPO,0,7.439504140019913e-16,0,-4.4818935,10.149177
sp|Q9ZJZ9|CY553_HELPJ,0,1.2707528185273986e-07,0,-2.9527862,9.087533
sp|P83359|CU7A_LIMPO,0,0.3182560205459595,0,2.720481,8.578864
sp|Q80ZN9|CX6B2_MOUSE,0,0.002724933438003063,0,0.07414995,10.31843
sp|C6Y4D0|DPB3_SCHPO,0,7.91104323976527e-13,0,-4.0679154,10.26887
sp|P14775|DHM2_METEA,0,1.9243538240763108e-14,0,-4.8325706,9.563672
sp|Q9P2X0|DPM3_HUMAN,0,4.0683442442877274e-17,0,-4.316264,10.694804
sp|P83451|ASPG_ASOTA,0,0.0015447171172127128,0,0.2784523,8.542315
sp|P21113|ATI3_VACCC,0,0.00017976581875700504,0,-0.98120093,10.620374
sp|Q9MJC0|ATP8_ARBLI,0,2.2140102373668924e-06,0,-1.6219445,10.173581
sp|P07513|ATP8_OENBE,0,0.014855656772851944,0,0.6243768,9.79858
sp|A3N2U9|ATPL_ACTP2,0,1.9744449673453346e-05,0,-0.9092242,9.360139
sp|Q37315|ATP9_DICDI,0,1.164774403150659e-05,0,-1.2323866,10.465544
sp|Q75JK6|ATP5E_DICDI,0,7.119191286619753e-05,0,-0.7752485,9.971952
sp|Q61908|CMC4_MOUSE,0,0.14024220407009125,0,1.6479328,8.779031
sp|Q28BU7|COXM2_XENTR,0,1.4244760038195636e-08,0,-3.2356217,11.10242
sp|P28270|DHE3_ELEEL,0,3.0621791324847436e-08,0,-2.1718168,8.117437
sp|Q9XVV5|DPM3_CAEEL,0,1.2123766518339517e-19,0,-4.498096,10.412126
sp|P25682|3NOJ6_DENJA,0,0.23424123227596283,0,2.8216035,9.0088825
sp|P68717|A15_VACCA,0,0.19389405846595764,0,0.38484332,11.055467
sp|P83490|3NBB_COERA,0,5.779109528702975e-07,0,3.1865497,11.090773
sp|P41674|AC121_NPVAC,0,2.687630784592443e-09,0,-3.0453067,10.328513
sp|P68596|A30_VACCW,0,2.902584284036891e-10,0,-3.5176888,10.681469
sp|Q9J549|A19_FOWPN,0,0.008942333981394768,0,0.12297983,11.02275
sp|P75378|ACPH_MYCPN,0,0.00017554790247231722,0,-1.0138499,9.157977
sp|P07608|A25_VACCW,0,0.002347100991755724,0,-1.1602862,12.190564
sp|P20699|ACEA_HELAN,0,9.022195399666089e-07,0,-1.8122241,8.354459
sp|P00818|ACYP2_HORSE,0,3.548248059814796e-06,0,-0.75914073,8.453232
sp|P40634|ADW2_ALLMI,0,2.2602165472562774e-08,0,-2.4813004,8.456129
sp|A5GM25|ACYP_SYNPW,0,5.699291705241194e-06,0,-2.3346102,8.770805
sp|A9UGV7|APEP3_ORYSJ,0,0.027571426704525948,0,0.9906392,9.436405
sp|P64756|ARFB_MYCBO,0,8.438178156211507e-08,0,-2.6083891,8.702168
sp|Q00361|ATP5I_BOVIN,0,0.00039002991979941726,0,0.35244253,9.525914
sp|C0HJG8|BSP_BOSSE,0,4.1541625250829384e-08,0,-2.1797824,8.119027
sp|P0A1Z6|BFD_SALTY,0,0.9193182587623596,1,4.8661985,8.448152
sp|P81669|BGAL_PINPS,0,2.5959712957046577e-07,0,-1.7242831,8.111586
sp|P21044|C13_VACCC,0,0.00030667686951346695,0,-0.59523374,10.9107485
sp|Q9I3N4|CCMD_PSEAE,0,6.374616546428458e-13,0,-4.4352255,9.597394
sp|P20211|C80_SSV1,0,3.6769463029884264e-09,0,-2.8345292,11.75502
sp|P11337|C_SPV4,0,2.9094529452322604e-08,0,-2.639558,11.312449
sp|Q65YR8|CYTA1_DICDI,0,0.006411692127585411,0,0.4621073,9.3897505
sp|P20958|CYSD_CHLTI,0,1.943843486174046e-08,0,-3.1590233,8.733878
sp|P43023|CX6A2_MOUSE,0,8.802042117395104e-08,0,-2.841898,10.185716
sp|Q910M3|E3CR1_ADE02,0,4.879838797933189e-06,0,-1.4002335,10.971552
sp|P15133|E3RDA_ADE02,0,5.418553996605624e-07,0,-3.0448508,11.317191
sp|Q06690|AC76_NPVAC,0,7.372510708592017e-07,0,-2.6515746,11.833277
sp|Q6GZU3|033R_FRG3G,0,0.24647365510463715,0,1.4695953,10.090501
sp|P54249|ACHA_ERICO,0,0.00011573506344575435,0,0.018958487,8.514396
sp|Q6GZM7|098R_FRG3G,0,0.0124712735414505,0,0.2791982,10.895552
sp|Q91FS3|249R_IIV6,0,2.0205396467076753e-08,0,-2.5826542,10.688025
sp|Q197C0|040R_IIV3,0,1.0707129831644124e-06,0,-2.0612402,11.184439
sp|Q91FF6|368R_IIV6,0,0.21473142504692078,0,0.9150949,10.447642
sp|O55728|113L_IIV6,0,1.9787403005011583e-07,0,-2.3029456,10.278295
sp|Q6ASQ0|ACYP_BORBP,0,3.996109683157556e-07,0,-2.7455375,8.667501
sp|P33997|ALPA_ECOLI,0,1.1431999347166766e-08,0,-3.0783038,8.656613
sp|Q06JG4|16D10_MELHA,0,0.0007321128505282104,0,0.5857243,9.276787
sp|Q92BX4|ACYP_LISIN,0,1.4802946679992601e-05,0,-1.5893503,8.905283
sp|Q9LJD9|AGP12_ARATH,0,0.011409061029553413,0,0.892759,9.470361
sp|P0AAX0|ACRZ_ECOL6,0,7.887568931330691e-10,0,-3.146743,9.382497
sp|Q865F8|AHSP_BOVIN,0,4.323020220908802e-06,0,-1.7278392,9.191142
sp|Q0TIL5|ARIR_ECOL5,0,0.013972850516438484,0,0.5486329,9.888024
sp|P0DPH3|APOC1_NEOVI,0,0.0015837270766496658,0,2.4689038,10.343608
sp|P37200|ARRE_RAT,0,1.9797367713181302e-05,0,-0.007578282,8.80734
sp|Q3IZ13|ATPL_RHOS4,0,1.817060113484814e-10,0,-4.1398025,9.106995
sp|Q5LD85|ATPL_BACFN,0,2.1828365959208895e-07,0,-2.6888306,9.452956
sp|P25965|ATP6_BACAO,0,7.440671412339839e-10,0,-3.509568,9.005911
sp|Q9HPU6|BRZ_HALSA,0,1.0189154636464082e-05,0,-1.1919641,9.242584
sp|P65639|BDM_ECOL6,0,1.166735544982922e-12,0,-4.5855517,9.317375
sp|P45035|CCMD_HAEIN,0,1.719009998365703e-13,0,-4.525726,9.627037
sp|Q96627|CAP6_ADEB2,0,0.5642133951187134,1,4.2799287,8.185218
sp|A7X3M3|3NX1_PSAMO,0,8.461230294187772e-08,0,2.7092943,11.426019
sp|Q8XSU8|ACP2_RALSO,0,1.5790423901762551e-07,0,-2.5628233,8.814571
sp|Q196U3|117L_IIV3,0,3.7287279610609403e-06,0,-1.5887197,10.642706
sp|Q8FP19|ACYP_COREF,0,7.854116468308803e-09,0,-3.8296518,8.666796
sp|Q39BD4|ACYP_BURL3,0,9.297713710054722e-10,0,-3.5813296,9.007911
sp|Q44141|ANRX_NOSS1,0,4.582861645729963e-09,0,-2.5020435,8.237091
sp|P26217|ARBH_DICCH,0,8.189016398318927e-08,0,-2.5638237,10.445559
sp|P0DTS5|APOC3_PHOVI,0,7.748724783596117e-06,0,-0.31924638,8.573265
sp|P36577|ARRD_RAT,0,0.001749409013427794,0,0.52266055,8.973194
sp|O21003|ATP8_BRALA,0,4.5360027911556244e-07,0,-2.2729745,10.230709
sp|Q31DL5|ATPL_HYDCU,0,1.3836987591275829e-06,0,-2.5379016,8.982594
sp|Q8JFY1|BM8C_BOMMX,0,0.7488985657691956,1,4.0533485,7.5772963
sp|O87942|BSSC_THAAR,0,3.924856439851965e-09,0,-3.0609682,8.54823
sp|P55924|BCD_DROSU,0,0.0008076890371739864,0,0.033129986,9.749787
sp|P0ABM7|CCMD_ECO57,0,1.105863289829756e-09,0,-3.877962,9.018441
sp|Q96S95|CK2N2_HUMAN,0,5.185669059958042e-13,0,-4.057191,10.839401
sp|P63254|CRIP1_MOUSE,0,1.1215184713364579e-05,0,-0.8136702,8.660843
sp|O19098|BCAT2_PIG,0,0.25994861125946045,0,1.1702441,9.4098
sp|Q13166|CATR1_HUMAN,0,4.4461987869226505e-08,0,-3.2171896,10.822173
sp|Q9NYJ1|COA4_HUMAN,0,1.3413090950431528e-11,0,-3.8719966,10.954879
sp|G7JV15|CLE13_MEDTR,0,1.617198464032299e-08,0,-2.2143319,9.914708
sp|Q8N6V4|CJ053_HUMAN,0,8.226920663809145e-13,0,-4.0352473,10.648144
sp|Q45536|COTJA_BACSU,0,2.2397610166535742e-07,0,-2.3796778,12.252434
sp|O32049|COMN_BACSU,0,3.1247851528526382e-12,0,-4.32643,9.087402
sp|P62536|COPB3_ECOLX,0,6.427174525924784e-08,0,-3.5387523,9.26403
sp|P25921|COP6_STAAU,0,1.930666071459086e-09,0,-3.1393788,9.816701
sp|Q91518|CRYAB_TRASE,0,0.03369217365980148,0,1.4770521,8.884668
sp|P0C2X5|C_VSNJM,0,0.0012180989142507315,0,-0.65647334,11.214475
sp|P83357|CU10_LIMPO,0,0.9842385649681091,1,5.5687,6.7387877
sp|P41397|DAPD_KLEOX,0,2.028925827346484e-08,0,-2.7230322,8.214643
sp|Q92J57|DBH_RICCN,0,9.109773352333761e-11,0,-4.190807,8.940623
sp|Q9P1J3|DHAS1_HUMAN,0,0.0001010346386465244,0,-0.7568054,9.850879
sp|A1IKL3|ANIS6_ANISI,0,4.9799264161265455e-06,0,3.0853915,11.107674
sp|P29963|CCMD_RHOCB,0,2.748163880773977e-15,0,-4.6840267,9.499385
sp|Q77NP3|CEP3_VZVO,0,7.251426681342821e-10,0,-3.03537,10.677012
sp|P04039|COX8_YEAST,0,0.3291108310222626,0,1.3148035,10.8608675
sp|G2TRP5|COX7_SCHPO,0,5.533122384804301e-05,0,-1.1430697,10.869576
sp|P20610|COXS_DICDI,0,6.28886537030332e-13,0,-3.8156455,10.013495
sp|Q3V4B5|COMD6_MOUSE,0,1.0183086942561204e-06,0,-1.3362663,10.315297
sp|P00430|COX7C_BOVIN,0,0.0007803392945788801,0,-0.6430018,10.614228
sp|P00087|CYC21_PHAMO,0,0.00022068442194722593,0,-1.0485836,9.045021
sp|P14406|CX7A2_HUMAN,0,0.000134697969770059,0,-1.1281116,10.712005
sp|P29669|CYB_POLSX,0,9.123782547248993e-07,0,-1.5900506,9.197044
sp|P00863|DCHS_MICSP,0,0.05989481508731842,0,1.4924783,8.945007
sp|Q5E7H1|DNABP_ALIF1,0,1.6085031084855927e-09,0,-2.8308759,11.790734
sp|A0R0B3|ACPM_MYCS2,0,0.00016670161858201027,0,-0.45228562,8.947975
sp|Q91FR7|255L_IIV6,0,0.0013303892919793725,0,-0.32113189,10.582322
sp|P0C6K8|A92_SSV1,0,2.0536404008453246e-06,0,-2.3712804,11.71954
sp|Q5R4W2|AF1Q_PONAB,0,1.6537071712008355e-09,0,-2.7514927,9.31476
sp|Q2NKV2|APC13_BOVIN,0,1.2860225037658601e-12,0,-4.000576,10.457116
sp|Q38PR8|ATP8_MAMPR,0,3.839512646663934e-05,0,-1.1050394,9.828271
sp|P77330|BORD_ECOLI,0,0.0005415927735157311,0,-1.1566439,9.654188
sp|Q9I701|BAUB_PSEAE,0,7.057654904940591e-09,0,-3.8012054,8.992957
sp|P81494|CATB_COTJA,0,0.0727836862206459,0,1.9280269,8.902952
sp|P45407|CCMC_RHILV,0,2.903501050699475e-10,0,-4.0572805,9.073551
sp|P69541|CAPSD_BPM13,0,2.47668691111258e-11,0,-3.7559764,11.12216
sp|A1X8C2|CA18_CONLE,0,9.468159259995446e-05,0,3.039787,10.895186
sp|P0CE75|CA4A_CONSE,0,3.6490232560026925e-06,0,3.0780375,11.180228
sp|Q96KT6|CH014_HUMAN,0,6.43354081120151e-09,0,-2.7879972,10.194078
sp|P0CK51|CEP3_EBVB9,0,0.021209094673395157,0,0.25608927,10.203159
sp|P41707|AC150_NPVAC,0,0.9969215393066406,1,6.312963,6.392768
sp|P0DSQ3|A14_VAR67,0,1.618475631293137e-10,0,-3.4445531,10.887416
sp|Q6GZW2|013R_FRG3G,0,0.30766183137893677,0,3.09925,8.65164
sp|O55746|140L_IIV6,0,0.002398530952632427,0,-0.6107071,11.48724
sp|Q85FZ0|ACP_CYAM1,0,0.000602058949880302,0,-1.0528642,9.459085
sp|P97267|5HT2B_CAVPO,0,4.805479534297774e-07,0,-1.062021,8.708849
sp|Q8EEW0|ACYP_SHEON,0,2.3264284942925428e-10,0,-3.9632714,8.971127
sp|Q8LD43|AGP40_ARATH,0,0.01794241927564144,0,1.0598893,9.426959
sp|P80110|ANTR_TRASC,0,0.00033664042712189257,0,2.565631,10.371204
sp|G3UWD5|AKAI1_MOUSE,0,2.257736220201423e-08,0,-2.4352813,10.138993
sp|Q96IT6|ARAS1_HUMAN,0,1.0145637663327989e-09,0,-2.6621532,10.053331
sp|Q9QAZ7|B_SJNNV,0,0.029373325407505035,0,0.17200585,10.847449
sp|P0ADJ6|BCSF_ECOL6,0,2.3568995644041024e-08,0,-3.7341778,9.001512
sp|P84723|CLPP_PINST,0,5.451825927593745e-06,0,-1.5627468,8.2849455
sp|Q89485|A35_VAR67,0,0.0006381213897839189,0,-0.9196968,11.604713
sp|P20737|A2M_HOMAM,0,0.6955710053443909,1,4.442754,7.4627285
sp|Q29005|5HT2B_PIG,0,0.0036816601641476154,0,0.7030102,9.237897
sp|Q6GZP9|076R_FRG3G,0,0.5262727737426758,1,1.3113482,10.65061
sp|Q91FT6|236L_IIV6,0,1.1777219697250985e-06,0,-1.9467368,10.945293
sp|P83610|ALP_FUSCU,0,0.0017723520286381245,0,0.16444989,8.5481
sp|P86979|ALDOA_THUAL,0,0.042777467519044876,0,1.4695874,8.867188
sp|D3Z9R8|ATP68_RAT,0,0.030143827199935913,0,1.1571443,10.062109
sp|Q9XCD6|BTB7_MYCS2,0,5.099430877564259e-10,0,-4.03221,8.647996
sp|P05526|C2_STENO,0,2.916814345610419e-09,0,-3.0642335,8.4340105
sp|P72759|CCML_SYNY3,0,0.0021949803922325373,0,-0.8019598,9.664282
sp|Q9PX43|B3_HHV6Z,0,0.07955076545476913,0,0.50403893,10.797916
sp|C0HK04|3SX1_MICCK,0,0.0004072586016263813,0,2.5797698,10.654945
sp|Q39315|ACBP_BRANA,0,0.0013036656891927123,0,0.16534711,9.573098
sp|P12820|ACE_BOVIN,0,0.493685245513916,0,3.5918775,8.667307
sp|Q971T8|ALBA1_SULTO,0,0.0017908641602844,0,0.036916703,8.983993
sp|Q6TM71|ACR31_BPD31,0,5.298039695844636e-07,0,-2.314861,12.042317
sp|Q54340|AMPG_STRLI,0,0.7354477047920227,1,3.985689,7.379688
sp|Q27001|AH4_TOXGO,0,0.016144411638379097,0,2.2067997,9.03331
sp|Q8TGM5|ART3_YEAST,0,1.201076044177185e-10,0,-3.554535,10.202686
sp|Q08656|ATP8_NEUCR,0,4.698479116882481e-08,0,-2.6105852,9.671947
sp|P0C733|BNL2B_EBVG,0,4.937438236041203e-10,0,-3.4255772,11.209213
sp|Q8BGS2|BOLA2_MOUSE,0,1.7883682801311807e-07,0,-2.546137,8.748006
sp|Q58490|CBIN_METJA,0,7.595751583266974e-08,0,-2.5604417,8.545511
sp|Q967W0|CAB2_ECHGR,0,7.767562783556059e-05,0,-0.38691092,8.909103
sp|O74896|CENPX_SCHPO,0,4.277869426966632e-14,0,-4.2028403,10.3339
sp|Q91G85|009R_IIV6,0,0.8878800868988037,1,4.196297,7.347937
sp|Q7PC63|ACPK_BACSU,0,8.62107117427513e-05,0,-1.0172223,9.074777
sp|P43677|ACPX_STRRM,0,1.942934702015009e-08,0,-3.1605115,8.443411
sp|Q8UYT3|2B_TAV,0,1.4029359896028382e-09,0,-3.2389681,10.989467
sp|O55755|156R_IIV6,0,8.576133581073009e-08,0,-2.3386135,10.274771
sp|Q30C86|ADIG_PIG,0,1.3566555026045535e-06,0,-1.6281477,9.713771
sp|Q9RK61|ACP_STRCO,0,3.898159775417298e-06,0,-2.0010822,8.914581
sp|L0R819|ASURF_HUMAN,0,6.673347030528021e-08,0,-2.217163,11.046434
sp|Q02593|BAP12_SCHCO,0,0.0003165793605148792,0,0.028954849,9.436255
sp|P56540|CBBQ_ALLVI,0,3.312376067876599e-11,0,-4.02237,8.502165
sp|Q63064|CD52_RAT,0,4.359558806754649e-05,0,2.396506,10.687117
sp|Q05809|COA4_YEAST,0,1.957411566166911e-09,0,-3.2299612,9.985582
sp|P0CK28|A145_VACCC,0,2.1986766114423517e-06,0,-1.3541998,11.226643
sp|Q9J553|A15_FOWPN,0,0.1619190126657486,0,0.55862266,11.024657
sp|P41663|AC110_NPVAC,0,0.00011481031833682209,0,-0.9564161,10.801294
sp|Q89186|A40_VAR67,0,0.0010613511549308896,0,-0.25142962,10.481345
sp|O60516|4EBP3_HUMAN,0,1.7404499885742553e-06,0,-1.6472362,10.084726
sp|P01408|3SIY3_DENAN,0,0.0022521980572491884,0,2.3864317,9.867241
sp|Q6GZN3|092R_FRG3G,0,4.081758379470557e-05,0,-1.4464217,11.540189
sp|P18924|AC_BPT4,0,1.2009449164906982e-05,0,-1.2228106,11.021592
sp|F7VJQ2|APRIO_BOVIN,0,0.019276760518550873,0,0.77492243,10.805242
sp|Q5R6T5|ATPK_PONAB,0,3.390856727492064e-05,0,-1.029441,10.754857
sp|A7ZC73|ATPL_CAMC1,0,2.334470394771415e-10,0,-4.1327896,8.940108
sp|O03168|ATP8_LATCH,0,7.02530232956633e-05,0,-0.7110659,9.919981
sp|P22499|BOF_BPP1,0,0.38557296991348267,0,1.2321689,10.608581
sp|P18557|1105L_ASFB7,0,0.02329738810658455,0,2.3967178,9.716179
sp|P33794|3BHST_VAR67,0,2.6797217287821695e-05,0,-1.7419939,11.850697
sp|Q196U2|118R_IIV3,0,0.0009861999424174428,0,-0.9090961,11.79152
sp|P20199|A79_SSV1,0,1.3383670420807903e-06,0,-1.9417154,11.784001
sp|P45959|ALDH2_GEOSE,0,2.3133893591875676e-06,0,-1.7151812,8.725593
sp|E2A6Z3|ALLSC_CAMFO,0,1.3138517829247576e-08,0,2.8110337,11.457582
sp|P21933|ATPB_STRDO,0,6.749913128434315e-12,0,-4.096674,8.629775
sp|Q00276|ATP8_APILI,0,9.471236262470484e-05,0,-0.81555843,10.306678
sp|P92663|ATP8_MACRO,0,5.483491258928552e-05,0,-0.87304646,9.793822
sp|Q9WXB7|BCHL_ACIRU,0,1.691863316111153e-10,0,-4.3602867,8.776853
sp|P54621|BUK_GEOSE,0,9.217286788043566e-06,0,-1.4545885,8.5148535
sp|P25430|BDNF_RAJCL,0,0.4163142442703247,0,3.2251258,8.459054
sp|P22074|CALT_CAVPO,0,0.03671155869960785,0,1.622401,8.957107
sp|Q6ZFW0|C4_ORYSJ,0,0.030336983501911163,0,1.577893,8.887192
sp|Q2V2P8|CENPW_YEAST,0,6.025024958944414e-07,0,-2.062208,10.18719
sp|P35987|CAPSP_ADECU,0,1.0,1,8.119317,6.3288717
sp|Q5JQF7|CF100_HUMAN,0,3.7967758714785305e-08,0,-2.3206584,10.040881
sp|Q5R4B0|CD003_PONAB,0,4.911164097620713e-08,0,-2.850372,10.7190895
sp|P56621|CNRY_CUPMC,0,5.454749499311795e-12,0,-4.4510317,9.233127
sp|Q6GZT0|046L_FRG3G,0,0.001968920696526766,0,-0.43009344,10.629326
sp|P11681|ABL_CALVI,0,9.628636776781718e-10,0,-2.5523758,8.339988
sp|Q4L2X3|ASP4_STRGN,0,9.866919572232291e-05,0,-1.0079831,9.141709
sp|Q09097|AVEF_AVESA,0,0.0034548300318419933,0,0.34704018,8.61079
sp|P33719|BXA2_SAMCY,0,0.004646592307835817,0,2.422076,10.20094
sp|Q64H35|CCL26_CANLF,0,0.03537388890981674,0,1.9259362,8.875115
sp|Q9Y6Z2|CF123_HUMAN,0,1.4422936178704049e-09,0,-2.6675646,10.047453
sp|Q8NMQ1|CLPS_CORGL,0,5.88086231800844e-06,0,-2.0393968,8.70846
sp|C5B714|CITD_EDWI9,0,4.765182897521671e-16,0,-4.8823457,9.306819
sp|Q91FU5|227L_IIV6,0,0.004457568284124136,0,0.17964885,10.144867
sp|P33079|A10A5_SOYBN,0,0.013975415378808975,0,0.8839981,9.34014
sp|Q6GZW9|006R_FRG3G,0,0.10503649711608887,0,-0.11519651,11.627632
sp|O55747|141R_IIV6,0,0.0002222564653493464,0,-1.1344994,11.367636
sp|Q91G56|042R_IIV6,0,0.8712832927703857,1,5.483137,7.751835
sp|Q057L2|ACP_BUCCC,0,9.100510214921087e-05,0,-1.1633418,9.132393
sp|Q93HD3|ACPX_STRAW,0,1.2660635206884763e-08,0,-3.1107836,9.11714
sp|Q47037|AFAF_ECOLX,0,9.279077885834125e-14,0,-4.852628,9.283816
sp|Q8S924|AT12A_ARATH,0,1.191031242342433e-05,0,-1.3930836,9.143654
sp|P38636|ATX1_YEAST,0,3.9786286265552917e-07,0,-1.824319,9.658418
sp|O46098|BCN92_DROME,0,7.31941156573157e-08,0,-2.941988,11.105316
sp|O87944|BSSB_THAAR,0,8.987766043563883e-13,0,-3.7628314,8.478632
sp|P51772|BPX_BPP2,0,2.4788855412793964e-09,0,-3.8004627,9.220466
sp|P0AE63|CHAB_ECOLI,0,5.833896733753452e-12,0,-4.290497,9.289749
sp|P94496|CSE60_BACSU,0,0.0028064362704753876,0,0.34003377,9.77327
sp|P54379|CSGA_BACSU,0,1.3653225323650986e-05,0,-2.1647525,11.562306
sp|P37953|CSBA_BACSU,0,3.7351517676142976e-05,0,-1.4629401,9.54009
sp|P14534|3SOI2_BUNFA,0,0.2622002065181732,0,2.7589912,8.763793
sp|Q6GZU6|030R_FRG3G,0,0.0007244266453199089,0,-0.31365213,10.285733
sp|P20200|A82_SSV1,0,1.134035365613073e-10,0,-3.1000335,11.398406
sp|P81449|ATPJ_YEAST,0,1.6858479130917037e-13,0,-4.0302367,10.291506
sp|P05115|BCCP_SOLLC,0,1.2867000805272255e-05,0,-1.0739301,8.4560995
sp|P08986|BIMM_BPT4,0,6.573576456503361e-07,0,-2.1986012,10.362892
sp|Q43932|CATC_ACIAD,0,4.983121826285242e-08,0,-3.2031815,8.723018
sp|Q8I021|CCL17_FELCA,0,0.0035800219047814608,0,1.5600833,8.921665
sp|P63770|CH10_STRP1,0,6.05767240813293e-07,0,-1.7306334,8.883778
sp|P45509|CFA_CITFR,0,2.0534485570267158e-11,0,-3.9619334,8.485306
sp|Q9H2U6|CO005_HUMAN,0,2.453442171646003e-10,0,-2.7513857,10.07776
sp|D6C4I7|CLE1A_CONCL,0,0.00023998218239285052,0,2.776798,11.022837
sp|Q7S5M7|COX9_NEUCR,0,1.2194333542069058e-13,0,-4.0400815,10.025102
sp|O55745|139L_IIV6,0,0.009708564728498459,0,2.859836,9.798788
sp|Q8S2W4|AGP23_ARATH,0,0.10002488642930984,0,1.0682168,9.572575
sp|Q48433|ARAA_KLEPN,0,6.095165645092493e-06,0,-1.491538,8.251541
sp|P33258|ATPL_MYCGA,0,3.124241698682084e-10,0,-3.9509175,9.023175
sp|P0C092|CSEN4_MOUSE,0,1.400267679585454e-09,0,-2.7636337,9.956514
sp|P08685|CP69_BP186,0,0.7622947692871094,1,5.31365,7.6891828
sp|Q91FU6|226R_IIV6,0,2.6638440431270283e-06,0,-1.9312891,11.388906
sp|Q6GZT2|086L_FRG3G,0,0.5727173089981079,1,4.28471,8.288675
sp|P86830|AAE_RAUVE,0,1.7195416148751974e-06,0,-0.9556879,8.335059
sp|Q8KAC8|ATPE_CHLTE,0,8.986791613097012e-07,0,-2.7412448,8.796438
sp|Q9J554|A14_FOWPN,0,1.2957943340552447e-07,0,-2.7263741,11.082357
sp|Q5R6X9|ARP21_PONAB,0,3.348834057281813e-11,0,-3.659109,10.559342
sp|Q9P2X8|CI027_HUMAN,0,0.010539539158344269,0,0.47949827,10.248232
sp|Q8BTE5|CEBOS_MOUSE,0,1.482582145949074e-20,0,-4.4013734,10.59196
sp|P07231|CKG_CONGE,0,6.800055416533723e-05,0,2.6461616,10.76945
sp|Q863F9|COX8B_TARSY,0,0.003077116562053561,0,0.64906883,9.524628
sp|P0A984|CSPH_ECO57,0,7.956587069202214e-06,0,-1.4638021,8.805452
sp|P09928|CSMA_CHLAA,0,2.2035878677328924e-10,0,-3.6445901,8.523476
sp|P77921|COX4_PARDE,0,4.939981224083567e-08,0,-3.2307625,8.813581
sp|O61694|COX5A_MANSE,0,0.04391174390912056,0,1.0219741,9.305953
sp|Q96FQ7|CR018_HUMAN,0,1.5784859195151464e-15,0,-4.283841,10.511941
sp|A8WUV8|CPG9_CAEBR,0,0.11868170648813248,0,2.3311687,9.550836
sp|P70964|CSBD_BACSU,0,1.3237249163466913e-07,0,-2.834543,9.53715
sp|Q8T0W3|CVP3_PIMHY,0,0.0005468499730341136,0,2.9143116,10.148278
sp|Q197E7|013L_IIV3,0,1.1844234037994283e-08,0,-2.9213128,11.668397
sp|Q65133|3605L_ASFB7,0,3.917692538379924e-06,0,-2.1673543,12.115437
sp|Q196V7|103L_IIV3,0,0.08985811471939087,0,0.79106945,10.492457
sp|P20987|A9_VACCC,0,7.153148212646343e-11,0,-3.3539717,10.994727
sp|Q9M373|AGP20_ARATH,0,0.0026124808937311172,0,0.93945867,9.395714
sp|Q7Z4Y8|AT5L2_HUMAN,0,0.1315762996673584,0,1.1565961,10.769007
sp|P0C737|BNL2A_EBVA8,0,0.5063746571540833,1,1.4171865,10.619351
sp|Q9USV6|CBP4_SCHPO,0,5.397052582623019e-09,0,-2.9995654,10.830214
sp|G2TRU5|COXM2_SCHPO,0,4.033873679532007e-09,0,-3.0924537,10.198005
sp|Q69YU5|CL073_HUMAN,0,7.862120954271745e-10,0,-3.2436938,10.351563
sp|P68352|CSN1_BRAOL,0,4.283671296434477e-05,0,-0.46805722,8.564068
sp|P26310|COX6_DICDI,0,2.1604546418529935e-06,0,-1.6966372,10.240412
sp|P9WP32|CYSO_MYCTO,0,6.349904424496344e-07,0,-2.4761527,8.444143
sp|P80676|CU02_BLACR,0,0.022181129083037376,0,1.932429,9.082217
sp|P15201|C_RABVA,0,0.04872759431600571,0,0.28450057,10.34713
sp|A6NGU7|CX028_HUMAN,0,2.274819280501106e-06,0,-1.5199559,10.324813
sp|Q5VT33|CX031_HUMAN,0,3.7339215053222574e-11,0,-3.7721822,10.641973
sp|P42832|CTC_BACCL,0,0.03755756467580795,0,0.3330243,10.9808035
sp|Q91FL6|308L_IIV6,0,0.7992245554924011,1,3.9133127,7.5222173
sp|P85906|AAT1_PSEMZ,0,0.000769500678870827,0,-0.22417222,8.622434
sp|Q6GZT4|042L_FRG3G,0,4.194730066769958e-12,0,-4.0069327,11.055415
sp|Q89183|A375_VAR67,0,1.0136032869922929e-05,0,-1.3327094,10.483118
sp|P0DOE2|AIMP_BPPHT,0,0.2044106125831604,0,1.6525438,9.6307125
sp|O18851|AOFA_SHEEP,0,1.4298669839263312e-06,0,-0.9886645,8.507238
sp|P32267|ASIA_BPT4,0,0.006160631310194731,0,-0.405841,11.561808
sp|P45828|ATPL_MYCLE,0,0.001398047199472785,0,-0.2167708,9.193288
sp|B8QG00|CAHAD_HOFGE,0,0.08393747359514236,0,2.4751246,9.096611
sp|P0C8U7|CA1S2_CONPL,0,1.6041065464378335e-05,0,3.1492565,11.008648
sp|Q3E829|CENPX_YEAST,0,7.515331257377057e-18,0,-4.3675976,10.337152
sp|P37852|CHLB_POLCU,0,5.0829487008741125e-05,0,-0.83474416,8.588417
sp|A1XQT2|COX6C_PIG,0,1.8355225672728182e-10,0,-2.8554668,9.996708
sp|P10713|CON10_NEUCR,0,3.051190891742092e-14,0,-4.1965046,10.849294
sp|Q2I2P1|CON1_CONLT,0,2.4486848815286066e-07,0,2.7500446,11.42943
sp|Q12248|DAD1_YEAST,0,6.077711112162376e-10,0,-3.3218658,9.970606
sp|Q8TCZ7|CU074_HUMAN,0,1.8707429205733206e-07,0,-2.3917878,10.147383
sp|P60606|CTXN1_HUMAN,0,1.5060474568839854e-12,0,-3.8234823,10.622011
sp|P56561|CUD5_LOCMI,0,0.008323517628014088,0,2.2783906,9.658712
sp|P77527|DAFA_THET8,0,8.042438937039265e-10,0,-3.8406928,8.640865
sp|P20990|A13_VACCC,0,2.8128438316343818e-06,0,-1.4504349,10.980674
sp|C6JUP1|3SX1_MICCO,0,1.1999183868738328e-07,0,2.9146874,11.3660145
sp|O55714|083L_IIV6,0,0.00021646299865096807,0,-0.6966094,11.149682
sp|Q9MFP7|ATP8_COLHO,0,8.97135105333291e-05,0,-0.75295645,10.072163
sp|Q9N052|CI118_MACFA,0,0.023717248812317848,0,0.18480882,11.350441
sp|Q84MD2|CIF1_ARATH,0,4.256320851325768e-10,0,-2.7842233,10.079781
sp|Q31QE7|CLPS_SYNE7,0,0.0009925393387675285,0,-1.1816357,9.331531
sp|Q8CF31|CK094_MOUSE,0,3.4590374526313055e-19,0,-4.7415686,9.884349
sp|A6H666|COX8C_MOUSE,0,0.032214850187301636,0,1.3327465,9.760937
sp|P14269|COR10_ADE02,0,0.0007484208326786757,0,-1.2215716,11.549456
sp|Q9GU57|CP91_CONGL,0,0.07429161667823792,0,2.5961132,9.441683
sp|V5V9Y7|CQ62_CONCB,0,0.020121945068240166,0,2.574261,10.491591
sp|A0A1B0GTU2|CTXD1_HUMAN,0,2.2147929645952277e-17,0,-4.3771687,10.518993
sp|P82169|CU051_LOCMI,0,0.7060731053352356,1,4.309058,7.7144227
sp|P12264|41_CHICK,0,0.00034737642272375524,0,-0.13104361,8.825286
sp|Q6GZP4|081R_FRG3G,0,0.0002075301599688828,0,-0.7788272,11.152973
sp|Q91FQ1|272L_IIV6,0,5.447999865282327e-05,0,-1.0748687,11.198316
sp|Q6GZQ7|068R_FRG3G,0,2.3732516396535175e-08,0,-2.1556175,10.310241
sp|Q91FC5|400R_IIV6,0,0.0021445765160024166,0,-0.088257276,10.431797
sp|Q1A3Q5|CT58_CONLT,0,0.007857829332351685,0,2.5106704,10.04311
sp|B3FIA6|CVF1_CONPO,0,4.3126863602083176e-05,0,3.178489,10.892359
sp|P23168|36020_ASFB7,0,0.0037340219132602215,0,-0.284801,11.383151
sp|Q6GZR4|061L_FRG3G,0,3.842341413928807e-07,0,-2.464476,10.482731
sp|A9BFX8|ATPL_PETMO,0,1.4683890214861606e-10,0,-4.1871114,8.959117
sp|O94377|ATPK_SCHPO,0,5.070318707112165e-07,0,-2.7953198,11.287509
sp|O66564|ATPL_AQUAE,0,6.407993247137256e-09,0,-3.7504594,8.802053
sp|P0C6P0|BCL8_HUMAN,0,0.0017578622791916132,0,-0.27007565,10.488621
sp|P91896|BXF1_BOMMO,0,1.8177208403358236e-05,0,3.093529,10.863776
sp|Q13072|BAGE1_HUMAN,0,1.6503820532420832e-08,0,-2.378083,10.031304
sp|P43479|CGKB_PSEVC,0,5.022352667083396e-08,0,-2.3550858,11.821189
sp|D2Y173|CT11A_CONCL,0,0.00016051765123847872,0,3.0346973,10.775135
sp|P58924|CS8A_CONGE,0,0.011323287151753902,0,2.559954,10.034295
sp|O10367|CXOL1_NPVOP,0,0.00035626691533252597,0,2.7068462,10.471616
sp|P81894|CYC7_GEOMG,0,0.00010713985830079764,0,-1.2022063,9.025748
sp|Q6GZN9|044R_FRG3G,0,0.008281522430479527,0,-0.20470802,11.39252
sp|P20194|A100_SSV1,0,0.000752255495171994,0,-1.1895505,11.890227
sp|O55074|AKA7A_MOUSE,0,1.0265903256367892e-06,0,-1.5714207,9.8014145
sp|Q9UT86|APC11_SCHPO,0,1.5224987937045853e-10,0,-3.717479,10.150432
sp|P34539|ATP5E_CAEEL,0,4.388301749713719e-05,0,-0.85195667,10.107981
sp|P87316|ATP5E_SCHPO,0,3.1645809940528125e-05,0,-1.0689387,10.880865
sp|P0DPG3|ATP5E_TRYBB,0,0.00012305493874009699,0,-0.85143644,9.807129
sp|Q5HZM3|BAFL_XENLA,0,8.733394452065113e-09,0,-2.7204058,9.339326
sp|P0CE67|CC079_HUMAN,0,0.0015952326357364655,0,0.540545,10.296489
sp|Q4JB70|CEDA2_SULAC,0,6.614805370119825e-10,0,-3.7553968,9.391478
sp|P0CY83|CJE28_CONBU,0,6.358519021887332e-05,0,3.1221716,10.849341
sp|A5DUN2|CMC4_LODEL,0,2.576638144091703e-05,0,-0.9278065,10.285278
sp|Q46386|CSME_CHLTE,0,6.9138028635507e-12,0,-3.8707829,8.542084
sp|Q0VDD5|CQ091_HUMAN,0,1.5063051250763237e-08,0,-2.5067613,10.035447
sp|P07048|CPPA_NEIGO,0,4.3251071701888577e-07,0,-3.118547,8.767932
sp|P81593|2AMD_PSEOL,0,0.00014393079618457705,0,-0.68210816,8.502486
sp|P0DJY9|75K_PAVHV,0,0.0034706606529653072,0,0.30716705,9.563971
sp|Q91FH6|348R_IIV6,0,0.0013002331834286451,0,-0.80786544,12.014286
sp|Q196X1|089L_IIV3,0,1.7703963850479454e-09,0,-3.1322773,11.174721
sp|P13304|ANTIH_BPT4,0,9.295380004914477e-05,0,2.6620076,11.096413
sp|P44588|ARFA_HAEIN,0,0.004449103958904743,0,-0.59021944,9.913225
sp|O77416|ASP1_ANISI,0,9.198906525398343e-09,0,3.0234392,11.325682
sp|Q8YQ90|CBIN_NOSS1,0,5.186959697311977e-06,0,-2.0620246,8.67609
sp|Q0N4U5|CJE3_CONPO,0,6.075127203075681e-06,0,3.1529398,11.011498
sp|P45688|CSOC_HALNC,0,6.569403354639292e-11,0,-4.448658,8.800824
sp|P21682|CP79_BP186,0,5.1524210675779614e-08,0,-2.730582,11.876267
sp|Q6UWE3|COLL2_HUMAN,0,0.00037277708179317415,0,2.4770958,10.582906
sp|P50657|COX3_ANAPL,0,2.73591704846865e-10,0,-3.3751194,9.094534
sp|Q91FX0|200R_IIV6,0,2.829881395882694e-07,0,-2.2794485,11.979893
sp|P16548|A95EF_DROME,0,0.08064420521259308,0,2.496915,9.014923
sp|P11190|ABC1_BPP22,0,0.00012648441770579666,0,-1.6291989,11.701929
sp|Q93MH4|ASR_SALTI,0,7.472859238077945e-07,0,-2.2523847,9.390647
sp|Q8L981|APC13_ARATH,0,1.2092646883843372e-09,0,-3.0674074,10.008517
sp|Q99440|CD006_HUMAN,0,2.754556860384838e-10,0,-2.613985,10.078733
sp|Q8SPI2|CHCH7_MACFA,0,6.387668918250711e-07,0,-1.5421379,9.888614
sp|P83908|CRU1_SINAL,0,0.6872215270996094,1,4.3903627,7.702323
sp|A0A072V9Z0|CLE33_MEDTR,0,1.5604694425519483e-08,0,2.8121135,11.513687
sp|Q9GKT8|CP086_MACFA,0,2.1105194036863395e-08,0,-2.6040967,10.057866
sp|Q7JVR7|CSN9_DROME,0,8.701539627509192e-06,0,-1.063347,10.190257
sp|P39146|COMFB_BACSU,0,4.0054512484566374e-10,0,-4.19215,9.015193
sp|P36576|ARRC_RAT,0,3.824608629798831e-09,0,-2.4386377,8.178259
sp|C0HK67|ATPLN_PICAN,0,7.372608479272458e-07,0,-1.9183435,9.744735
sp|P0AB34|BSSS_ECOL6,0,1.1830762147724272e-08,0,-3.7305107,9.130067
sp|B0U3Y1|EX7S_XYLFM,0,2.0767981112612688e-08,0,-3.390794,8.686411
sp|B3EBH2|FLIE_GEOLS,0,6.24467921817029e-10,0,-3.99184,8.990654
sp|Q89B01|FLIE_BUCBP,0,3.912124846294773e-09,0,-3.9218736,8.811893
sp|Q57JR3|GLGS_SALCH,0,5.362273469700085e-08,0,-2.9282534,9.104262
sp|P0C8B3|GON7_BOVIN,0,3.476461523169161e-12,0,-3.8804352,10.447243
sp|P79677|GP38_BPMU,0,2.754931642812153e-07,0,-3.1457458,9.177048
sp|Q4Z971|GP168_BPTWO,0,8.236822395701893e-06,0,-1.9673148,12.326742
sp|P20406|GP59_BPT7,0,9.636179356675711e-07,0,-2.057149,11.616755
sp|O68669|GVPJ_BACME,0,0.0009584087529219687,0,-0.30220163,8.97174
sp|Q8KA11|IHFA_BUCAP,0,5.074373699009982e-10,0,-4.033295,8.663327
sp|B1LIR6|IRAP_ECOSM,0,0.3019615709781647,0,2.9740849,8.354576
sp|Q8VYI0|LSM8_ARATH,0,2.8755022668525143e-11,0,-3.003061,8.379389
sp|P0ADF5|LPRH_SHIFL,0,2.991830342580215e-06,0,-2.274048,9.428997
sp|P0AD84|LPPY_ECOL6,0,0.004554383922368288,0,0.07179858,9.309527
sp|A9CTE0|LSM2_ENTBH,0,7.497348575302709e-11,0,-3.5393717,10.031164
sp|Q9BPJ4|M236_CONTE,0,0.6588577628135681,1,5.619021,7.0622606
sp|Q16048|MCHL1_HUMAN,0,1.011937712444566e-12,0,-3.8530557,10.609358
sp|P0CY15|MATMI_SCHPO,0,1.623578441828366e-12,0,-4.117373,9.770956
sp|Q9Z451|MDCC_PSEPU,0,1.331776485966052e-13,0,-4.46449,9.465982
sp|Q75NE6|MIRH1_HUMAN,0,4.501917771904118e-07,0,-2.2389555,10.174394
sp|P45309|MOAD_HAEIN,0,4.979908290749478e-15,0,-4.542704,9.124741
sp|Q0MQC5|NDUB1_GORGO,0,1.0920982000672819e-11,0,-3.039435,9.972513
sp|Q46LY0|NDHL_PROMT,0,1.9000773177069163e-12,0,-4.6526165,9.141252
sp|Q8SPS2|NDUA1_VARRB,0,2.9535840440075845e-07,0,-1.9443212,9.743604
sp|Q810Q5|NMES1_MOUSE,0,1.987069149342644e-17,0,-4.381417,10.472988
sp|P03767|NIND_LAMBD,0,2.2393551262211986e-05,0,-1.7206966,12.060562
sp|Q5NVD3|NREP_PONAB,0,4.5717260532818216e-10,0,-3.1217234,10.21047
sp|B8G6Z6|NUOK_CHLAD,0,6.928513585080509e-07,0,-3.1724308,8.809096
sp|A2T385|NU4LC_ANGEV,0,1.3555913336293912e-10,0,-3.8738937,8.814004
sp|Q0Q4F1|NS3A_BC133,0,0.0012352315243333578,0,2.4595852,10.945211
sp|P01526|NXB2_CERLA,0,0.9839931726455688,1,5.0805717,6.703742
sp|Q92316|OST5_YEAST,0,1.4556890415295953e-11,0,-3.8519218,10.319659
sp|Q8TAD7|OCC1_HUMAN,0,8.574311399778267e-11,0,-3.5571616,10.527517
sp|Q8K560|OTOSP_RAT,0,0.14174401760101318,0,1.7672769,10.874693
sp|Q9V1Z9|PCC1_PYRAB,0,8.018340622584219e-07,0,-2.508116,8.798365
sp|P30879|PEPC_PIG,0,2.024647983489558e-06,0,-0.6414303,8.394493
sp|Q28550|PE2R3_SHEEP,0,0.028252944350242615,0,0.679216,10.382973
sp|Q26430|ABDA_MANSE,0,1.0352378954081587e-09,0,-2.2982407,8.593614
sp|Q91FM4|300R_IIV6,0,3.6248957258067094e-06,0,-1.3522497,11.245224
sp|Q91FM3|301L_IIV6,0,0.0028524978552013636,0,-0.6622606,11.866999
sp|C5DII3|AIM4_LACTC,0,8.187561739703142e-10,0,-3.090059,10.68543
sp|B3R0P8|ACP_PHYMT,0,1.926008735608775e-06,0,-2.2932115,9.047574
sp|A9UGV6|APEP2_ORYSJ,0,0.000914465228561312,0,0.7277011,9.522231
sp|P19606|ANP3_ZOAAM,0,6.280350683951497e-10,0,2.6971447,11.526118
sp|C5CA73|ATPL_MICLC,0,1.3607205140431233e-08,0,-3.336973,8.606006
sp|D2Y1Z3|H3B03_CYRHA,0,0.5072191953659058,1,3.5713177,8.236671
sp|Q9ZCL7|HLP_RICPR,0,2.408206555178094e-13,0,-4.546447,9.251397
sp|Q1B781|HIS2_MYCSS,0,6.064148738715858e-09,0,-2.8263993,8.3317585
sp|P33391|HMC4_DESVH,0,1.1886578527020575e-11,0,-4.38118,8.997977
sp|P51727|HOLIN_BPHC1,0,2.9471040761563927e-05,0,-1.810712,11.427861
sp|Q8UIF9|IHFB_AGRFC,0,3.939402692942906e-10,0,-4.0402603,8.678327
sp|P0A1G1|IMPC_ECOLX,0,7.020815928626689e-08,0,-2.8933206,8.796979
sp|P56471|IDH3A_PIG,0,0.00012842199066653848,0,-0.49159366,8.507952
sp|B1P1B1|JZ50C_CHIGU,0,5.800693543278612e-06,0,3.134926,10.970247
sp|Q8MUB1|KA221_MESMA,0,0.0012567471712827682,0,2.8751194,9.891714
sp|P0C7L1|ISK8_HUMAN,0,0.0011384394019842148,0,2.444361,10.495638
sp|P69301|KM11_TRYBR,0,4.552985046757385e-05,0,-1.3058528,9.547269
sp|P03046|KIL_BPMU,0,0.10974685847759247,0,0.095388174,11.3789
sp|P0CL57|MAZE1_MYCTU,0,6.977273733355105e-05,0,-2.0628839,9.257116
sp|Q6NE51|MAMR_MAGGM,0,2.5752752659318964e-14,0,-4.9546714,9.180054
sp|P23334|MCE_SWPVK,0,0.03292791545391083,0,0.18003269,10.608004
sp|P46230|MUTY_AERHY,0,5.731042751477844e-09,0,-2.913238,8.418759
sp|Q50830|MTRE_METVA,0,7.681397846681648e-07,0,-2.2861848,9.485406
sp|P83762|MUCSM_CANLF,0,0.033050961792469025,0,1.7048918,9.201983
sp|P0CI96|NDBQ_LYCMC,0,0.7719922661781311,1,3.6039279,7.9743624
sp|P47764|NLPD_YEREN,0,6.873301754239947e-05,0,-1.2697589,9.275006
sp|Q54J26|NOP10_DICDI,0,4.1405990486964583e-05,0,-1.5044495,10.988542
sp|A6QCF2|NUOK_SULNB,0,9.29771537538926e-11,0,-4.3906903,8.992429
sp|P48929|NU4LM_CANPA,0,4.604870795787974e-08,0,-2.7513597,10.262411
sp|P69612|NS7_CVPR8,0,1.317010003276664e-07,0,-3.0179138,11.400907
sp|Q9BHA0|O26M_CONTE,0,0.002776267472654581,0,2.482291,10.21428
sp|P9WIJ7|PARD1_MYCTU,0,9.606148342056198e-13,0,-4.4592023,9.419901
sp|Q4L2X2|ASP5_STRGN,0,4.0586448335488967e-07,0,-2.7463067,9.421002
sp|P03621|CAPSD_BPPF1,0,0.0008863823022693396,0,-0.87945086,11.47849
sp|P24274|DRP90_SOYBN,0,6.631874384765979e-06,0,-1.5923535,9.291288
sp|P21050|E10_VACCC,0,0.0029438233468681574,0,-0.28914276,10.52747
sp|Q39066|ECS1_ARATH,0,2.7968027893621183e-10,0,-2.6237178,9.955404
sp|P23081|EFG_GEOSE,0,3.490551421236887e-07,0,-2.3840973,8.572286
sp|Q8K3E7|DPY30_RAT,0,8.079904364421964e-05,0,-0.5256352,10.096932
sp|Q28ED6|EMRE_XENTR,0,1.615098810248128e-08,0,-3.1245406,10.908436
sp|D2Y2H4|H13N1_CYRHA,0,0.007714711595326662,0,2.6478493,10.031747
sp|P0AFX1|HPF_ECOL6,0,0.21761095523834229,0,2.696949,8.469276
sp|D2DGD9|I364_CONLT,0,0.035355500876903534,0,2.486924,9.973343
sp|P56173|ILB6_CAEEL,0,0.04522613435983658,0,0.99317515,9.97668
sp|E4VP04|KXA3_MESEU,0,0.0025871689431369305,0,2.9054596,10.021922
sp|D9U2B3|KTXI_LYCMC,0,0.0007355115958489478,0,2.857873,9.986688
sp|Q9BDR0|KCNE2_RABIT,0,3.887597813445609e-06,0,-1.1367291,10.054747
sp|P80060|LCM_LOCMI,0,0.006167243234813213,0,2.4873712,10.17606
sp|P0DM53|LECG_BOTAT,0,6.0662790346555084e-09,0,-0.75070393,8.254108
sp|Q5SH22|LYSW_THET8,0,4.2804193522982814e-10,0,-3.1930802,8.607711
sp|Q1G3M2|LYRM9_ARATH,0,3.459807703620754e-05,0,-1.0770191,10.844783
sp|Q38162|LLP_BPT5,0,0.00014016441127751023,0,-1.5456766,12.029082
sp|P9WJ80|MFTA_MYCTO,0,0.00036783202085644007,0,-0.8179621,10.113549
sp|Q9LJW5|MIF2_ARATH,0,2.6256355423193156e-10,0,-2.8613162,8.440639
sp|Q80XX4|MSTN1_RAT,0,8.972264708972943e-07,0,-1.9346923,9.902315
sp|Q9U1X4|MSS4_CAEEL,0,4.577459244980986e-11,0,-3.9646492,10.315148
sp|O43057|MSS4_SCHPO,0,1.2952932997023492e-12,0,-4.4261036,9.337193
sp|Q56348|NAPE_PARPN,0,2.395731144133606e-06,0,-2.114045,9.234527
sp|B1WNP9|NDHL_CROS5,0,3.033782670610122e-14,0,-4.831103,9.189289
sp|A0A1B0GTQ4|MYMX_HUMAN,0,1.6903904664911096e-10,0,-3.6016822,10.948972
sp|P0DM24|NEMA1_LINLO,0,0.0001848947285907343,0,3.108667,10.748917
sp|G2TRS1|NEW14_SCHPO,0,1.566860530211045e-09,0,-2.9278407,11.541834
sp|P12478|NEF_HV1Z2,0,3.5449279067734096e-08,0,-2.9728875,11.471678
sp|P81242|NHE1_BACCE,0,0.0004037640173919499,0,2.221814,9.799709
sp|P0CY64|O165_CONBU,0,4.222631469019689e-05,0,3.0800555,11.0663595
sp|P18024|ABI_ECOLX,0,0.0008062574779614806,0,-1.3786799,9.67637
sp|Q91G54|044R_IIV6,0,0.009110163897275925,0,-0.058429237,10.639142
sp|Q6GZU7|029L_FRG3G,0,3.028926130355103e-06,0,-1.593213,11.84432
sp|Q6GZQ0|075L_FRG3G,0,0.08565691113471985,0,0.8679702,10.882617
sp|P80353|2SS4_CAPMA,0,0.9944130182266235,1,4.582627,5.7584023
sp|P20204|B49_SSV1,0,2.8061610812812887e-09,0,-2.6289291,11.944651
sp|Q25BH4|CAPSD_HIS1I,0,8.869659495758242e-07,0,-2.1304674,11.432476
sp|P85886|CA1AB_CONSP,0,3.171720163663849e-05,0,3.0419085,11.075884
sp|A6NGG3|CI092_HUMAN,0,9.507364779892669e-07,0,-2.091662,10.050314
sp|P0C232|ELI2_PHYVE,0,0.8964242339134216,1,4.2241406,6.5474997
sp|Q8TY29|EHAA_METKA,0,1.0793895910410356e-07,0,-3.1142962,8.756398
sp|Q65ZG0|GN_VZVD,0,0.0015262181404978037,0,-0.92924297,11.415506
sp|O09800|GN_HHV11,0,2.1183970133620278e-08,0,-3.1945038,11.212437
sp|Q38477|GP6_BPMU,0,1.7650482959652436e-06,0,-2.0778267,12.438787
sp|P30220|HS30E_XENLA,0,4.374869854864997e-19,0,-4.205411,10.9503355
sp|Q37975|HOLIN_BPA18,0,3.4055437936331145e-07,0,-2.3798335,11.462089
sp|P24337|HPSE_SOYBN,0,0.9630168080329895,1,4.3728204,6.386108
sp|O10374|HRF1_NPVOP,0,0.00018795098003465682,0,-0.9077732,11.384791
sp|Q41065|IBBA_PEA,0,1.1277047633484472e-06,0,-0.16405109,8.382507
sp|Q8XBB1|INTG_ECO57,0,0.000295086792903021,0,-1.2612987,9.47058
sp|P0C652|INSA1_ECOLX,0,0.9496084451675415,1,5.536006,7.944353
sp|P0ADG3|ILVM_SHIFL,0,2.165104206142132e-06,0,-1.8106848,8.6669855
sp|P0ADF8|ILVN_ECOLI,0,0.00029470122535713017,0,-0.44901255,9.156843
sp|Q8TGJ3|KISH_YEAST,0,1.2104159452519525e-07,0,-2.3078692,9.8787
sp|P77799|LHA2_RUBGE,0,4.09955486224689e-10,0,-3.3745346,8.373108
sp|H7CE70|MC69_COLOR,0,6.133779706374298e-09,0,2.8572812,11.380948
sp|Q7VQY9|MINE_BLOFL,0,7.033350291063556e-11,0,-4.4918933,8.841381
sp|O22433|MT3_ARATH,0,1.0358887436723307e-07,0,-1.8792949,9.449069
sp|P39746|MP2K3_XENLA,0,3.902150638168678e-06,0,-1.5435029,9.077495
sp|A8GQA2|NHAA_RICAH,0,4.201461845099175e-09,0,-3.999636,8.729047
sp|Q47270|NINE_ECOLI,0,0.001491802860982716,0,-0.5342418,10.940201
sp|P03768|NINE_LAMBD,0,0.12124855816364288,0,0.9282541,10.734949
sp|P11633|NHP6B_YEAST,0,5.8838246774772784e-12,0,-3.916645,10.285448
sp|Q9HRT9|NOP10_HALSA,0,5.18460683451849e-06,0,-2.3432107,9.354751
sp|Q4VAB4|CNPY1_MOUSE,0,0.010737894102931023,0,0.3970821,10.421648
sp|Q3JCK6|CSRA_NITOC,0,1.610358992820693e-07,0,-2.9416995,8.89408
sp|P83437|COG5_BOVIN,0,0.9973376989364624,1,6.2829986,7.091174
sp|P0CM71|COX23_CRYNB,0,1.3769563614318692e-11,0,-3.887283,10.623435
sp|A0L6W5|COWN_MAGMM,0,2.0234778297378853e-09,0,-4.14006,9.0194845
sp|D6C4H8|CUM1_CONCL,0,0.0006303757545538247,0,2.7719426,10.914473
sp|Q9USW6|DPM2_SCHPO,0,3.1391163446414794e-08,0,-2.842438,10.657705
sp|P23227|ECTP_TRIGR,0,6.189689884195104e-05,0,2.956881,10.605993
sp|P0A3F7|DSDX_SHIFL,0,6.396734875124821e-08,0,-3.7617023,9.09187
sp|Q92GV5|ECOTL_RICCN,0,5.235980399254103e-11,0,-4.1793995,8.718482
sp|Q9WYZ6|HFQ_THEMA,0,3.366686707195754e-09,0,-3.5179842,8.74423
sp|P18608|HMGN1_MOUSE,0,0.000833300466183573,0,0.054770663,9.021551
sp|P0ABS9|HOLE_ECOL6,0,5.288958095078332e-18,0,-4.8595304,9.461089
sp|Q7KWN8|HSL22_DICDI,0,4.14237604218215e-08,0,-1.7126935,10.483525
sp|Q553K1|HSL25_DICDI,0,8.114055261021491e-11,0,-3.1329923,10.63639
sp|P15649|HSL27_DICDI,0,5.380289439926855e-05,0,-1.3599846,10.551078
sp|Q6Q546|HUB1_YEAST,0,3.25801746692278e-11,0,-3.6860056,9.848385
sp|P84577|HSP90_POPEU,0,3.667021530873171e-08,0,-2.072301,8.109202
sp|P0DSS2|I5_VARV,0,1.6538189811399207e-05,0,-1.4102051,11.220098
sp|Q29PV4|IDL1_ARATH,0,1.613174371861703e-09,0,-2.8150692,10.218273
sp|C5J893|KKX26_OPICY,0,0.0001345510536339134,0,3.059218,10.695759
sp|Q8CF66|LTOR4_MOUSE,0,5.163687819731422e-05,0,-0.95763075,10.560142
sp|Q0P4B9|MCRI1_DANRE,0,1.824509510486849e-12,0,-3.999671,10.745989
sp|Q1BBA1|MBTL_MYCSS,0,1.6713656236788665e-08,0,-2.8619356,8.6634865
sp|P34069|MFM2_SCHPO,0,6.521070463350043e-05,0,-0.36057514,9.098304
sp|P53777|MLP1_DROME,0,3.519048732414376e-07,0,-2.41171,8.53903
sp|P43400|MT1_WHEAT,0,6.138687780321561e-08,0,-1.132755,8.390905
sp|P0C777|MP1_CARMS,0,8.748086838750169e-05,0,-1.1140536,11.324524
sp|P89035|MP6_PMVK,0,1.274938540518633e-06,0,-1.8183887,10.807659
sp|O32857|MURA_MYCCH,0,3.051492977572401e-13,0,-4.140509,8.585856
sp|Q83WF4|MYCII_MICGR,0,0.00011492878547869623,0,-0.69240826,9.836719
sp|P52336|NIFH_NOSSN,0,1.4707512718814542e-07,0,-2.4026787,8.172254
sp|P50353|NODB_BRASN,0,0.07236763834953308,0,0.73782456,10.367976
sp|Q3LZX8|NS6_BCHK3,0,1.3882481653126888e-05,0,-1.6569202,10.235774
sp|P30238|NS3A_IBVP3,0,0.0002327831753063947,0,-0.8839703,10.71027
sp|Q33821|NU4LM_PATPE,0,3.944254367560518e-10,0,-3.3746789,10.514541
sp|P19407|OEC6_SPIOL,0,0.036111827939748764,0,0.8861291,9.324832
sp|P0C9Y2|P12_ASFM2,0,1.2946863989782287e-06,0,-1.9581487,10.099467
sp|Q8QVM0|ORF2_TTVI1,0,0.44413653016090393,0,1.3108532,10.5003605
sp|O71190|P6_GLRV3,0,0.0001955805637408048,0,-0.4675012,9.858631
sp|B8I574|ATPL_RUMCH,0,3.0314345167425927e-06,0,-2.1859818,8.95554
sp|P20205|B78_SSV1,0,1.0076585399421134e-11,0,-3.8104281,10.17892
sp|P84988|CB21_POPEU,0,8.33225785754621e-05,0,-0.62629974,8.390464
sp|P06480|GJ_HHV11,0,3.614661694961718e-11,0,-3.837627,11.150249
sp|P64268|GNS_SALTI,0,7.130526204213172e-12,0,-4.274999,9.319085
sp|Q77CE4|GN_BHV1C,0,9.995044820243493e-06,0,-2.36205,11.967808
sp|Q8FHF3|HIPB_ECOL6,0,3.171176862770686e-12,0,-4.595565,9.08318
sp|Q7MZD9|HICA2_PHOLL,0,0.00021090365771669894,0,-1.0844417,9.699725
sp|P04660|HEMA_I78AE,0,7.784452463965863e-05,0,-0.612692,10.883282
sp|P12770|HMC1_METTE,0,9.147389209829271e-05,0,-0.16012707,8.918766
sp|Q8AYB8|HOP_DANRE,0,3.772313190986143e-12,0,-3.9777951,10.2749
sp|P0A0V6|HPN_HELPY,0,5.2244035764204e-09,0,-3.0123014,10.289103
sp|B3EWP2|HYAL_CRODU,0,0.0009025723556987941,0,0.20026234,8.465954
sp|P69852|HSK3_YEAST,0,8.583125463701435e-07,0,-2.1232395,10.04511
sp|Q86KT9|HSL30_DICDI,0,4.301639364712173e-07,0,-1.6888486,10.617538
sp|D6C4I0|I1B2_CONCL,0,5.767988113802858e-06,0,3.0274518,11.208739
sp|P0CF70|INSE5_ECOLI,0,5.088592297397554e-05,0,-1.3932483,9.496527
sp|Q52277|KORC1_ECOLX,0,5.894879029355593e-10,0,-4.4065785,9.022323
sp|P02450|KRFC_CHICK,0,0.0001809655805118382,0,-0.41559654,9.017999
sp|Q5F1N4|KS4_MESMA,0,8.739049371797591e-05,0,2.6887608,11.030497
sp|P37138|LIM2B_XENLA,0,1.4254377674660645e-05,0,-0.9197704,8.524455
sp|Q66X52|LTOR5_PIG,0,0.0010471234563738108,0,0.5274872,9.4903555
sp|B5XFA7|LYRM2_SALSA,0,1.9239943839510776e-12,0,-4.063967,10.973995
sp|P22100|LPW_VIBPA,0,0.38010960817337036,0,2.9375973,8.455267
sp|Q40189|M6_LILHE,0,0.0030843226704746485,0,0.5224723,8.575112
sp|P92518|M770_ARATH,0,0.0014486957807093859,0,-0.25615826,9.743635
sp|Q56462|MAUR_PARVE,0,0.08148974180221558,0,1.0094101,9.768972
sp|P69961|LCRS_YERPE,0,6.309252785285935e-05,0,-1.412177,9.430147
sp|P26886|MER2_EUPRA,0,0.0003258311189711094,0,2.2440057,10.160745
sp|P90335|MP8_PMVK,0,0.03180818259716034,0,0.15152057,11.41179
sp|Q9X5W6|MOAC_RHOCA,0,4.078453476634089e-15,0,-4.8019633,9.3798275
sp|Q94550|MT_DREPO,0,0.0003959393361583352,0,-0.05733207,8.871996
sp|P0A225|MXII_SHIFL,0,4.036975553844968e-08,0,-3.3964114,9.073355
sp|O27225|MTRG_METTH,0,9.439479363090864e-13,0,-4.593442,9.29608
sp|Q38666|NINF_BPP22,0,3.991059656982543e-06,0,-2.222194,12.160447
sp|Q61979|NNAT_MOUSE,0,1.2161892604112268e-09,0,-3.0185564,10.40151
sp|Q41701|NO12_VICSA,0,2.1384755655162735e-07,0,-1.7249128,9.50259
sp|P61581|NP24_HUMAN,0,7.996325621206779e-06,0,-1.0272146,9.9158
sp|Q8ZTY6|NOP10_PYRAE,0,7.451442485262305e-08,0,-3.0386598,9.490916
sp|P48928|NU4LM_ALBCA,0,2.038266757153906e-05,0,-1.2418363,10.896522
sp|Q3LZX6|NS7B_BCHK3,0,8.875317689671647e-07,0,-1.9598275,9.92498
sp|Q08513|NTP1_SWPVK,0,0.0010299496352672577,0,-1.177203,12.028718
sp|P83722|NU160_XENLA,0,1.5055053381729522e-07,0,-1.6335418,8.261329
sp|D2Y496|O161B_CONCL,0,8.463837730232626e-05,0,2.6136541,10.807543
sp|Q36903|NU4LM_WICCA,0,1.6504128552696784e-07,0,-2.2609422,10.00355
sp|A0A087WWA1|P3URF_HUMAN,0,0.06657721847295761,0,1.3050447,9.554954
sp|P0ADA9|OSMB_ECO57,0,2.1323848242715826e-10,0,-3.7289286,9.317006
sp|Q88417|ORF15_SPV1C,0,0.05159872770309448,0,0.32782373,11.1129875
sp|P06948|P56_BPPZA,0,0.004481079988181591,0,-0.4625153,11.540895
sp|Q9A458|PARD4_CAUVC,0,1.0724200288924918e-14,0,-4.9461765,9.204731
sp|Q0IA94|PETN_SYNS3,0,0.000455014465842396,0,-1.5194392,9.247029
sp|O32025|PHRE_BACSU,0,0.0011801589280366898,0,-0.014953576,9.271347
sp|P00298|PLAS_RUMOB,0,1.4873020290906425e-06,0,-1.3584082,8.503656
sp|Q5TEZ4|CF164_HUMAN,0,1.2310128028047984e-08,0,-2.4361134,9.943988
sp|Q936E0|EATX_STRAG,0,7.481224020011723e-05,0,-0.9221308,10.492099
sp|Q01049|GN_SHV21,0,1.2599471688190533e-07,0,-2.9261518,11.445579
sp|Q38492|GP14_BPMU,0,0.0002505441370885819,0,-1.4321885,12.049265
sp|Q95335|GON1_TUPBE,0,6.509595550596714e-05,0,2.454961,10.760163
sp|Q9XJS5|GPD_BPPM2,0,0.004645199049264193,0,-0.31263268,11.635318
sp|Q9DG36|GON2_LITCT,0,2.5055383957806043e-05,0,2.4665427,10.922042
sp|Q6XFR6|GLPC_RAT,0,2.8823868092331395e-07,0,-1.8226204,9.950344
sp|P11910|H82_NEIG1,0,0.00021032773656770587,0,-1.2108064,9.713326
sp|Q54UL6|HSL43_DICDI,0,1.183605036897406e-11,0,-3.166498,10.595755
sp|P83977|IGNAR_GINCI,0,0.003739232663065195,0,1.5421591,9.324541
sp|B1P1C7|JZT49_CHIGU,0,0.4286121726036072,0,3.1692877,8.954051
sp|P69592|J_BPPHS,0,0.9864992499351501,1,5.9122996,7.399122
sp|B8XH44|KA271_BUTOS,0,2.7963725557356156e-08,0,2.7885442,11.365995
sp|P0DON0|L2_VARV,0,0.018058693036437035,0,-0.12372749,11.415989
sp|Q8NEE0|KLAS1_HUMAN,0,4.211906905605793e-15,0,-4.209481,10.50152
sp|Q9Y6C7|L3R2A_HUMAN,0,0.01592051424086094,0,1.2006115,9.65349
sp|Q9SI54|LSM7_ARATH,0,6.163401167214033e-08,0,-2.5132942,8.508693
sp|P29852|MALX_KLEPN,0,4.958959834766574e-06,0,-2.4414473,8.969122
sp|P01076|MCPI_SOLLC,0,1.6327310277119977e-06,0,-0.5838358,8.468591
sp|Q9FHX8|MDA3_ARATH,0,2.0731012121810027e-13,0,-4.1593122,10.827486
sp|Q3AF72|MINE_CARHZ,0,5.770428579410236e-10,0,-4.2014556,8.730653
sp|P0A1G4|MSGA_SALTI,0,4.861678008956372e-13,0,-4.8574305,9.09914
sp|P82946|MPAG4_DACGL,0,0.23625272512435913,0,3.1293416,8.459448
sp|B1NWR7|NA245_NEMVE,0,1.0066261602048598e-08,0,2.915216,11.434805
sp|Q9LZI6|NDS5B_ARATH,0,0.0005226655630394816,0,-0.3060277,9.646779
sp|Q9CQ91|NDUA3_MOUSE,0,3.4928782549669204e-14,0,-4.236404,10.508709
sp|P0CJ16|NDBX_LYCMC,0,7.521437510149553e-06,0,2.637536,11.294646
sp|P0CB69|NDUC1_PONAB,0,3.3374607331243533e-12,0,-3.7937548,10.679482
sp|Q0MQD1|NDUB3_GORGO,0,4.978224765750383e-08,0,-2.9809058,10.889556
sp|Q9ZWX5|NINE_BP933,0,1.544214137538802e-05,0,-1.8029724,10.594403
sp|C7J4U3|OST4A_ORYSJ,0,1.2514327342948682e-14,0,-4.21386,10.405194
sp|Q9BZK8|OCR1_HUMAN,0,0.14265544712543488,0,1.1758205,9.776069
sp|P31051|ODO2_PSEPU,0,3.035515419469448e-06,0,-2.1029825,8.937411
sp|P0C9Y0|P10_ASFWA,0,0.05602617561817169,0,0.7585531,11.0907135
sp|P81719|PIIS_ACHLY,0,0.000437695998698473,0,-0.2553035,8.601763
sp|P85035|PLINH_HALLA,0,0.10872936248779297,0,2.1860662,8.941905
sp|Q02247|BCP4_RABIT,0,6.178599142003804e-05,0,-0.08484263,9.097818
sp|A0A1B0GUI7|BRDOS_HUMAN,0,1.4999901054579823e-07,0,-2.6207178,10.656053
sp|Q54C30|CDC26_DICDI,0,6.897642721749586e-13,0,-3.8036344,10.4782505
sp|A5DLM7|COA3_PICGU,0,1.8434667072545595e-18,0,-4.329349,10.724952
sp|A0A072TRR8|CLE53_MEDTR,0,6.232396820848862e-09,0,-2.1805596,10.1631565
sp|P10174|COX7_YEAST,0,6.658636266365647e-05,0,-1.1074457,10.748914
sp|A3PSE8|CRGA_MYCSJ,0,1.483399791890605e-10,0,-4.0464034,8.659113
sp|Q6NJ54|ESXA_CORDI,0,0.00023730474640615284,0,-0.7100047,9.053036
sp|Q57987|FEOA_METJA,0,4.489155713827131e-08,0,-2.8339975,8.300538
sp|P84210|FENR_IMPCY,0,3.982290941451083e-09,0,-2.2765777,8.065279
sp|B3EWG3|FM25A_HUMAN,0,4.988218171853021e-10,0,-3.573152,10.728035
sp|O33543|FMT_RICPA,0,1.9559178721095805e-09,0,-3.8803594,9.078806
sp|C3NDY0|GATC_SULIY,0,0.0008044422138482332,0,-0.64325815,9.294539
sp|Q1GUW4|GATC_SPHAL,0,2.274384314659983e-06,0,-2.7888587,8.871021
sp|O51318|GATC_BORBU,0,1.2017284461762756e-05,0,-2.3879733,9.04728
sp|P68670|G9P_BPPHL,0,0.009691351093351841,0,-0.25844762,9.836116
sp|Q1RHJ0|GLRX1_RICBR,0,3.874230658507116e-10,0,-4.119807,8.735938
sp|O48414|GP60_BPSP1,0,0.013697030022740364,0,-0.57411414,12.012604
sp|Q9XJS7|GPB_BPPM2,0,0.02703069895505905,0,0.37245354,10.600476
sp|P46443|GUAM_HIRNI,0,1.6965257600531913e-05,0,3.1422372,10.814427
sp|C0HLL7|GST_LACPN,0,0.0011766096577048302,0,0.05912328,8.985
sp|P84984|GSTF2_POPEU,0,0.9826338291168213,1,5.6850104,7.5660834
sp|O33778|HIS3_SACS2,0,4.692026212005374e-10,0,-3.5892518,8.375769
sp|O03978|HOLIN_BPDP1,0,0.0002328225236851722,0,-0.8024786,11.222642
sp|P52754|HYP1_HYPJE,0,0.01434184517711401,0,2.1630037,9.483567
sp|P82701|IM18_DROME,0,0.9814742207527161,1,5.224368,6.3142514
sp|A6NJ69|IGIP_HUMAN,0,0.0016519055934622884,0,-0.087693,10.566129
sp|Q43667|ITR1_TRIKI,0,0.0013441597111523151,0,0.7486701,9.030694
sp|Q0H8Z2|IEND2_USTMA,0,4.894394223242671e-09,0,-2.7475803,8.214117
sp|P0CI46|KA172_LYCMC,0,0.023916123434901237,0,2.7902832,9.720853
sp|Q5PXH1|KISS1_MACMU,0,0.00030926946783438325,0,2.3654351,10.3447075
sp|Q9SCK2|LSU3_ARATH,0,0.3375951051712036,0,3.6945145,8.448348
sp|Q4JAQ0|LYSW_SULAC,0,3.764131406569504e-08,0,-2.3319626,8.193601
sp|Q58263|MTRG_METJA,0,1.2546194118334686e-11,0,-4.4804726,9.264682
sp|Q09902|MU144_SCHPO,0,1.0829763752440158e-09,0,-3.449229,10.280018
sp|G2TRP8|MZM1_SCHPO,0,3.6754246868220264e-10,0,-3.2727249,10.9869
sp|Q8LDK3|NDUB2_ARATH,0,1.4562817796104355e-06,0,-1.9679871,10.15641
sp|P15444|NEU1_STRCA,0,0.0002125720784533769,0,2.5222447,10.355911
sp|P9WK08|MYMT_MYCTO,0,0.018088573589920998,0,0.64791983,9.225599
sp|Q8HEB9|NU4LM_CAEBR,0,7.314796768298493e-09,0,-2.8432863,10.094237
sp|P19047|NU5M_ARTSA,0,4.047160828690721e-09,0,-2.8628063,10.194805
sp|Q9BP62|O3619_CONVE,0,0.004191003739833832,0,2.6688452,10.789623
sp|P15898|ORF7_SPV1R,0,6.37562607153086e-07,0,-2.7505772,11.803961
sp|Q91EK2|ORFC2_GOCV,0,0.000488270481582731,0,-1.1976193,11.881882
sp|Q2I2P4|CP9A_CONLT,0,1.8102005014952738e-06,0,2.9952295,11.325912
sp|Q6MX43|DODEC_MYCTU,0,3.620262214099057e-05,0,-0.5776853,9.02112
sp|Q9WUQ7|DEXI_MOUSE,0,4.353974418336293e-06,0,-1.7336578,10.369011
sp|Q3E808|DGR1_YEAST,0,7.345815902226605e-07,0,-2.1186652,10.331943
sp|Q086A9|FTSB_SHEFN,0,9.31037690519998e-13,0,-4.6452346,9.018826
sp|B1LIP2|FRMR_ECOSM,0,1.252403181162265e-10,0,-3.4216528,9.314661
sp|G2TRR1|GEMI7_SCHPO,0,2.3083572159521282e-05,0,-1.4417589,11.233058
sp|O06720|GERPB_BACSU,0,2.980476097036444e-07,0,-2.8293233,9.357043
sp|Q9M9Y9|GRS11_ARATH,0,1.971382701526636e-08,0,-2.6292648,8.282494
sp|Q3ZBV4|HMGN3_BOVIN,0,2.3793086256773677e-07,0,-1.6902386,9.691608
sp|Q86H93|HSL24_DICDI,0,5.975613892594822e-10,0,-2.7865314,10.763733
sp|P01000|IAC1_BOVIN,0,0.026851259171962738,0,1.4692961,9.008261
sp|P12136|IF1C_TOBAC,0,0.14926819503307343,0,2.610333,8.469397
sp|Q3UTS8|ISK13_MOUSE,0,0.00022123857343103737,0,2.4885616,10.561607
sp|P0C8X8|KAXU1_HOFGE,0,3.525707870721817e-05,0,2.5920868,11.066821
sp|P69594|K_BPPHS,0,0.0005596666596829891,0,-0.81763774,11.314887
sp|P80590|LHB1_RHOTE,0,8.111263838372906e-08,0,-3.0576656,8.933065
sp|P92554|M1240_ARATH,0,0.005093609914183617,0,-0.11973333,10.219557
sp|B2RZD7|LYRM9_RAT,0,1.2727419118618855e-07,0,-2.8541856,11.058979
sp|Q6NE58|MAML_MAGGM,0,2.761098905068593e-09,0,-4.2549267,8.758573
sp|Q7AKA4|MERE_SHIFL,0,3.7039035033492596e-12,0,-4.760704,9.035335
sp|P13523|MA8C_SCHJA,0,0.5515487194061279,1,3.9297132,8.017834
sp|P81077|MIP_BOTAS,0,0.9680327773094177,1,4.799969,5.9625854
sp|Q7RYI0|MIC10_NEUCR,0,1.1096810581534555e-08,0,-2.86749,9.268323
sp|A7VN16|MSMB4_PROFL,0,0.5463808178901672,1,3.9026413,8.506336
sp|O27228|MTRB_METTH,0,2.5791026690073597e-15,0,-4.7645345,9.268941
sp|P0CJ19|NDBT_LYCMC,0,0.004653579089790583,0,2.6828234,9.834763
sp|P93331|NOD1_MEDTR,0,0.06562250107526779,0,1.9508117,8.76841
sp|Q86H65|ASTER_DICDI,0,4.529584884949145e-07,0,-1.9894989,10.390937
sp|Q8KRV3|ATPL_ILYTA,0,6.879930651848554e-07,0,-1.8895131,8.894114
sp|F5HHY1|CEP3_HHV8P,0,2.5475989673395816e-07,0,-2.040624,11.699286
sp|Q2I2P8|CMG1_CONLT,0,1.3836029211233836e-05,0,3.0006075,11.178613
sp|Q8K1L6|CP074_MOUSE,0,0.002104376908391714,0,0.5076104,9.574749
sp|D3JWK2|CUMA_CONCL,0,0.000205120857572183,0,3.0915463,10.932942
sp|P0C0Q9|GYRA_STAEP,0,2.3814799021693034e-08,0,-2.5347142,8.229871
sp|Q9UBK5|HCST_HUMAN,0,3.0564724085024864e-09,0,-3.107046,10.623744
sp|P81492|HIRM2_POEMA,0,2.945593848835415e-07,0,2.90865,11.398325
sp|P58835|HIS2_METKA,0,6.576838032512633e-12,0,-4.2836413,8.735557
sp|P23397|HMEN_HELTR,0,3.563337819256773e-11,0,-2.6652646,8.35739
sp|Q9QUK5|HSPB7_RAT,0,0.000419923453591764,0,0.016592251,8.703544
sp|Q550E5|HSPGA_DICDI,0,5.733933505780442e-08,0,-1.9239621,10.176574
sp|P0CL00|IACP_SALTY,0,0.004376978613436222,0,0.14264768,9.116691
sp|P19860|IBB2_SETIT,0,0.00020332557323854417,0,-0.054230403,8.492573
sp|P68606|I2_VACCW,0,0.0012255042092874646,0,-0.73644835,11.8859
sp|P07635|INV7_YEASX,0,1.1869435555950103e-12,0,-3.3304498,9.687727
sp|P14345|ICP47_HHV2H,0,3.155315342340259e-09,0,-3.2427473,11.116271
sp|P0C0L9|ISCX_ECOLI,0,2.1112045942572877e-06,0,-2.505128,9.027033
sp|P68465|K6_VACCC,0,0.17910730838775635,0,1.0640641,10.474293
sp|Q9UBP8|KAAG1_HUMAN,0,7.660240479396853e-20,0,-4.491081,10.410581
sp|Q5DT21|ISK9_HUMAN,0,0.00011693833221215755,0,2.5587645,10.690749
sp|P05785|K1C14_BOVIN,0,0.2745845317840576,0,1.678931,8.590775
sp|P0DN05|K1BBA_ANEVI,0,0.00034915644209831953,0,2.9894078,10.626692
sp|Q86QU0|KGX43_CENEX,0,0.0011863037943840027,0,1.859381,9.431106
sp|P31169|KIN2_ARATH,0,9.924072219291702e-05,0,-1.0728514,9.994589
sp|P86681|LFXI_HAEDE,0,3.6355577321955934e-05,0,0.26267275,8.466762
sp|P80588|LHA1_RHOTE,0,5.0214132851778e-10,0,-3.5131621,8.490104
sp|P19122|LALBA_MACGI,0,0.00033995878766290843,0,-0.24946101,8.445491
sp|P20894|L_HRSV,0,0.017724717035889626,0,-0.14541559,11.3266
sp|Q46404|LTUB_CHLTR,0,2.7084389842002565e-08,0,-3.9477835,9.078386
sp|P09461|LPP_PROMI,0,1.1028326696305157e-07,0,-2.6122363,9.242042
sp|P88812|M22_HRSVA,0,0.0006633134325966239,0,-1.2161653,11.934466
sp|P64603|MLAB_SHIFL,0,0.5473905801773071,1,3.4695413,8.206512
sp|P33740|MS2B_DROSI,0,6.896236754982965e-06,0,2.850555,11.226555
sp|Q9NRJ1|MOST1_HUMAN,0,0.006824257783591747,0,0.554926,9.613936
sp|A2XZL0|MT2C_ORYSI,0,1.2187417741671425e-09,0,-2.5275338,9.95824
sp|Q56209|MOAD_SYNE7,0,9.567645981034545e-11,0,-3.8738587,8.525237
sp|P0AC68|NRDH_SHIFL,0,7.774295909257489e-07,0,-2.667699,8.811721
sp|Q37886|NP_BPB03,0,0.00031971841235645115,0,-1.1275107,11.882414
sp|Q62792|NRF1_RAT,0,0.17911960184574127,0,1.8671232,8.644121
sp|Q54V54|OST4_DICDI,0,1.097607151299809e-18,0,-4.4229302,10.461665
sp|Q9SBM8|PETN_VOLCA,0,6.602157100132899e-06,0,-2.2208726,9.15942
sp|Q9SZG4|PSK4_ARATH,0,4.097628334420733e-05,0,2.1415033,10.886666
sp|A2C0G1|PSBM_PROM1,0,1.4121287676971406e-06,0,-2.3970966,9.174121
sp|A9B9C4|PSBX_PROM4,0,4.895680215388776e-12,0,-4.5966125,9.495637
sp|O51507|PTHP_BORBU,0,5.993423428662936e-07,0,-2.7100031,8.879709
sp|Q55842|PURS_SYNY3,0,1.173437458312776e-10,0,-3.8011234,8.396663
sp|Q9X0X1|PURS_THEMA,0,3.9263053253080216e-08,0,-2.818128,8.263249
sp|A0A096LP55|QCR6L_HUMAN,0,2.153264358639717e-05,0,-1.1739062,10.779813
sp|Q45399|PTEB_GEOSE,0,8.118277605717594e-08,0,-2.685003,8.768342
sp|Q37907|RCRO_BPD3,0,5.100654334455612e-07,0,-2.3235922,11.714688
sp|O82232|RC22_ARATH,0,0.009814215824007988,0,0.29742745,10.170116
sp|Q9YEZ1|RPOL_AERPE,0,4.3618069225925815e-12,0,-4.205342,8.769697
sp|Q97C23|RNP4_THEVO,0,8.542357363694464e-07,0,-2.3823826,8.369132
sp|P21887|SAS2_CLOPE,0,0.0028899640310555696,0,0.29773185,9.438216
sp|P60468|SC61B_HUMAN,0,1.1420389078864446e-08,0,-2.944631,9.80415
sp|Q9SKE0|SDH8_ARATH,0,4.63157618924015e-08,0,-2.473644,10.360209
sp|Q68XN4|SECE_RICTY,0,3.4381636737634835e-07,0,-2.6850653,9.111705
sp|Q8PY55|SECE_METMA,0,5.3102335029198144e-11,0,-3.8964972,8.501883
sp|Q9JHB9|SG2A1_RAT,0,0.01119907759130001,0,1.3190788,9.289541
sp|Q96QK8|SIM14_HUMAN,0,3.706149647319338e-18,0,-4.407576,10.565048
sp|P50263|SIP18_YEAST,0,4.9504433263791725e-06,0,-1.6405867,10.693151
sp|P42579|SIS_LYMST,0,8.751888458391477e-07,0,3.1335435,11.147634
sp|P22755|SINI_BACLI,0,1.0877564040473464e-12,0,-4.4246273,9.611088
sp|Q54LD8|SI173_DICDI,0,1.4894975720380899e-05,0,-1.3314244,10.423282
sp|P0DJY3|SGS_BPT7,0,1.5667036734612338e-07,0,-2.16721,12.414157
sp|P69359|SH_HRSV1,0,0.00011941956472583115,0,-1.2710421,11.529432
sp|P69464|SH_MUMP1,0,0.0005141252186149359,0,-0.704007,10.416818
sp|Q83NJ2|TATA_TROW8,0,9.34748056735657e-10,0,-4.0865583,8.696908
sp|P80427|TALDO_CARMA,0,9.259874644840238e-09,0,-2.4276943,8.253535
sp|P0DN52|T62_CINAN,0,1.849027029265926e-07,0,2.796253,11.470406
sp|Q06261|TEC_BPP1,0,0.00021557937725447118,0,-1.3625107,11.914487
sp|Q9CQN3|TOM6_MOUSE,0,7.0653543779442e-12,0,-3.8833277,10.757198
sp|P01251|THPS_BOVIN,0,0.07342564314603806,0,1.2877604,9.096445
sp|Q3ECI7|TOM72_ARATH,0,1.213992101289918e-11,0,-3.9084787,10.387021
sp|P85079|TLCOA_ALOMR,0,0.34688347578048706,0,3.2046707,8.765464
sp|Q616Q2|TIM8_CAEBR,0,8.944718744982247e-14,0,-4.119749,9.985433
sp|P18268|TRPC_BACPU,0,0.12694251537322998,0,0.95436066,9.815599
sp|C6Y4B6|NCE1_SCHPO,0,1.1168472830586085e-12,0,-4.01209,10.173018
sp|P27758|NDHH_SECCE,0,4.0515060391044244e-05,0,-0.86821145,8.385625
sp|Q99PE3|P2RY2_MERUN,0,0.026730095967650414,0,1.236198,9.18006
sp|Q9A459|PARE4_CAUVC,0,2.0687570767563557e-08,0,-3.6406817,8.900777
sp|Q7M4T5|PIA2_PLEOS,0,0.0008892228361219168,0,0.33424836,8.548922
sp|P12500|POL_SIVV2,0,0.14463932812213898,0,1.1037927,10.089809
sp|D3DTV9|PRAC2_HUMAN,0,1.1850580678777188e-15,0,-4.372898,10.521046
sp|Q06J47|PSAC_BIGNA,0,5.489053819474066e-06,0,-2.2894058,8.8893385
sp|A0ZZ55|PSAJ_GOSBA,0,2.1833470498222596e-07,0,-2.4555252,9.0011425
sp|P74564|PSAK2_SYNY3,0,3.994462531409226e-06,0,-2.63997,9.048046
sp|A8G2W1|PSBJ_PROM2,0,2.0305771613493562e-05,0,-2.2419999,9.091017
sp|A3PB19|PSBE_PROM0,0,7.060666393954307e-05,0,-1.9772674,9.116608
sp|Q46JP5|PSBFL_PROMT,0,2.1019839550717734e-05,0,-2.1622236,9.007562
sp|A1EA35|PSBT_AGRST,0,0.0029758159071207047,0,0.6788599,9.502777
sp|B2J1B5|PSBY_NOSP7,0,0.000291986099909991,0,-1.2804747,9.3021555
sp|Q7V340|PSBN_PROMP,0,7.938004142893362e-10,0,-3.4710677,8.455469
sp|Q4G3D8|PSBX_EMIHU,0,2.2067118098101357e-12,0,-4.4479723,9.477563
sp|P60833|RNP1_SACS2,0,2.5067294018299435e-07,0,-2.432609,8.259614
sp|Q98229|RP07_MCV1,0,0.018036087974905968,0,0.15644616,10.1418915
sp|P0C981|RPB10_ASFWA,0,5.373228759708581e-07,0,-2.1648428,11.704702
sp|Q10YY1|RRP3_TRIEI,0,0.317901074886322,0,1.1823939,10.265226
sp|O78447|RR6_GUITH,0,0.8664692044258118,1,4.7177515,8.266333
sp|A0T0L0|RR6_PHATC,0,0.3838028013706207,0,1.280379,10.148592
sp|Q9ZEU5|RS7_APPPP,0,0.5371441841125488,1,3.8266497,8.65896
sp|Q40629|RTS_ORYSI,0,0.01291932724416256,0,1.1079637,9.395679
sp|P43682|SFT1_YEAST,0,1.3990734785973569e-11,0,-3.865233,9.508335
sp|A0A2R8YCJ5|SIM41_HUMAN,0,2.3095604798068067e-15,0,-4.22998,10.869814
sp|P0DKX4|SIM18_HUMAN,0,5.998565783227024e-15,0,-4.267572,10.456375
sp|A7Z7F5|SSPI_BACVZ,0,1.796030701939344e-08,0,-3.1321106,9.246064
sp|Q9LVX6|SMR7_ARATH,0,4.221666758037236e-14,0,-4.107312,10.485926
sp|Q0AQF4|SLYX_MARMM,0,2.956638933682143e-09,0,-4.21532,8.69153
sp|Q99PE6|SMIM3_RAT,0,3.9588035627424745e-10,0,-3.120094,10.398461
sp|Q8TZT9|SRP19_PYRFU,0,7.050148269627243e-06,0,-1.749841,8.509217
sp|Q1D295|SP5G_MYXXD,0,1.5253152696459438e-06,0,-2.9460988,8.950107
sp|P10438|SPAN1_BPPA2,0,0.0021661310456693172,0,-0.411337,11.241524
sp|Q9Y675|SNURF_HUMAN,0,2.208636487921467e-06,0,-1.7870265,9.773067
sp|Q6PBS6|TM258_DANRE,0,2.260720473670763e-12,0,-4.0114956,10.606508
sp|Q9PUA8|THA_ELECQ,0,1.0394743412689422e-06,0,-1.0045313,8.41501
sp|F5HDE7|U148C_HCMVM,0,4.353318945504725e-05,0,-1.3894404,11.5380945
sp|P0C0M4|TYSY_STAEP,0,3.690135697009822e-11,0,-3.4413667,8.307795
sp|Q04546|US9_CHV9D,0,3.0123199394438416e-05,0,-1.4305537,11.37735
sp|B6DCZ5|TX824_LYCSI,0,0.11875812709331512,0,2.8556912,9.377739
sp|A2AMZ4|NDUF8_MOUSE,0,2.1402152015070897e-06,0,-1.9757721,10.057127
sp|P22993|PARC4_ECOLX,0,0.0003146533854305744,0,-1.7746736,9.21407
sp|P0C1N9|PIGY_BOVIN,0,7.0722007876611315e-06,0,-1.5784513,9.42486
sp|A4YJY8|PHS_BRASO,0,7.080815578319744e-08,0,-3.421407,8.689825
sp|C0HJU4|PLI_CRODO,0,0.08198895305395126,0,2.197012,8.994494
sp|P84341|PHCB_LIMFS,0,2.655306161614135e-05,0,-1.1108279,8.3137865
sp|Q8CES1|PMIS2_MOUSE,0,3.598533382387359e-08,0,-2.7286253,10.134623
sp|P80250|PMCH_RAT,0,1.3322299707851926e-07,0,-1.1565671,8.623541
sp|Q00LT1|PRCD_HUMAN,0,4.7123943636151466e-11,0,-3.486669,10.56472
sp|O32292|PTXA_BACSU,0,8.892773739610504e-10,0,-3.844727,8.559005
sp|Q7AKQ4|PUP_STRCO,0,3.1917153364702244e-08,0,-3.0348568,9.486075
sp|P06154|REGN_BPPH8,0,9.351073693153467e-09,0,-3.7498732,9.026504
sp|P37525|REMB_BACSU,0,9.919928767310182e-11,0,-4.4068036,8.81797
sp|G2TRQ8|RM36_SCHPO,0,0.004393506795167923,0,-0.3558986,11.477605
sp|P16117|RPC1_BP434,0,4.840106839765212e-07,0,-2.1153414,11.499318
sp|P03042|RPC2_LAMBD,0,1.341348706773715e-06,0,-2.4003043,11.909329
sp|Q7UZ14|RS21_RHOBA,0,0.8765684962272644,1,5.5527,7.9594603
sp|Q2JVV4|RS20_SYNJA,0,0.2707839906215668,0,1.1765386,10.078436
sp|B9KZD4|RS20_THERP,0,0.04913206771016121,0,0.6054701,10.112617
sp|P61031|RS28_NANEQ,0,0.14685940742492676,0,0.82826614,10.188155
sp|B0SJ57|RS20_LEPBP,0,0.007932367734611034,0,-0.7752541,9.514116
sp|A4XIA5|RS20_CALS8,0,0.29227080941200256,0,1.3940442,9.945385
sp|Q47WN6|SDHE_COLP3,0,1.1551753477390125e-12,0,-4.7970004,9.106076
sp|B6YW71|SECG_THEON,0,1.7796264728531241e-07,0,-2.853187,8.690061
sp|P0ACH1|SFSB_ECOLI,0,4.2877254524675834e-10,0,-4.13774,9.108645
sp|P36690|SECE_STRGR,0,3.3029889436875237e-06,0,-1.8240058,8.765577
sp|Q3V2G4|SIM31_MOUSE,0,5.167982516902145e-18,0,-4.377806,10.516801
sp|Q99KC7|SMAGP_MOUSE,0,6.220501891363028e-09,0,-3.1256168,10.737378
sp|Q8MPZ7|SPI1_CAEEL,0,0.0003447757917456329,0,2.4243333,10.291412
sp|P84877|SPF2_PYTHP,0,0.999846339225769,1,6.9372654,6.6770253
sp|Q10189|SPO12_SCHPO,0,1.918508449707309e-16,0,-4.3101664,10.78223
sp|P85985|SPTN1_CAPHI,0,0.007385050877928734,0,0.4384116,9.124618
sp|P0C8M5|SLRA_BACSU,0,1.4241681293471198e-13,0,-4.657585,9.491906
sp|A3MWY1|SRP19_PYRCJ,0,3.113541424681898e-09,0,-3.682512,8.882968
sp|B5KM66|SYCE3_MOUSE,0,0.00015209575940389186,0,-0.86980087,10.488087
sp|A5UZ79|TATA_ROSS1,0,1.1655103965280134e-11,0,-4.531273,8.996652
sp|Q31RR1|TATA_SYNE7,0,1.864451995570171e-11,0,-4.3954835,8.888037
sp|P0CI15|TE92_HASHE,0,0.055929988622665405,0,1.970248,9.030168
sp|P22171|TGB3_FXMV,0,0.15909479558467865,0,3.042364,9.2339115
sp|P27333|TGB3_LSV,0,0.5290713310241699,1,3.5327997,8.565565
sp|O31617|THIS_BACSU,0,6.921298117917e-17,0,-4.7722716,9.495186
sp|Q9XZS3|TMA7_DROME,0,2.2332032056926465e-11,0,-3.6551728,10.594912
sp|P27187|TRAA_ECOLX,0,2.1374775727167616e-08,0,-3.5273283,8.548049
sp|P12321|TRPD_SERMA,0,0.8652260899543762,1,5.6402454,7.340061
sp|B1IPV6|TUSB_ECOLC,0,3.3189232340191666e-07,0,-2.1422343,8.478112
sp|Q4WK56|U390_ASPFU,0,1.4937447200653268e-16,0,-4.2123637,10.918749
sp|P0DPX1|TX42A_SCODE,0,6.445901817642152e-05,0,2.8518927,10.932722
sp|P0DSK2|TX17A_DINQU,0,0.937190055847168,1,5.23921,6.388172
sp|A0A0U1RRE5|NBDY_HUMAN,0,1.0687242202322977e-09,0,-3.0939767,9.934444
sp|P35722|NEUG_BOVIN,0,0.004813878796994686,0,0.49743944,9.18803
sp|A8ABZ0|OMP1_IGNH4,0,5.708935546522298e-08,0,-2.9300456,8.401934
sp|P11130|P13_BPPH6,0,0.0926705002784729,0,0.3464184,11.300703
sp|Q10220|PCC1_SCHPO,0,2.316089986464931e-09,0,-3.1725657,11.385384
sp|P86103|PER1_VITRO,0,0.0011242886539548635,0,0.07218946,8.48608
sp|Q03294|PER_DROIM,0,3.638324642452062e-06,0,-0.74187696,8.448741
sp|Q9LXG5|PRE2_ARATH,0,0.003417341038584709,0,0.7168282,9.600523
sp|Q96KF2|PRAC1_HUMAN,0,2.833592249729122e-09,0,-2.6554885,9.967642
sp|P83266|PRT31_HYDCO,0,0.975082516670227,1,4.535891,7.3128366
sp|A8G2R3|PSBI_PROM2,0,1.4671546523459256e-05,0,-2.111205,9.178699
sp|B0C0S7|PSBZ_ACAM1,0,3.121051486232318e-05,0,-1.8960588,9.087717
sp|P0AFN0|PSPB_ECOL6,0,6.227593107865914e-09,0,-3.4837976,9.2948
sp|P0CV92|QPCT_CROAT,0,7.557571370853111e-05,0,-0.36120382,8.416388
sp|P19502|REV_SIVSP,0,0.00020116186351515353,0,-0.6771362,10.860753
sp|Q9T0V1|REPEB_BPT4,0,0.048752181231975555,0,0.27290696,10.4178505
sp|B2TVP4|RHAM_SHIB3,0,4.935167225994519e-07,0,-2.1003823,8.554047
sp|P03049|RMNT_BPP22,0,1.1534730504081381e-07,0,-2.7103202,11.751374
sp|O21281|RM32_RECAM,0,0.6233444213867188,1,4.0193424,8.047323
sp|E7D082|SCX5B_MESEU,0,0.9768478274345398,1,4.9875727,5.783172
sp|Q3ZBR1|SERP1_BOVIN,0,2.2586658587897546e-07,0,-2.7239382,10.812676
sp|Q9FMS4|SIED1_ARATH,0,2.565083718764072e-07,0,-2.1277378,9.888355
sp|Q5MJ08|SPXN4_HUMAN,0,2.56472794391005e-12,0,-3.8997788,10.519915
sp|Q66J44|SPSAA_XENLA,0,9.739724998736321e-11,0,-3.7696025,11.08873
sp|A7Z2J3|SSPH_BACVZ,0,0.0005314480513334274,0,-1.0573308,9.333485
sp|Q9CQQ0|SMIM8_MOUSE,0,2.4237675668586922e-12,0,-4.03365,10.976781
sp|Q9UUC6|SMD3_SCHPO,0,1.9369551296222198e-07,0,-2.4216702,8.457664
sp|Q4R6I6|SRP09_MACFA,0,0.005887473002076149,0,0.62586886,9.938552
sp|Q05676|SOM1_YEAST,0,7.238721764224465e-07,0,-1.986022,10.103504
sp|Q29068|TCPG_PIG,0,9.433966624783352e-06,0,-0.62819195,8.464257
sp|P0DN65|TM5_CINAN,0,4.507572157308459e-05,0,2.7896621,11.117358
sp|O82275|TAX1_ARATH,0,0.0079464977607131,0,1.1394154,9.069085
sp|P34660|TOM7_CAEEL,0,2.580657909589945e-12,0,-4.0286393,10.177361
sp|Q8AVK1|TI13B_XENLA,0,1.856718338105745e-12,0,-4.041051,10.13251
sp|W4VSC2|PE1_TRILK,0,8.315448212670162e-05,0,2.9039192,10.988704
sp|C3MTL3|PHS_SULIM,0,4.188979474406551e-08,0,-3.085696,8.679155
sp|A9AXS2|PHS_HERA2,0,1.2008445082756225e-07,0,-3.0603611,8.78668
sp|P30942|PHE1_RHDS2,0,0.0006637871847487986,0,-0.30410707,8.524164
sp|P85999|PER1_CAPAN,0,7.408730198221747e-06,0,-0.56228745,8.343526
sp|Q9JZ30|PRIB_NEIMB,0,0.0004456837195903063,0,-0.62047625,9.108676
sp|Q04938|PTSB_LACLL,0,0.0014751650160178542,0,-0.038416527,9.0663185
sp|Q9EXU9|PQQD_RHIME,0,2.955606679538869e-12,0,-4.84257,9.015334
sp|Q8LE92|PSY2_ARATH,0,0.002428370527923107,0,2.2463202,10.362879
sp|B3DRN7|PUP_BIFLD,0,3.9570757337514806e-08,0,-3.3906994,9.235443
sp|O33347|RELF_MYCTU,0,2.7417308956501074e-06,0,-2.2039862,9.161688
sp|Q9A5D6|RELB2_CAUVC,0,5.041835547149598e-14,0,-4.968058,9.116058
sp|Q08066|RL19_MAIZE,0,0.6723711490631104,1,4.052453,7.92889
sp|Q5GRT5|RL21_WOLTR,0,0.0055915918201208115,0,-0.7859506,9.510686
sp|Q5FFP1|RL28_EHRRG,0,0.00022235627693589777,0,-0.9846369,9.428944
sp|Q601F2|RL21_MYCH2,0,0.45465826988220215,0,3.7530801,8.370741
sp|Q5HAT0|RL29_EHRRW,0,0.0006579036707989872,0,-1.0704896,9.454348
sp|Q9XD28|RL29_LEPIN,0,0.06524045765399933,0,0.6864156,10.128818
sp|P56613|RL29_AQUAE,0,0.20171476900577545,0,1.0322802,10.188579
sp|A5CQP8|RL32_CLAM3,0,0.17981231212615967,0,1.0265751,10.040617
sp|Q3ZYG8|RL32_DEHMC,0,0.0016847964143380523,0,-0.8864519,9.470604
sp|Q73GL5|RL33_WOLPM,0,0.0013591861352324486,0,-0.97146463,9.463289
sp|P58190|RL31_SACS2,0,0.013954142108559608,0,-0.49163538,9.800502
sp|A6VIN8|RL37A_METM7,0,0.5517030954360962,1,4.0144033,8.351496
sp|P49623|RL5_SERMA,0,0.09654175490140915,0,1.0486498,9.618344
sp|A4YD78|RL40_METS5,0,0.15468980371952057,0,1.1069157,9.986423
sp|B1MJK9|RL32_MYCA9,0,0.9717009663581848,1,5.3509283,8.615608
sp|Q5WRL1|RM27_SCHPO,0,0.01866559125483036,0,-0.26908925,10.848513
sp|A7H2A7|RPOZ_CAMJD,0,1.7578257913933998e-14,0,-4.7938104,9.35592
sp|B0Z500|RR19_OENBI,0,0.9642835259437561,1,5.2522626,8.594779
sp|P52871|SC6B2_YEAST,0,5.221888272899378e-07,0,-2.1188996,10.641604
sp|P84585|SASG_BACIU,0,2.1986466890666634e-05,0,-1.2390952,10.553066
sp|Q68XV2|SECG_RICTY,0,4.1324433652789594e-08,0,-3.4835682,8.702685
sp|Q9VM46|SEM1_DROME,0,0.0020962711423635483,0,0.894589,9.680791
sp|Q8TZK2|SECE_PYRFU,0,2.3308439267566428e-06,0,-1.8286179,8.740266
sp|Q7M742|SG1C1_MOUSE,0,9.176010645761679e-12,0,-3.5227668,10.692753
sp|Q3ZCL8|SH3L3_BOVIN,0,0.0029013613238930702,0,0.18375885,9.115932
sp|P0CW21|SPGOS_HUMAN,0,1.0246735371310933e-07,0,-2.396647,10.138802
sp|Q1ECS0|SMAP2_ARATH,0,1.8003903923258235e-10,0,-3.3918352,10.311155
sp|P56508|SNA2_YEAST,0,0.0021548073273152113,0,0.051295836,10.28623
sp|P13502|SYI_KLEAE,0,2.2587188196199204e-12,0,-4.043917,8.485633
sp|A8FMN2|TATA_CAMJ8,0,2.009924887115544e-13,0,-4.7022877,9.100915
sp|Q2JAL9|TATA_FRACC,0,6.815020214823164e-10,0,-3.4082978,8.3720045
sp|Q21FP8|TATA_SACD2,0,3.811766180472631e-11,0,-4.7208734,9.085445
sp|Q5EPH2|TCI1_RHIBU,0,0.00037722819251939654,0,2.5904806,10.502818
sp|P16483|TGB3_CYMV,0,0.0005002256948500872,0,-0.2942614,11.171403
sp|P09501|TGB3_WCMVM,0,2.2387413878277584e-07,0,-2.3121324,9.750934
sp|O28137|THIO_ARCFU,0,2.02795367304498e-11,0,-4.064823,8.472045
sp|P14952|TRPG_HUNTH,0,1.0203214141635275e-11,0,-3.7563052,8.420832
sp|Q559H1|TIM9_DICDI,0,6.5721677232344344e-12,0,-3.6057994,9.96764
sp|Q9VYD7|TIM9_DROME,0,5.861687246699887e-10,0,-3.1209314,9.853878
sp|Q9M9R9|NDB3B_ARATH,0,2.1625136577274606e-12,0,-4.105564,10.223808
sp|P19043|NU3M_ARTSA,0,5.864454806214781e-07,0,-2.1881807,11.1777115
sp|Q32PB4|NUPR2_BOVIN,0,1.4923880273937096e-14,0,-4.143997,10.889434
sp|P0C2R8|NS48_CVBOK,0,0.004238796420395374,0,-0.21025209,10.389564
sp|P83433|NVSP_ALIVI,0,0.00011845254630316049,0,-0.019613944,8.408847
sp|Q9Z7Z5|OMCA_CHLPN,0,1.2611706123877298e-09,0,-3.7515001,8.594493
sp|P0DN96|PCEP7_ARATH,0,4.790335151483305e-05,0,2.1251683,10.624165
sp|P0C5S8|POLG_HAVSJ,0,0.38467180728912354,0,3.4838288,8.632486
sp|P48272|PSBY_CYAPA,0,0.6952747702598572,1,5.4264226,7.7742777
sp|Q2JXZ7|PSBZ_SYNJA,0,2.5430496819467407e-08,0,-3.2820928,8.923115
sp|Q99N91|RM34_MOUSE,0,0.13089099526405334,0,1.250952,10.226755
sp|C4KH38|RPOK_SULIK,0,1.3818183219882485e-07,0,-2.4295394,8.27374
sp|P59283|RPOP_METJA,0,1.950629435754081e-09,0,-3.0636857,9.664895
sp|C0H691|SCR2_ACRMI,0,1.7251862161060671e-09,0,2.9257295,11.452864
sp|Q4FQX4|SDHE_PSYA2,0,5.204930236812899e-12,0,-4.5702815,9.015577
sp|O51356|SECE_BORBU,0,4.2885454604402184e-05,0,-2.0481756,9.138372
sp|D4ACP2|SIM12_RAT,0,1.2830043627444672e-14,0,-4.2432637,10.650012
sp|A0A1B0GW54|SIM39_HUMAN,0,3.180542535119457e-06,0,-1.2106333,10.16448
sp|Q5BS23|SJ711_SCHJA,0,0.017136724665760994,0,2.355198,9.304388
sp|A7GBI7|SSPH1_CLOBL,0,0.0005903204437345266,0,-0.9441629,9.423101
sp|Q92KT8|SLYX_RHIME,0,2.001107501925503e-09,0,-4.141561,8.815916
sp|P0DP57|SLUR2_HUMAN,0,0.0005758400075137615,0,2.530878,10.364141
sp|Q5HBS1|TATA_EHRRW,0,1.5739987091478724e-08,0,-3.858989,8.714961
sp|P0DN50|T6G_TERSU,0,3.127489617327228e-05,0,2.7647488,11.2365885
sp|D4GWC8|TATAT_HALVD,0,1.8954035563290006e-10,0,-4.11994,8.715784
sp|Q805P6|TCRM_VACCW,0,0.004220077767968178,0,-0.33428508,11.162551
sp|Q8N4H5|TOM5_HUMAN,0,3.2148407200227602e-12,0,-3.9217427,10.424302
sp|G2TRP7|TOM5_SCHPO,0,6.388344020447079e-11,0,-3.7690384,10.31761
sp|Q9A9D4|PARD2_CAUVC,0,8.193739333946584e-16,0,-4.9790416,9.232621
sp|P86220|PHB_MESAU,0,0.9999347925186157,1,5.699906,6.3046284
sp|P83678|PHAP_DELAC,0,1.537856952893435e-08,0,-2.942616,8.929978
sp|P73545|PHAP_SYNY3,0,2.9382204957073554e-05,0,-1.446535,8.904065
sp|Q56316|PORD_THEMA,0,9.354241825576537e-10,0,-3.3607419,8.347338
sp|P23319|PSAX_TRIV2,0,0.0020234466064721346,0,-0.93428016,9.61323
sp|A5GNP1|PSBX_SYNPW,0,1.87690536771173e-15,0,-4.815084,9.451597
sp|P33670|PTSN_PSEPU,0,1.1022447399255952e-09,0,-2.9584727,8.240907
sp|Q9S2H6|PTWB_STRCO,0,1.1169110775144375e-11,0,-3.913223,8.486381
sp|P37299|QCR10_YEAST,0,6.851998135548598e-11,0,-3.5897367,10.030577
sp|P13960|REA1_ECOLI,0,3.626188117777929e-05,0,-2.0395153,9.35483
sp|P04891|REGN_BPP22,0,8.971062197815627e-05,0,-1.3781892,12.029273
sp|Q6B8T5|RK35_GRATL,0,0.38394448161125183,0,1.331998,10.283693
sp|Q1MIC3|RL30_RHIL3,0,0.013015016913414001,0,-0.84849155,9.544178
sp|O48776|RLF17_ARATH,0,5.339600102161057e-05,0,2.0016685,10.521744
sp|Q9YB47|RPON_AERPE,0,9.608868605306964e-13,0,-4.1695385,8.648989
sp|B2FT05|RPOZ_STRMK,0,3.409493536430481e-15,0,-4.9633446,9.18245
sp|O83699|RPOZ_TREPA,0,1.1628632085036728e-12,0,-4.8469763,9.10008
sp|A8GT12|RS21_RICRS,0,0.2750340402126312,0,1.1158608,10.10631
sp|Q5ZT07|RS21_LEGPH,0,0.0015575593570247293,0,-0.9339588,9.476066
sp|Q8EUK4|RS21_MYCPE,0,0.23540404438972473,0,0.8138764,10.138294
sp|Q847R1|RS21_ASTYP,0,0.04706556722521782,0,-0.34977028,9.67702
sp|B1VXZ7|RS15_STRGG,0,0.8516592383384705,1,4.733618,8.350474
sp|Q5P9I2|RS20_ANAMM,0,0.0012016015825793147,0,-0.94441414,9.489174
sp|Q7SC06|RS25_NEUCR,0,0.031248992308974266,0,0.74033284,10.658341
sp|P47839|RS7_SALSA,0,0.9551991820335388,1,5.196094,8.375225
sp|B0SSW2|RS6_LEPBP,0,0.017246857285499573,0,-0.60124636,9.643379
sp|P49214|RS9_TOBAC,0,0.3773583769798279,0,3.3228326,8.2718525
sp|O31466|RTPA_BACSU,0,0.00025498741888441145,0,-1.1360909,11.752858
sp|P35179|SC61G_YEAST,0,7.712436627116404e-07,0,-2.0794015,10.067024
sp|C1KIZ5|SCR6_ORBFA,0,8.304731454700232e-05,0,3.1880333,10.882606
sp|Q97BY3|SECG_THEVO,0,4.16868175534546e-08,0,-3.1667533,8.731423
sp|O46163|SGP3_SCHGR,0,0.016569113358855247,0,2.109262,9.239834
sp|Q28F36|SMAGP_XENTR,0,3.3329953380567545e-11,0,-3.9053793,10.810874
sp|Q9PTL1|SPY1_CHICK,0,1.3366063740249956e-06,0,-1.4476093,9.374346
sp|Q8LTD0|SPAN2_BPP2,0,6.11562633867635e-10,0,-2.9904594,11.694303
sp|P22407|SPDA_STRLI,0,0.00016596252680756152,0,-1.1590921,8.896068
sp|E2FZM5|SOCB_MYCTU,0,3.130838699405558e-09,0,-3.344291,9.136165
sp|Q3UZP4|SVIP_MOUSE,0,9.874870698922678e-09,0,-2.975273,10.567949
sp|P0CI14|TE9A_HASHE,0,0.39413580298423767,0,2.9106266,9.357434
sp|Q02122|TGB3_POPMV,0,0.0002565035247243941,0,-0.55238855,10.976316
sp|Q8VY77|TGD5_ARATH,0,8.715664989722427e-08,0,-2.476505,10.379196
sp|P32544|TAT_EIAVC,0,0.0011917452793568373,0,0.020518377,10.757497
sp|A2BZU7|NDHO_PROM1,0,9.527974242917736e-11,0,-3.9275806,8.565716
sp|P81164|NODX_STRHE,0,0.01099022664129734,0,1.7810645,8.851115
sp|P0C5X9|NU4LM_DICCI,0,5.415473403047599e-09,0,-2.8736885,10.401761
sp|Q65982|NS3A_CVCAI,0,0.011269672773778439,0,-0.49429426,11.87859
sp|P58091|PARD1_CAUVC,0,8.345002466825235e-11,0,-4.530557,8.862375
sp|P39545|PAU7_YEAST,0,0.00015858662663958967,0,-0.9719671,10.5161495
sp|P27387|PKG20_BPPRD,0,8.602504486532325e-09,0,-3.0741067,9.755906
sp|P15984|PERX_WHEAT,0,3.527772059896961e-05,0,-0.73349464,8.424079
sp|G2TRL4|PRL65_SCHPO,0,7.427279342664406e-06,0,-2.1458194,9.317589
sp|Q941C7|PSY1_ARATH,0,4.4297680688032415e-06,0,2.4929616,10.857267
sp|O15172|PSPHL_HUMAN,0,0.00011810362047981471,0,-0.5970369,9.519199
sp|Q9CQ69|QCR8_MOUSE,0,5.815491421756747e-10,0,-3.3965123,10.72118
sp|Q58573|RELE4_METJA,0,1.5364046703325585e-05,0,-1.9314018,9.180236
sp|Q9AA09|RELE1_CAUVC,0,5.7710671796940005e-09,0,-3.87545,9.043931
sp|Q9N117|RELN_BOVIN,0,3.058591801163857e-06,0,-0.5504708,8.379814
sp|P0DOY4|RKD3_PYRCJ,0,2.1785209014524298e-07,0,-2.5054715,8.293156
sp|C0QM36|RL28_DESAH,0,0.009533612057566643,0,-0.8108659,9.495728
sp|Q6MDF9|RL28_PARUW,0,0.0003315323847346008,0,-1.0116489,9.429449
sp|Q492J6|RL25_BLOPB,0,0.10442653298377991,0,0.8538025,10.0693
sp|Q4N921|RL38_THEPA,0,0.22780507802963257,0,0.87627494,10.696263
sp|Q57649|RPON_METJA,0,1.0467826258575563e-11,0,-3.7071824,8.571612
sp|A3MWM4|RPOP_PYRCJ,0,1.7939330576588475e-11,0,-4.038086,8.943711
sp|A8I6P9|SC61B_CHLRE,0,6.559287141216785e-11,0,-3.7927055,10.170805
sp|C0H692|SCR3_ACRMI,0,3.8713966432624147e-07,0,3.0030649,11.368375
sp|Q3E870|SDH7B_ARATH,0,0.0007476495229639113,0,-0.6847836,10.665014
sp|Q975S0|SUI1_SULTO,0,7.58209671403165e-06,0,-2.6167827,8.710885
sp|P48539|PCP4_HUMAN,0,0.006705390755087137,0,0.6598591,9.70468
sp|P07765|PF2L_PLAFP,0,0.00048712227726355195,0,-0.23505011,10.414907
sp|A0T0A7|PETM_PHATC,0,3.271810877780723e-10,0,-3.752442,9.392498
sp|P61013|PPLA_PIG,0,0.0017167284386232495,0,0.35133743,9.448779
sp|A9BEK7|PSBY_PROM4,0,2.0178658814984374e-05,0,-2.1896067,9.131897
sp|P17159|PSBZ_CYAPA,0,0.00017933433991856873,0,-1.4351617,9.365796
sp|C6Y4C1|PT117_SCHPO,0,2.3066538438966562e-14,0,-4.1833186,10.874792
sp|Q0SN11|RL30_BORAP,0,0.06576739996671677,0,0.45254016,10.17104
sp|C1F634|RL29_ACIC5,0,1.6195172065636143e-06,0,-2.2270708,9.156784
sp|Q9Y9G4|RL35A_AERPE,0,0.1554631143808365,0,0.86456484,10.223886
sp|Q05FP5|RL32_CARRP,0,0.18176977336406708,0,1.1429064,10.072205
sp|A9GR94|RL331_SORC5,0,0.12582999467849731,0,0.9293503,10.02835
sp|P14117|RL4_XENTR,0,0.044031690806150436,0,0.80455065,10.308109
sp|B3CLK3|RL35_WOLPP,0,0.019349023699760437,0,-0.7026629,9.601266
sp|A2BN56|RL31_HYPBU,0,0.009603772312402725,0,-0.6095308,9.598282
sp|B0R7X8|RL31_HALS3,0,0.21047228574752808,0,1.1139399,10.097703
sp|Q74MN9|RPOL_NANEQ,0,5.300310537692532e-12,0,-4.2803993,8.987938
sp|Q3ZC23|RNK_BOVIN,0,0.0005005914717912674,0,-0.35139433,9.924692
sp|Q10360|RRN10_SCHPO,0,4.998906844022599e-10,0,-3.4939523,10.885463
sp|Q2GEY4|RS18_NEOSM,0,0.004469656385481358,0,-0.840732,9.486245
sp|A0QSE0|RS17_MYCS2,0,0.9563219547271729,1,5.2482047,8.643514
sp|P52820|RS15_HELLU,0,0.2788936495780945,0,2.8850222,8.575432
sp|Q25520|RUNT_MANSE,0,1.2102123747581572e-08,0,-2.4237113,8.225599
sp|G2TRT5|SLO1_SCHPO,0,1.5550549736786934e-09,0,-3.4426067,10.091573
sp|P35323|SPRR1_PIG,0,0.16874195635318756,0,1.72081,8.747028
sp|P52752|SSGA_METAN,0,0.000789916783105582,0,0.34270343,8.514634
sp|P0CS72|SUS1_CRYNJ,0,6.60022382725148e-18,0,-4.7253075,9.873891
sp|P11905|STBC_ECOLX,0,9.705703268991783e-05,0,-1.5769737,9.319686
sp|P22613|STP1_SHEEP,0,1.2752197108056862e-05,0,-1.05051,10.0952835
sp|Q6ML26|TATA_BDEBA,0,9.977490770976365e-15,0,-4.905598,9.113698
sp|Q4FQ61|TATA_PSYA2,0,3.6769965544580785e-11,0,-4.4189234,8.853302
sp|Q2RTH2|TATA_RHORT,0,3.099888594648931e-16,0,-4.875725,9.367839
sp|O66478|TATA2_AQUAE,0,1.0847980499995025e-11,0,-4.035044,9.242261
sp|Q08084|NU6M_ALBTU,0,3.1351143903179945e-11,0,-3.6014264,10.612272
sp|Q9KUH2|OADG1_VIBCH,0,1.676035872588688e-11,0,-3.879887,10.226018
sp|Q88426|ORF10_SPV1C,0,0.0025140857324004173,0,-0.53523296,11.44621
sp|P07581|P9_BPPH6,0,6.908441874120541e-11,0,-3.2891548,11.497566
sp|P9WIG7|PE35_MYCTU,0,1.75957666215254e-07,0,-2.9176629,8.620785
sp|P15972|PHXR2_MOUSE,0,9.069977386388928e-05,0,-0.5399775,10.112381
sp|P86001|PER3_CAPAN,0,0.011594233103096485,0,0.4101158,8.734205
sp|B7UTE9|PERC_ECO27,0,1.2090526979591232e-06,0,-2.2880354,10.580109
sp|Q05I08|PQQD_XANOR,0,4.175632756231451e-11,0,-4.797465,9.031165
sp|P58560|PSAI_NOSS1,0,1.1269032285099456e-07,0,-3.2117443,9.035362
sp|P52201|PUR8_SPICI,0,0.019619155675172806,0,0.15821505,10.557849
sp|P31200|RBL_ROSDA,0,0.0001263172016479075,0,-0.13948533,8.78413
sp|P27328|RDRP_LSV,0,0.9941752552986145,1,6.010821,7.5939584
sp|Q9AA08|RELB1_CAUVC,0,1.9491749880806708e-10,0,-3.2533834,11.399281
sp|P60743|RL24_ONYPE,0,0.42016902565956116,0,1.3056809,10.380268
sp|Q058B8|RL28_BUCCC,0,0.003870902117341757,0,-0.9071141,9.477783
sp|Q3MBG0|RL25_TRIV2,0,0.9450030326843262,1,5.2046947,8.506005
sp|B6YS40|RL32_AZOPC,0,0.00029156982782296836,0,-0.9435408,9.506996
sp|Q182S6|RPOZ_CLOD6,0,4.623166134859816e-14,0,-4.8936043,9.141737
sp|Q0AXK9|RPOZ_SYNWW,0,9.729301011826672e-16,0,-4.9575953,9.283452
sp|Q4JB68|CEDA1_SULAC,0,2.5205291187546663e-09,0,-3.4049482,8.567866
sp|Q8IZM0|CNG1O_HUMAN,0,0.0003448743373155594,0,-0.54652846,10.607874
sp|P0DPE6|CJTL8_EPIJA,0,0.09740131348371506,0,2.7276902,9.697603
sp|D2Y2C7|H17A2_CYRHA,0,0.0014066973235458136,0,2.6635292,10.207194
sp|Q9K4V1|GSTI_RHILE,0,6.0729180404450744e-05,0,-1.9521964,9.199314
sp|O21877|HCP2_BPLSK,0,0.0007214756333269179,0,-0.38335428,10.89018
sp|Q54LF2|HSL61_DICDI,0,3.7847900102860876e-07,0,-1.5993351,10.523742
sp|P12969|IAPP_RAT,0,0.009435173124074936,0,1.8666909,9.326695
sp|P0CH89|HUGA_VESMC,0,0.8434003591537476,1,5.998894,6.743792
sp|P39212|INSN2_ECOLI,0,0.0005027065053582191,0,-1.219946,9.539919
sp|P0C5X7|JZT45_CHIGU,0,0.00014892162289470434,0,3.0130584,10.864222
sp|P00996|ISK1_BOVIN,0,4.898107727058232e-05,0,2.4845889,10.885995
sp|Q9UNZ5|L10K_HUMAN,0,2.3328404097355815e-08,0,-3.1160283,10.776804
sp|P0CI87|KTXG_LYCMC,0,0.0030467493925243616,0,2.8916402,9.974558
sp|P0C5T2|M2_I01A2,0,1.5598057956367484e-08,0,-2.8626432,11.184877
sp|P20086|MOBS_ACIFR,0,5.864951753420389e-12,0,-4.864532,9.022301
sp|P06232|NODF_RHIME,0,4.44784031827794e-09,0,-3.7427254,8.7351465
sp|B3SRR8|NSP6_ROTH7,0,0.031108040362596512,0,0.06630345,11.373632
sp|Q8JPQ9|NSS_BUNL8,0,0.003292050212621689,0,-0.14120568,10.629117
sp|Q06059|NU6M_ANAPL,0,6.207477587505394e-11,0,-4.019147,10.099198
sp|Q9A4S4|PARE3_CAUVC,0,5.605007658004979e-08,0,-3.5012271,8.854497
sp|P80883|PETM_SPIOL,0,2.743056256804266e-06,0,-2.1011748,9.367859
sp|A5GL35|PSAK_SYNPW,0,2.6188179617747664e-05,0,-2.2891598,9.058755
sp|P52222|CCMC_PSEFL,0,3.924327252047277e-10,0,-4.457294,8.932449
sp|P0C5K6|CT18_HUMAN,0,1.6160124687303323e-06,0,-2.1316168,9.9247875
sp|P52629|FLIZ_YEREN,0,2.1944126729067648e-06,0,-2.5842965,9.3238
sp|P96974|FLGM_PROMI,0,7.486552881536684e-14,0,-4.9742556,9.198282
sp|P0A3T9|GERPD_BACCE,0,6.181423373163852e-08,0,-2.9273472,9.645179
sp|Q38490|GP13_BPMU,0,8.352414511136885e-07,0,-2.2774649,11.981544
sp|Q9XJQ9|GPL_BPPM2,0,0.9678460359573364,1,4.8007507,8.033119
sp|Q9JLS0|HLPDA_MOUSE,0,3.3542586606927216e-05,0,-1.0905824,10.533437
sp|P16589|ITRP_HALRO,0,0.24996373057365417,0,2.471744,8.579721
sp|P11340|J_SPV4,0,0.4002031087875366,0,3.1171274,8.659551
sp|Q09TK7|ISK11_MOUSE,0,0.00014052317419555038,0,2.519961,10.661333
sp|P56660|KNOX2_MAIZE,0,6.92288886057213e-05,0,-0.9164232,8.827214
sp|A0A0U1RRL7|MMPOS_HUMAN,0,1.5509314665873575e-10,0,-3.6833692,10.57313
sp|Q0AGZ0|MINE_NITEC,0,1.2847723746152711e-14,0,-5.0300474,9.110605
sp|Q7WY64|MIFM_BACSU,0,1.9905962744815042e-06,0,-1.8706628,8.879097
sp|P14948|MPAL3_LOLPR,0,0.03268997743725777,0,1.7214657,8.84909
sp|P55946|MT_ARIAR,0,5.0456743338145316e-05,0,-0.42576277,8.545077
sp|Q8TU04|MTRF_METAC,0,3.7784930739803713e-10,0,-4.144478,8.788219
sp|P0CJ04|NDBR_LYCMC,0,0.13411343097686768,0,2.7830763,9.519194
sp|P0DP88|MYMX_DANRE,0,7.076285328366794e-06,0,-1.1426337,10.896727
sp|P09137|NIFW_KLEPN,0,1.4072714549229204e-08,0,-3.8332984,9.219396
sp|Q805K3|P28B_VACCW,0,2.3630523173778784e-06,0,-1.97285,11.621291
sp|P15903|ORF12_SPV1R,0,0.00044501855154521763,0,-0.5328441,10.864587
sp|Q88424|ORF13_SPV1C,0,0.0005358835915103555,0,-0.9201356,11.531206
sp|Q83096|ORF1_LRVLG,0,0.00019482523202896118,0,0.060413465,10.867844
sp|Q28466|PO2F1_MACEU,0,0.006438081152737141,0,0.50704914,8.874305
sp|B3PLV3|ATPL_MYCA5,0,2.974099189145818e-08,0,-3.6225913,8.985545
sp|Q5SI26|GCBP_THET8,0,6.775808003567363e-08,0,-2.7281642,8.448511
sp|Q9PL38|GATC_CHLMU,0,0.0009338204981759191,0,-1.0397666,9.276411
sp|P81124|GSTO_APLCA,0,7.766164933364905e-10,0,-2.6994724,8.199152
sp|P24371|GVPG1_HALSA,0,0.00022881464974489063,0,-1.2981722,11.670255
sp|Q7SI91|HD9_ENCCU,0,3.7120965481161894e-13,0,-3.9204335,10.154385
sp|B0XZT4|IELA_ASPFC,0,0.023334704339504242,0,1.0638293,9.446481
sp|Q8VBE2|ICP35_WSSVS,0,0.000769296835642308,0,-0.49060372,10.764957
sp|C0HJQ4|KAX3I_MESEU,0,2.3781208113859975e-08,0,2.92779,11.342116
sp|A0A097SRV6|L57L_ASFB7,0,8.629075409771758e-08,0,-2.1710906,10.861153
sp|P0DJO0|LHA1_RUBGE,0,3.168456430557853e-08,0,-2.8296711,8.447261
sp|P97253|LHA_PHAMO,0,5.081904419057537e-06,0,-2.3548062,8.903253
sp|Q9HKT2|LPLAC_THEAC,0,6.159209442557767e-05,0,-1.3740261,8.917064
sp|Q1ZXD5|LSM8_DICDI,0,2.433611712149286e-07,0,-2.182896,9.768409
sp|Q51773|MERD_PSEFL,0,2.4145488386473346e-10,0,-3.8958013,9.087535
sp|P53869|MRX7_YEAST,0,1.8351547623751685e-06,0,-2.2185655,11.776045
sp|Q8NCU8|MTLN_HUMAN,0,1.4966009075578768e-05,0,-1.0624112,10.636517
sp|P35087|NBLA_SYNE7,0,5.0451758326630625e-09,0,-3.3906007,9.423583
sp|Q9C9Z5|NDUA1_ARATH,0,1.5106748207927012e-07,0,-2.2714813,9.639247
sp|Q9EXI9|NFUA_KLEPN,0,0.00015242905647028238,0,-1.2794302,9.081738
sp|P97270|NOS3_CAVPO,0,0.0019421532051637769,0,0.3446499,8.520157
sp|Q057W6|NUOK_BUCCC,0,2.8957038988863815e-09,0,-3.9112196,8.858078
sp|Q9IG43|ORFC4_PICV,0,7.138019282137975e-05,0,-0.93863255,10.454525
sp|Q77NN9|ORF57_VZVO,0,0.2902102768421173,0,1.232162,10.684123
sp|P0DJX9|ORF5A_EAVBU,0,7.310150351713673e-08,0,-2.6083589,10.42868
sp|Q9DUC2|ORF2_TTVE1,0,0.000226080184802413,0,-0.8535792,10.86028
sp|Q9DUB9|ORF4_TTVE1,0,0.053679950535297394,0,0.21650676,10.566812
sp|P0DJY2|POG_ABPVR,0,0.011974912136793137,0,-0.08799162,11.45372
sp|A0A384E126|ATZG_PSESD,0,3.333322183607379e-06,0,-2.3006678,9.041674
sp|Q33822|ATP8_PATPE,0,3.562180063454434e-05,0,-0.93613076,10.092877
sp|P25004|ATP8_PISOC,0,7.575323479613871e-07,0,-1.7531822,9.739124
sp|P21007|B11_VACCC,0,3.592923894757405e-05,0,-1.02056,10.807568
sp|P13570|BFR_NITWI,0,0.005737596657127142,0,0.41003463,9.112918
sp|Q9PX71|B2_HHV6Z,0,9.482800829296867e-14,0,-4.078993,10.963664
sp|P0CAQ4|CA11A_CONAH,0,1.0562403076619375e-05,0,3.0994546,10.960314
sp|P0C8U8|CA14_CONPL,0,0.0017589370254427195,0,2.6332994,10.645714
sp|Q9UTG8|DAD2_SCHPO,0,3.724478407976517e-13,0,-4.2118783,10.038535
sp|Q1RIC4|CYAY_RICBR,0,2.9410635761450976e-05,0,-1.8140943,9.256422
sp|Q8JP02|ICP47_CHV1E,0,8.482155067213171e-07,0,-2.2094297,10.397272
sp|P85498|ITRA_ALBKA,0,0.00031452401890419424,0,-0.1187539,8.445525
sp|Q6Q560|ISD11_YEAST,0,0.0016877127345651388,0,-0.2757603,10.574445
sp|P16805|IR07_HCMVA,0,4.905117384623736e-05,0,-1.0999539,10.905272
sp|Q89667|KP86R_ASFB7,0,0.1312597393989563,0,0.6250068,11.12184
sp|P0CAK6|L83L_ASFK5,0,7.340659746724043e-10,0,-2.977991,10.414205
sp|Q80X45|KISHB_MOUSE,0,2.081008920740146e-09,0,-3.035071,10.529142
sp|P80103|LHA2_HALHR,0,2.571231227932458e-09,0,-3.2089176,8.360074
sp|Q057M4|MINE_BUCCC,0,7.095178333749175e-10,0,-4.14567,8.712458
sp|P04576|MIBP_PSESP,0,0.9992315769195557,1,6.8165483,7.0104046
sp|Q67593|MP_MISV9,0,3.383547886315341e-10,0,-3.4950004,10.65351
sp|P30565|MT_THEVL,0,0.0008199134026654065,0,-0.21903726,9.071405
sp|O32868|MTRG_METKA,0,3.3175953303987704e-12,0,-4.5512056,9.322708
sp|B1PS81|ORF6_LOLV,0,0.012656444683670998,0,0.29773045,9.504872
sp|P09518|ORF7_BYDVP,0,0.006042820401489735,0,-0.12616871,10.4003315
sp|Q9XJR5|P8_BPPM2,0,1.5926561900414526e-06,0,-1.9372778,11.095314
sp|O54457|PPSA_ENTAG,0,2.8617207135539502e-05,0,-1.2603962,8.35719
sp|Q7MH89|PRIB_VIBVY,0,0.029463566839694977,0,0.7050523,10.127442
sp|P22666|PSBH_CHLRE,0,1.5080388493515784e-06,0,-2.892598,8.820062
sp|P17227|PSAI_PEA,0,1.645514885240118e-06,0,-1.6720264,9.177452
sp|B8HRF1|PSAI_CYAP4,0,4.333133678258161e-12,0,-4.4276733,9.028605
sp|P55963|CA4A_CONPU,0,9.833484909904655e-06,0,3.1814501,11.063968
sp|Q01025|CEP3_SHV21,0,0.020546820014715195,0,0.3912181,10.924728
sp|Q5F9I5|CLPS_NEIG1,0,3.824034067179127e-08,0,-3.5031064,8.930885
sp|Q5E9N2|CNBP1_BOVIN,0,3.3716510188241955e-06,0,-1.5919272,9.748176
sp|Q5SY13|COAS1_HUMAN,0,4.813310283680039e-07,0,-2.2528813,10.412375
sp|Q2XXR4|CRVP1_VARAC,0,0.00044389537652023137,0,2.5630624,10.547354
sp|Q1K528|COX8_NEUCR,0,0.00013965251855552197,0,-1.187359,10.717914
sp|P04532|GP57_BPT4,0,1.8187996886354085e-07,0,-2.4780447,11.752919
sp|Q9KMG5|HIGB1_VIBCH,0,1.183972017315682e-05,0,-1.6614655,9.546919
sp|P31516|HEMP_YEREN,0,0.03487052768468857,0,-0.113917224,10.743994
sp|P14586|HRP3_PLAFS,0,0.008690445683896542,0,0.4080593,10.170968
sp|P0C8X9|KAXU2_HOFGE,0,0.0013846992515027523,0,2.8370948,10.025063
sp|P04126|LHG_BLAVI,0,0.00015006025205366313,0,-0.35337004,8.560167
sp|Q5TA78|LCE4A_HUMAN,0,0.00039790046866983175,0,-0.86843157,10.72589
sp|P0CL60|MAZE8_MYCTU,0,3.042810590159206e-07,0,-2.8100727,8.468671
sp|Q9D8X0|MANBL_MOUSE,0,5.182731007595878e-14,0,-4.125562,10.79554
sp|C0HJE8|MCPIB_NERVS,0,0.0008030079770833254,0,0.2902179,8.511832
sp|Q46865|MQSR_ECOLI,0,0.22510990500450134,0,2.6669178,8.453019
sp|P43174|MPA5A_AMBPS,0,0.5092556476593018,1,3.381005,7.686852
sp|I6S3A5|PNX33_SCOSU,0,7.778151733806027e-11,0,2.9442432,11.435012
sp|Q8YLK8|PSAK2_NOSS1,0,5.843494363944046e-07,0,-2.972812,8.995545
sp|A1E9Z1|PSBK_AGRST,0,1.568276508656652e-09,0,-3.0598285,9.44927
sp|Q44558|PSD_AZOVI,0,8.187614142229904e-09,0,-3.7322145,9.0375595
sp|P12229|PSBJ_EUGGR,0,2.012232158676852e-08,0,-3.2233696,9.34493
sp|Q9AR88|PSK4_ORYSJ,0,1.0050946002593264e-05,0,-1.0755546,10.661256
sp|Q5N554|PSBL_SYNP6,0,5.330994099495001e-07,0,-2.8068428,8.998001
sp|P24701|DPO3B_ACTPL,0,2.3766780999978166e-15,0,-4.629209,9.591588
sp|P70742|DSRD_ARCFU,0,4.590476422919841e-15,0,-4.7651935,9.509924
sp|Q28469|EDN1_MACFA,0,0.00010210211621597409,0,3.0086994,10.726099
sp|C6Y4C5|ECL2_SCHPO,0,1.2333729593194676e-08,0,-2.7822354,10.03475
sp|P55823|EF2_RABIT,0,0.3335515558719635,0,3.7279878,8.662117
sp|B3MQ24|ENY2_DROAN,0,4.523282096102754e-11,0,-3.1208603,9.923804
sp|Q8LHP0|ELOF1_ORYSJ,0,8.785458797087864e-13,0,-4.0874586,10.391
sp|Q09410|EMB1_CAEEL,0,9.841994298535883e-15,0,-4.2571597,10.252124
sp|B1WBS9|FA24A_RAT,0,7.401761649816763e-06,0,2.3042305,10.84027
sp|Q04TB2|EX7S_LEPBJ,0,1.5263474078403005e-13,0,-4.615811,9.236048
sp|Q49945|ES6LY_MYCLE,0,5.9939473430858925e-05,0,-1.2948494,8.843532
sp|Q2GLP1|EX7S_ANAPZ,0,5.385855956774321e-07,0,-3.0404086,8.71616
sp|Q9K548|ESXC_MYCPA,0,1.3791849596600514e-05,0,-1.5739689,8.784476
sp|P68311|ERTS_BOVIN,0,0.0015747169964015484,0,0.28897983,8.891797
sp|O67251|FORD1_AQUAE,0,4.000180098273631e-08,0,-3.176168,8.721954
sp|P23587|FLMC2_ECOLX,0,0.0017139514675363898,0,-0.32422775,9.338216
sp|Q9PTW3|FZD3_CHICK,0,1.1701253299634118e-09,0,-3.1450453,10.472652
sp|D2Y2H6|H12A2_CYRHA,0,0.05017317831516266,0,2.4487069,9.347359
sp|Q55FV1|HSL3_DICDI,0,5.770493771706242e-06,0,-1.4353242,10.615717
sp|Q03576|HMVA_METVO,0,1.5092703562619159e-12,0,-4.335953,9.241993
sp|Q7TLC4|ICP47_CHV16,0,6.026414034465688e-09,0,-3.1473215,10.799743
sp|B1P1E9|JZT23_CHIGU,0,2.625038462156226e-07,0,3.0310652,11.301412
sp|Q9D256|ISK12_MOUSE,0,0.0011017021024599671,0,2.4677238,10.527893
sp|Q7YQJ3|IPKG_BOVIN,0,5.100219802045558e-09,0,-2.6544511,9.971946
sp|Q52282|KLEG1_ECOLX,0,6.641243999183644e-09,0,-3.4270592,9.072302
sp|Q9RWB8|MINE_DEIRA,0,4.846745227382598e-09,0,-4.0571613,8.664731
sp|P02882|MONB_DIOCU,0,0.8092602491378784,1,4.113041,6.894955
sp|Q19LA2|MT2B_COLES,0,5.3586033388342e-09,0,-2.0769587,8.275306
sp|G2TRP2|NEW15_SCHPO,0,0.04947826638817787,0,0.4520059,11.020833
sp|P39234|NEEDL_BPT4,0,0.05465645343065262,0,0.5942087,10.870881
sp|P83981|IGW1_GINCI,0,6.91885725245811e-05,0,2.7604842,10.941825
sp|Q52278|KLEA1_ECOLX,0,1.8967939198477612e-12,0,-4.8976793,9.061895
sp|P42215|KPSU1_ECOLX,0,1.2320124954945388e-11,0,-4.166109,8.722224
sp|O10443|L2MU_ADEM1,0,0.9990090131759644,1,6.536264,6.251608
sp|Q67J15|KRP6_ORYSJ,0,6.171183898097399e-13,0,-3.9684975,10.480712
sp|P85112|KPPR_VITSX,0,3.7709328353230376e-06,0,-1.3634063,8.2859745
sp|Q54463|MERP_SHEPU,0,1.7069373825506773e-06,0,-2.5723312,9.057804
sp|P22960|MP8_TNVA,0,0.010766405612230301,0,0.2976666,11.207173
sp|P43640|MUNC_MYCSP,0,4.629037496199639e-13,0,-4.4135866,9.426509
sp|P48064|MTRB_BACPU,0,0.0429171547293663,0,1.2367774,9.20724
sp|Q66S08|NATTP_THANI,0,0.9931471943855286,1,4.9095836,5.8677526
sp|P73891|NBLA1_SYNY3,0,0.00023483013501390815,0,-1.4751178,9.674025
sp|Q08542|MVP2_BYVU,0,1.3842460435276732e-13,0,-3.8912475,10.339023
sp|P0DJX5|NSS_PUUMG,0,3.6305616958998144e-05,0,-1.5750545,11.81079
sp|P19046|NU4M_ARTSA,0,3.445761365128419e-07,0,-2.5075686,9.593359
sp|P76078|PAAB_ECOLI,0,4.6031792066232244e-14,0,-4.7058783,9.3177805
sp|P9WHG6|PARE1_MYCTO,0,2.249513642027523e-08,0,-3.4141006,8.868161
sp|P0DJE0|PT100_MOUSE,0,3.6032768435667606e-10,0,-3.5397305,10.69411
sp|A9CBA1|RH1_ADES1,0,0.6467414498329163,1,4.4664783,8.081106
sp|P56615|IP21_CAPAN,0,0.8600306510925293,1,4.3540354,7.067292
sp|P02448|KRA81_SHEEP,0,0.0005923209828324616,0,0.208937,9.290156
sp|K7WMX6|LA1_HETSP,0,0.0021144242491573095,0,2.5921597,10.877862
sp|P04124|LHB_BLAVI,0,1.7406387996743433e-05,0,-2.343613,8.974055
sp|P97400|LEG10_MOUSE,0,0.00042422584374435246,0,0.15255433,8.690438
sp|P80586|LHA_RHOTE,0,7.488175413072895e-09,0,-2.9569218,8.222016
sp|B3EWF3|LTX1B_LACTA,0,0.0935642346739769,0,2.846313,9.404058
sp|P83441|MEN1_EUPNO,0,0.0029521824326366186,0,1.1464757,9.141474
sp|Q2W8Q9|MAMI_MAGSA,0,1.9705105387402e-06,0,-2.1867247,8.78034
sp|P83235|MEN2_EUPNO,0,0.7414921522140503,1,4.061851,7.330476
sp|Q9C1W7|MIM1_SCHPO,0,5.896108601355365e-11,0,-3.8528159,10.174542
sp|Q9YGA3|MTBC_METTE,0,1.7912263894359626e-09,0,-2.980343,8.216363
sp|Q09215|MOA2_CAEEL,0,1.2075616062645622e-08,0,-3.1148872,11.00474
sp|Q26497|MTA_SPHGR,0,1.1504304353593398e-07,0,-2.104412,8.213273
sp|P86217|NDUS3_MESAU,0,0.002705369610339403,0,0.14489798,9.668759
sp|Q9Y0X5|NDBX_MESMA,0,0.1221695989370346,0,2.9361594,9.201065
sp|P26247|NIFU_NOSCO,0,1.5414705558214337e-05,0,-2.2827911,8.842723
sp|P20622|NIFK_METTL,0,1.4717886996302093e-16,0,-4.733439,9.152889
sp|G2TRT4|NEW25_SCHPO,0,2.1732811106289773e-08,0,-3.0562122,11.093826
sp|O71191|MVP2_GLRV3,0,9.010904614115134e-05,0,-0.9790124,10.603107
sp|P48904|NU2M_CYACA,0,2.313371169293532e-06,0,-2.578817,9.1502285
sp|O47492|NU4LM_METSE,0,5.081398635198298e-10,0,-3.0463114,10.171626
sp|P0DKJ2|P319A_ARATH,0,2.883570414269343e-05,0,-0.40371937,9.70523
sp|P0C769|P6_PLRV1,0,2.055111872323323e-05,0,-1.5257008,10.2405205
sp|P22961|P6_TNVA,0,1.5427497146447422e-06,0,-1.8558812,10.311607
sp|P9WJ74|PARD2_MYCTO,0,3.21138927082687e-12,0,-4.477053,9.342283
sp|B1WU77|PETM_CROS5,0,7.020700820703496e-08,0,-3.0856254,8.928794
sp|Q7M269|PHEG1_GASCO,0,6.666056151516386e-09,0,-2.21245,8.032923
sp|Q56029|PAGD_SALTY,0,4.601646287483163e-05,0,-1.7398517,9.22394
sp|Q8VWY7|POLC2_TOBAC,0,0.0023079137317836285,0,0.05307705,8.8625
sp|P0A266|PPIC_SALTI,0,5.842777994757853e-08,0,-2.6051967,8.346614
sp|Q7NM41|PSB28_GLOVI,0,4.178749804850668e-05,0,-2.0748389,9.168472
sp|P06841|PRTZ2_SCYCA,0,0.6952100992202759,1,4.5708213,7.68934
sp|Q8WN12|PRRP_SHEEP,0,2.424984018034593e-07,0,2.6670265,11.253592
sp|Q56P42|PYDC2_HUMAN,0,0.09247070550918579,0,1.8261042,8.740586
sp|P0A435|PTKB_ECOL6,0,4.41740041878802e-07,0,-2.6581404,8.701154
sp|O48472|HOL26_BPSPP,0,0.005449898540973663,0,-0.17367825,10.833136
sp|P62817|HRK_RAT,0,3.413059857848566e-06,0,-1.2608309,10.804974
sp|Q54BX4|HSSA_DICDI,0,7.177079169196077e-06,0,-1.4153476,10.490212
sp|P85950|IFRH2_PSEMZ,0,2.5729443020594545e-09,0,-2.2277126,8.065685
sp|W4VSC0|ICK4_TRILK,0,1.7957663089873677e-07,0,3.1024,11.266262
sp|Q04758|IPKB_MOUSE,0,9.723798849448073e-11,0,-3.7330518,10.564239
sp|Q52279|KLEB1_ECOLX,0,2.6664399854769982e-11,0,-4.6373353,9.141508
sp|P0CI85|KTXD_LYCMC,0,0.000451893312856555,0,2.923596,10.071799
sp|P44129|LAPA_HAEIN,0,3.0901399441063404e-05,0,-1.2078874,9.565681
sp|P03055|LPW_SERMA,0,0.9763010740280151,1,6.315561,7.4812384
sp|Q9VBL6|MS57A_DROME,0,0.21103039383888245,0,2.1470861,8.8491125
sp|Q01643|MS84B_DROME,0,0.001561376848258078,0,-0.17930427,9.709085
sp|Q0V5W8|MOC2A_PHANO,0,2.9416999308804947e-18,0,-4.7857084,9.4032955
sp|Q93ZJ3|NFD6_ARATH,0,0.0015830163611099124,0,-0.60741776,10.549665
sp|Q38668|NINY_BPP22,0,0.0021287803538143635,0,-1.0297616,12.277565
sp|P0DM18|NF1_CONMR,0,3.2336931326426566e-05,0,3.1162376,10.980458
sp|Q42496|PETM_CHLRE,0,7.805783752701245e-08,0,-3.2632596,9.381644
sp|P83181|POA1_KALTU,0,1.3545006005699634e-08,0,-2.0436254,8.078369
sp|P12352|PSAE_CHLRE,0,4.708508027917446e-10,0,-3.8071606,8.52583
sp|Q8DKM3|PSBY_THEEB,0,0.011042453348636627,0,0.67119616,10.071496
sp|Q5N0X7|PSBZ_SYNP6,0,6.294601189438254e-05,0,-1.3664025,9.040543
sp|P18679|RCRO_BPHK0,0,2.2245028958423063e-05,0,-1.9659317,12.163588
sp|P20044|REPA_LACPN,0,5.624087862088345e-10,0,-3.4282691,8.555139
sp|P11185|RELX_BALED,0,0.002979567274451256,0,2.1625404,9.847902
sp|P15911|L2_FOWPN,0,1.4217395801097155e-05,0,-1.6157887,11.699947
sp|Q3LHN1|KR213_HUMAN,0,0.0006051912787370384,0,-0.57385117,10.385956
sp|P35094|LHB1_RHOAC,0,4.395272590329569e-09,0,-3.3568525,8.823039
sp|P69958|LCRG_YERPS,0,6.674951258389683e-09,0,-3.8931289,8.978455
sp|P41392|MAP1_KLEOX,0,0.00011579834972508252,0,-0.5716427,8.488476
sp|P9WJ90|MAZE4_MYCTO,0,1.1528951404660148e-11,0,-4.4181194,8.937548
sp|P17511|MT1_CAEEL,0,0.0013800110900774598,0,0.2611221,9.0408535
sp|D2X5V5|MSMB_DORPE,0,0.0002888645976781845,0,2.6592424,10.601787
sp|O35439|MOT1_MERUN,0,2.9183495620088706e-09,0,-2.9702249,10.150161
sp|P81271|MYH11_PIG,0,0.00016017809684854,0,-0.34791136,8.463159
sp|Q2JRP9|NDHL_SYNJA,0,5.080300753240426e-15,0,-4.8653893,9.240672
sp|G2TRK8|NEW12_SCHPO,0,5.6576023865773095e-08,0,-2.7901802,8.829236
sp|Q02919|NO36B_SOYBN,0,0.0005268955137580633,0,-0.047350287,9.184772
sp|Q52975|NOLS_SINM2,0,5.6171324536169465e-11,0,-4.618636,9.081612
sp|Q3YEF8|O265_CONLI,0,6.081429546611616e-07,0,2.9734216,11.396801
sp|P59636|ORF9B_CVHSA,0,1.3309746464074124e-05,0,-1.4361283,11.977778
sp|P11338|ORF6_SPV4,0,1.9880997115251375e-06,0,-2.1105082,12.225452
sp|P0DKJ1|P164A_ARATH,0,0.01598280295729637,0,0.7738991,9.500616
sp|O56125|ORF4_PCV2,0,3.99872733396478e-05,0,-1.2728163,11.160884
sp|Q8LAX3|PEP3_ARATH,0,0.001568913459777832,0,0.5944733,9.507296
sp|Q52983|PHAF_RHIME,0,2.1440318960230798e-06,0,-2.3746235,9.061071
sp|P84989|PSBO_POPEU,0,0.6103541851043701,1,4.504452,8.081551
sp|P59909|PSBY_PROMM,0,0.03952844440937042,0,0.31726933,9.943953
sp|P15642|PRP3_SOYBN,0,1.328091457253322e-06,0,-1.7413423,9.164878
sp|P73676|PSBY_SYNY3,0,0.015552736818790436,0,0.7298778,9.722968
sp|Q0G9W8|PSBM_DAUCA,0,0.004881531931459904,0,0.7969507,9.451588
sp|Q54I57|MYCBP_DICDI,0,0.00019778541172854602,0,-0.72453266,10.2911005
sp|Q43681|NLTP_VIGUN,0,0.009173812344670296,0,0.88443553,8.966116
sp|P03771|NINH_LAMBD,0,0.0003158827021252364,0,-0.8916988,11.615037
sp|G2TRT2|NEW22_SCHPO,0,7.366466888925061e-06,0,-1.5176839,11.271375
sp|Q9BPC2|O266_CONVE,0,0.00020512784249149263,0,3.055974,10.811154
sp|P77528|PEAD_ECOLI,0,4.401946895882247e-08,0,-3.5413744,8.880527
sp|P0C790|P9_LIYV9,0,1.9078412151429802e-05,0,-1.8995512,12.170483
sp|O80446|PDXL4_ARATH,0,6.294066157153111e-09,0,-2.8408751,8.27121
sp|Q50438|PQQC_METFL,0,4.951138180331327e-05,0,-0.7942291,10.111433
sp|O50515|PTHP_STRCO,0,1.4281458504683542e-07,0,-2.6025457,8.223321
sp|P36339|REV_SIVAM,0,3.799773367063608e-06,0,-2.3794167,11.602132
sp|P09674|RDRP_BPBZ1,0,0.9991545677185059,1,7.2387924,6.924637
sp|P37866|RECX_ACIFR,0,7.151422683204789e-12,0,-4.8844833,9.01548
sp|B3H5J1|RGF5_ARATH,0,6.98026525469686e-10,0,-3.0323899,10.514565
sp|Q72G84|RL28_THET2,0,0.30485236644744873,0,1.2735181,10.04293
sp|A3DND2|RL34_STAMF,0,0.2609438896179199,0,1.2815756,10.13055
sp|Q4G0G5|SC2B2_HUMAN,0,6.084361903191393e-10,0,2.5706935,11.607352
sp|C5DMF2|SNAPN_LACTC,0,2.4446733699889922e-12,0,-3.8640854,10.405588
sp|A0A0U1RRN3|SPTOS_HUMAN,0,8.728753891773522e-05,0,-1.1484336,10.697934
sp|Q9NS26|SPNXA_HUMAN,0,5.046204079595107e-11,0,-3.7203577,10.526048
sp|Q81AF5|SSPO_BACCR,0,4.817416652258544e-07,0,-2.6914744,9.524692
sp|Q6LY84|SRP19_METMP,0,6.836678778654459e-08,0,-2.8497977,9.06244
sp|O70554|SPR2B_MOUSE,0,0.0006857304833829403,0,0.7902291,9.66765
sp|Q81QD4|SP2SB_BACAN,0,5.922632176358356e-13,0,-4.6093297,9.3743515
sp|P58864|STAR_SALAL,0,0.0009992762934416533,0,-0.7618899,10.732919
sp|Q6TMJ9|SYBA_DICDI,0,0.0037193642929196358,0,0.24366993,9.731307
sp|Q9FZ54|PCP13_ARATH,0,0.00016028291429392993,0,-0.018800976,9.671212
sp|Q09020|PR4_PHAVU,0,4.783159511134727e-06,0,-1.4381055,9.407176
sp|Q9ZZV8|Q0297_YEAST,0,1.88963383607188e-06,0,-1.9971442,10.213466
sp|P07235|RAL_BPPH3,0,5.004328704671934e-05,0,-1.6162449,12.304211
sp|Q9LXJ2|QCR9_ARATH,0,4.122958685570666e-08,0,-2.793315,10.373403
sp|P03040|RCRO_LAMBD,0,3.0097299941189704e-07,0,-2.2686298,11.731702
sp|P0CL56|RELB3_METJA,0,9.894771710486882e-18,0,-4.8343167,9.542697
sp|Q03183|RINB_BPPHA,0,4.276623803889379e-05,0,-1.1804649,10.826826
sp|B3QSH6|RL21_CHLT3,0,0.006075909826904535,0,-0.6772569,9.542264
sp|Q2NIG5|RL35_AYWBP,0,0.17186664044857025,0,0.67805994,10.172442
sp|A5EXD5|RL32_DICNV,0,0.00044664330198429525,0,-1.0666965,9.443542
sp|Q6L2L1|RL31_PICTO,0,0.010392773896455765,0,-0.6130686,9.644859
sp|P05395|RL7_SALCS,0,0.5553518533706665,1,4.126034,8.199281
sp|O59856|RM33_SCHPO,0,0.11867760121822357,0,0.69544834,10.668357
sp|B0BSZ8|RPOZ_ACTPJ,0,4.1956797194528384e-13,0,-4.8636127,9.068834
sp|Q9AIF4|RS14_CARRU,0,0.6599581241607666,1,4.2232413,8.073615
sp|P42343|RR8_OENAM,0,0.7897891998291016,1,4.5084243,8.050556
sp|P0A4B0|RS13_LACLC,0,0.6288629770278931,1,4.001055,8.122725
sp|A5ILC9|RPOZ_THEP1,0,3.671131801330496e-11,0,-4.5829525,8.94072
sp|Q21WK7|RS20_RHOFT,0,0.005886762402951717,0,-0.76038533,9.53248
sp|Q3B660|RS21_PELLD,0,0.014753708615899086,0,-0.72300404,9.508292
sp|Q2N9C0|RS17_ERYLH,0,0.0023254561237990856,0,-0.85797054,9.486354
sp|O83102|RS6_TREPA,0,0.047658417373895645,0,0.62329465,10.070441
sp|D4GZE7|SAMP2_HALVD,0,1.7244700112328815e-10,0,-3.502461,8.833832
sp|P0DI75|S61G2_ARATH,0,1.6267251794488402e-06,0,-1.7124455,9.0021105
sp|P9WGN4|SECG_MYCTO,0,3.2847771724853203e-10,0,-3.8116648,9.0912485
sp|Q0DF13|SDH8A_ORYSJ,0,6.11770291543412e-14,0,-4.187844,10.059564
sp|A9JTJ0|SIM15_XENLA,0,2.9264538015105757e-10,0,-3.581155,10.909403
sp|Q7WY62|SDA_BACSU,0,0.0009487832430750132,0,-0.33222383,9.830291
sp|P85122|SLAP1_BACHU,0,0.00398158049210906,0,0.19325632,8.835053
sp|Q96PI1|SPRR4_HUMAN,0,0.014197091571986675,0,0.7992174,9.45079
sp|Q7WY66|SSPL_BACSU,0,7.463727058620861e-08,0,-3.4352283,9.374168
sp|A8CGF6|SPAN2_BPP22,0,0.22700047492980957,0,1.2293689,10.79717
sp|G2TRR4|SPC1_SCHPO,0,1.545326533403113e-08,0,-3.0086794,11.183895
sp|O39433|NS3X_FIPV,0,3.1895040592644364e-05,0,-1.5114655,11.338744
sp|P22962|P7_TNVA,0,0.017774680629372597,0,0.14146908,11.154022
sp|O80460|PCEP3_ARATH,0,3.7399590091524715e-09,0,-2.731989,10.313805
sp|P23816|PH62_CHRSP,0,6.439659046009183e-07,0,-1.9748111,8.239637
sp|Q3T183|PR15L_BOVIN,0,9.032597566226933e-15,0,-4.174912,10.933927
sp|P0A182|QADG_PSEPU,0,1.0826522157003637e-05,0,-0.9596533,8.573129
sp|Q9ZZW4|Q0142_YEAST,0,1.785051395586379e-08,0,-2.5182393,10.190392
sp|P05339|RCSB_KLEAE,0,0.19848498702049255,0,1.0642442,10.581905
sp|P85111|RCA_VITSX,0,1.3936174880768704e-08,0,-2.21978,8.043102
sp|Q8N0T1|RBIS_HUMAN,0,0.00014808739069849253,0,-0.79967785,10.701037
sp|P51073|RJ39_FRAAN,0,0.8406685590744019,1,4.0743017,6.9064236
sp|P58469|RL13E_SULTO,0,0.20881885290145874,0,0.79664296,10.614861
sp|Q9ZI43|RL16_AQUPY,0,0.09998106956481934,0,1.1261741,10.03054
sp|P47831|RL28_CANAX,0,0.021237850189208984,0,0.6580676,9.624335
sp|Q8ZWI1|RL29_PYRAE,0,0.07953144609928131,0,0.6597353,10.169391
sp|Q6F8I8|RL25_ACIAD,0,0.039145953953266144,0,0.6114957,10.061444
sp|Q8ZTB5|RL21_PYRAE,0,0.01687609776854515,0,-0.5182651,9.70549
sp|P22665|RL29_HALSA,0,0.4478418827056885,0,1.4747158,10.124232
