label,prob,pred
1,1.0,1
1,0.9999998807907104,1
1,1.0,1
1,0.9836020469665527,1
1,1.0,1
1,0.9947002530097961,1
1,0.999998152256012,1
1,1.0,1
1,1.0,1
1,1.0,1
1,0.8011554479598999,1
1,1.0,1
1,1.0,1
1,1.0,1
1,0.9999998807907104,1
1,1.0,1
1,1.0,1
1,1.0,1
1,0.9999988079071045,1
1,1.0,1
1,0.9055722951889038,1
1,0.9919411540031433,1
1,1.0,1
1,0.9998431205749512,1
1,1.0,1
1,0.9995154738426208,1
1,1.0,1
1,3.5416451369736207e-19,0
1,1.0,1
1,0.9999999403953552,1
1,1.0,1
1,0.999747633934021,1
1,0.9950636625289917,1
1,1.0,1
1,0.9999908208847046,1
1,0.13672184944152832,0
1,1.0,1
1,1.0,1
1,0.9999982118606567,1
1,0.9940469264984131,1
1,1.0,1
1,0.9997110962867737,1
1,1.0,1
1,1.0,1
1,0.9979790449142456,1
1,0.9999992847442627,1
1,1.0,1
1,1.0,1
1,1.0,1
1,0.005575763061642647,0
1,1.0,1
1,1.0,1
1,1.0,1
1,1.0,1
1,0.999999463558197,1
1,0.9999852180480957,1
1,1.0,1
1,0.9999982714653015,1
1,0.9999873638153076,1
1,1.0,1
1,1.0,1
1,0.9902925491333008,1
1,0.24844785034656525,0
1,1.0,1
1,0.9999752044677734,1
1,0.9957369565963745,1
1,0.9958553314208984,1
1,1.0,1
1,1.0,1
1,0.9997291564941406,1
1,1.0,1
1,0.9999998807907104,1
1,0.9984421730041504,1
1,0.9984937310218811,1
1,1.0,1
1,0.9995485544204712,1
1,0.9991658926010132,1
1,1.0,1
1,1.0,1
1,0.9999857544898987,1
1,0.9997304081916809,1
1,1.0,1
1,1.0,1
1,1.0,1
1,0.999838650226593,1
1,1.0,1
1,1.0,1
1,1.0,1
1,0.9773858189582825,1
1,0.9697014689445496,1
1,0.9413870573043823,1
1,0.9750154614448547,1
1,1.0,1
1,1.0,1
1,0.9999973177909851,1
1,0.9999562501907349,1
1,0.7960152626037598,1
1,0.9999999403953552,1
1,0.9033764600753784,1
1,0.9999869465827942,1
1,1.0,1
1,1.0,1
1,0.9999673366546631,1
1,1.0,1
1,1.0,1
1,0.21080327033996582,0
1,0.999363899230957,1
1,1.0,1
1,0.9997556209564209,1
1,0.9945276975631714,1
1,0.9999980926513672,1
1,1.0,1
1,1.0,1
1,0.9999943971633911,1
1,1.0,1
1,0.9910442233085632,1
1,0.9999998807907104,1
1,1.0,1
1,3.44448794031664e-14,0
1,1.0,1
1,0.9998849630355835,1
1,0.9999997615814209,1
1,0.9999999403953552,1
1,1.0,1
1,1.0,1
1,0.999984622001648,1
1,0.22228258848190308,0
1,0.0035982271656394005,0
1,1.0,1
1,1.0,1
1,0.9999425411224365,1
1,0.9999487400054932,1
1,0.9934471845626831,1
1,1.0,1
1,0.9999287724494934,1
1,0.9999582767486572,1
1,1.0,1
1,1.0,1
1,0.9999914169311523,1
1,1.0,1
1,1.0,1
1,0.9999525547027588,1
1,1.0,1
1,0.9915672540664673,1
1,1.0,1
1,0.9198836088180542,1
1,0.9997597932815552,1
1,1.0,1
1,1.0,1
1,1.0,1
1,0.9994255900382996,1
1,1.0,1
1,0.9998750686645508,1
1,1.0,1
1,1.0,1
1,1.0,1
1,1.0,1
1,1.0,1
1,0.9995911121368408,1
1,0.9992612600326538,1
1,0.9999902248382568,1
1,1.0,1
1,1.0,1
1,1.0,1
1,1.0,1
1,1.0,1
1,0.9999605417251587,1
1,0.618788480758667,1
1,0.9998661279678345,1
1,1.0,1
1,1.0,1
1,0.9923460483551025,1
1,1.0,1
1,0.9898779392242432,1
1,1.0,1
1,1.0,1
1,0.9999986886978149,1
1,0.9998019933700562,1
1,1.0,1
1,0.9999949932098389,1
1,1.0,1
1,0.9997249841690063,1
1,1.0,1
1,0.9998475313186646,1
1,0.9999349117279053,1
1,1.0,1
1,0.9999960660934448,1
1,0.9999997019767761,1
1,1.0,1
1,0.9999998807907104,1
1,1.0,1
1,1.0,1
1,1.0,1
1,1.0,1
1,1.0,1
1,1.0,1
1,0.9999995827674866,1
1,0.9999724626541138,1
1,0.9998689293861389,1
1,0.9999898672103882,1
1,1.0,1
1,1.0,1
1,0.028906608000397682,0
1,1.0,1
1,1.0,1
1,1.0,1
1,0.980557382106781,1
1,1.703032354895273e-12,0
1,1.0,1
1,1.0,1
1,1.0,1
1,0.9932156801223755,1
1,1.0,1
1,1.0,1
1,0.7630641460418701,1
1,1.0,1
1,1.0,1
1,0.9999486207962036,1
1,1.0,1
1,1.0,1
1,0.9999840259552002,1
1,1.0,1
1,0.9999986290931702,1
1,1.0,1
1,1.0,1
1,0.9999902844429016,1
1,0.9025599956512451,1
1,1.0,1
1,1.0,1
1,1.0,1
1,1.0,1
1,1.0,1
1,1.0,1
1,1.0,1
1,0.999317467212677,1
1,0.7358267903327942,1
1,0.9996898174285889,1
1,1.0,1
1,0.8806532621383667,1
1,3.5784088366075384e-12,0
1,0.10187731683254242,0
1,0.0017181932926177979,0
1,1.0,1
1,0.999788761138916,1
1,1.0,1
1,0.9999843239784241,1
1,1.0,1
1,1.0,1
1,1.0,1
1,0.8705736994743347,1
1,0.9999935626983643,1
1,0.999994695186615,1
1,0.9849428534507751,1
1,1.0,1
1,0.9988011121749878,1
1,1.0,1
1,1.0,1
1,1.0,1
1,1.0,1
1,1.0,1
1,1.0,1
1,1.0,1
1,1.0,1
1,1.0,1
1,1.0,1
1,1.0,1
1,1.0,1
1,1.0,1
1,1.0,1
1,0.9996001720428467,1
1,0.9999933242797852,1
1,1.0,1
1,1.0,1
1,1.0,1
1,0.9999586939811707,1
1,1.0,1
1,0.9958239793777466,1
1,0.594595193862915,1
1,0.9999878406524658,1
1,0.9999326467514038,1
1,1.0,1
1,1.0,1
1,0.29152196645736694,0
1,1.0,1
1,1.0,1
1,0.28933900594711304,0
1,1.0,1
1,1.0,1
1,0.9997555017471313,1
1,1.0,1
1,0.9955334663391113,1
1,0.9999725818634033,1
1,1.0,1
1,0.999998152256012,1
1,1.0,1
1,0.9141132831573486,1
1,0.9987108707427979,1
1,0.9926552176475525,1
1,0.9999923706054688,1
1,1.0,1
1,1.0,1
1,0.9916971325874329,1
1,1.0,1
1,1.0,1
1,1.0,1
1,4.8455922296852805e-06,0
1,1.0,1
1,0.9920004606246948,1
1,0.014839217066764832,0
1,0.9999999403953552,1
1,0.9804188013076782,1
1,0.9998905062675476,1
1,1.0,1
1,1.0,1
1,1.0,1
1,1.0,1
1,0.9999999403953552,1
1,0.4119795560836792,0
1,1.0,1
1,0.9354375600814819,1
1,1.0,1
1,1.0,1
1,0.9999293088912964,1
1,1.0,1
1,0.9999738335609436,1
1,1.0,1
1,1.0,1
1,0.9998782873153687,1
1,0.9993683695793152,1
1,0.9999968409538269,1
1,0.9999902248382568,1
1,1.0,1
1,0.9953216314315796,1
1,1.0,1
1,1.0,1
1,1.0,1
1,0.9971084594726562,1
1,1.0,1
1,0.9999995231628418,1
1,1.0,1
1,1.0,1
1,1.0,1
1,1.0,1
1,0.9999936819076538,1
1,0.9999781250953674,1
1,0.9945567846298218,1
1,1.0,1
1,0.9999819397926331,1
1,0.994975209236145,1
1,1.0,1
1,0.9998927116394043,1
1,1.0,1
1,0.9999251365661621,1
1,0.9999949336051941,1
1,1.0,1
1,1.0,1
1,1.0,1
1,1.0,1
1,0.9991403222084045,1
1,2.484924550572032e-07,0
1,0.9939887523651123,1
1,1.0,1
1,1.0,1
1,0.9999998807907104,1
1,1.0,1
1,0.9998850226402283,1
1,1.0,1
1,1.0,1
1,1.0,1
1,1.0,1
1,1.0,1
1,0.9974449872970581,1
1,1.0,1
1,1.0,1
1,0.9995039701461792,1
1,1.0,1
1,1.0,1
1,0.999992311000824,1
1,1.0,1
1,1.0,1
1,1.0,1
1,1.0,1
1,1.0,1
1,0.9633209705352783,1
1,1.0,1
1,1.0,1
1,1.0,1
1,0.9735437631607056,1
1,1.0,1
1,1.0,1
1,1.0,1
1,1.0,1
1,0.9999982118606567,1
1,0.9998598098754883,1
1,0.9999917149543762,1
1,0.9992594718933105,1
1,0.9894060492515564,1
1,1.0,1
1,1.0,1
1,0.9999535083770752,1
1,0.9999983310699463,1
1,0.0844540148973465,0
1,0.99886554479599,1
1,1.0,1
1,0.988156795501709,1
1,0.9998489022254944,1
1,1.0,1
1,0.14428462088108063,0
1,1.0,1
1,0.9999899864196777,1
1,1.0,1
1,1.0,1
1,1.0,1
1,1.0,1
1,1.0,1
1,0.9999938011169434,1
1,0.9999662041664124,1
1,0.9999998807907104,1
1,1.0,1
1,1.0,1
1,0.9999998807907104,1
1,1.0,1
1,1.0,1
1,1.0,1
1,0.9999999403953552,1
1,1.0,1
1,1.0,1
1,0.9999565482139587,1
1,0.9999996423721313,1
1,0.9993319511413574,1
1,1.0,1
1,1.0,1
1,1.0,1
1,1.0,1
1,0.019213290885090828,0
1,0.999998927116394,1
1,0.9999733567237854,1
1,0.9952675104141235,1
1,0.9999308586120605,1
1,1.0,1
1,0.9997873306274414,1
1,0.9398666620254517,1
1,0.7807328701019287,1
1,1.0,1
1,0.9999998807907104,1
1,0.9869235754013062,1
1,0.9927489757537842,1
1,1.0,1
1,1.0,1
1,0.9996964931488037,1
1,0.9999990463256836,1
1,1.0,1
1,0.999839186668396,1
1,1.0,1
1,1.0,1
1,1.0,1
1,0.9603734016418457,1
1,0.9999983906745911,1
1,0.9999180436134338,1
1,0.9999977946281433,1
1,1.0,1
1,0.9998383522033691,1
1,1.0,1
1,0.9962158203125,1
1,1.0,1
1,1.0,1
1,1.0,1
1,1.0,1
1,0.9999995231628418,1
1,0.9999904632568359,1
1,1.0,1
1,1.0,1
1,1.0,1
1,1.0,1
1,1.0,1
1,0.999675989151001,1
1,1.0,1
1,0.9993964433670044,1
1,1.0,1
1,0.9974942207336426,1
1,1.0,1
1,1.0,1
1,1.0,1
1,1.0,1
1,1.0,1
1,1.0,1
1,1.0,1
1,1.0,1
1,0.9990673065185547,1
1,1.0,1
1,1.0,1
1,1.0,1
1,0.9999487400054932,1
1,1.0,1
1,1.0,1
1,1.0,1
1,0.9998190402984619,1
1,1.0,1
1,0.9999921321868896,1
1,1.0,1
1,1.0,1
1,1.0,1
1,0.25881338119506836,0
1,0.9999914169311523,1
1,0.9951585531234741,1
1,1.0,1
1,0.9999729990959167,1
1,1.0,1
1,1.0,1
1,1.0,1
1,1.0,1
1,0.8198878169059753,1
1,1.0,1
1,0.9999994039535522,1
1,1.0,1
1,0.9999998807907104,1
1,1.0,1
1,1.0,1
1,0.9998822212219238,1
1,1.0,1
1,1.0,1
1,0.7872143983840942,1
1,0.8430749177932739,1
1,1.0,1
1,1.0,1
1,0.9990342259407043,1
1,0.9999950528144836,1
1,0.9999959468841553,1
1,1.0,1
1,0.00013870543625671417,0
1,0.9936081767082214,1
1,1.0,1
1,0.9461140632629395,1
1,1.0,1
1,1.0,1
1,1.0,1
1,1.0,1
1,0.5866515636444092,1
1,1.0,1
1,0.8943817615509033,1
1,1.0,1
1,0.9999996423721313,1
1,0.9327019453048706,1
1,1.0,1
1,0.9988195896148682,1
1,0.9959161281585693,1
1,1.0,1
1,1.0,1
1,1.0,1
1,0.9999958276748657,1
1,1.0,1
1,0.9999972581863403,1
1,0.08277101814746857,0
1,1.0,1
1,1.0,1
1,0.9999903440475464,1
1,0.005156037397682667,0
1,1.0,1
1,0.9811285734176636,1
1,1.0,1
1,1.0,1
1,0.9999656677246094,1
1,0.9999930262565613,1
1,0.04075559228658676,0
1,1.0,1
1,1.0,1
1,0.999915599822998,1
1,0.9091284871101379,1
1,0.9957027435302734,1
1,0.4759122133255005,0
1,0.9929238557815552,1
1,1.0,1
1,1.0,1
1,0.9930297136306763,1
1,0.9995629787445068,1
1,0.3345719575881958,0
1,1.0,1
1,1.0,1
1,1.0,1
1,0.9999997019767761,1
1,1.0,1
1,0.9999988079071045,1
1,0.9999950528144836,1
1,1.0,1
1,0.9999998807907104,1
1,1.0,1
1,0.9990453720092773,1
1,1.0,1
1,0.999997079372406,1
1,0.9999638199806213,1
1,1.0,1
1,0.8781543374061584,1
1,1.0,1
1,0.9999949336051941,1
1,1.0,1
1,1.0,1
1,1.0,1
1,1.0,1
1,1.0,1
1,0.011507207527756691,0
1,1.0,1
1,1.0,1
1,0.5922365188598633,1
1,0.9999938607215881,1
1,1.0,1
1,0.9995036125183105,1
1,1.0,1
1,1.0,1
1,0.999998927116394,1
1,1.0,1
1,1.0,1
1,0.9999792575836182,1
1,1.0,1
1,1.0,1
1,1.0,1
1,0.5041747689247131,1
1,0.9970259070396423,1
1,1.0,1
1,0.9996874332427979,1
1,1.0,1
1,1.0,1
1,1.0,1
1,0.9095102548599243,1
1,1.0,1
1,1.0,1
1,1.0,1
1,0.9990066289901733,1
1,1.0,1
1,0.9967570304870605,1
1,1.0,1
1,0.7539691925048828,1
1,1.0,1
1,0.9395238161087036,1
1,0.9999994039535522,1
1,1.0,1
1,1.0,1
1,0.9999619126319885,1
1,1.0,1
1,1.0,1
1,1.0,1
1,1.0,1
1,1.0,1
1,0.9999995827674866,1
1,0.9998552799224854,1
1,1.0,1
1,0.702731728553772,1
1,1.0,1
1,1.0,1
1,0.9772883653640747,1
1,1.0,1
1,0.9995458722114563,1
1,0.9992176294326782,1
1,1.0,1
1,0.9971656799316406,1
1,0.9999990463256836,1
1,1.0,1
1,1.0,1
1,1.0,1
1,1.0,1
1,0.999999463558197,1
1,0.5308998227119446,1
1,1.0,1
1,1.0,1
1,1.0,1
1,0.8627174496650696,1
1,1.0,1
1,0.9737880229949951,1
1,1.0,1
1,1.0,1
1,0.9999974966049194,1
1,1.0,1
1,0.9999980926513672,1
1,1.0,1
1,1.0,1
1,3.347970230042907e-14,0
1,1.0,1
1,1.0,1
1,0.2229318618774414,0
1,0.9999812245368958,1
1,0.9979338645935059,1
1,1.0,1
1,0.9993435144424438,1
1,0.999616265296936,1
1,0.2843192219734192,0
1,1.0,1
1,0.9997650384902954,1
1,0.9991827607154846,1
1,1.0,1
1,0.9626463651657104,1
1,1.0,1
1,1.0,1
1,0.04103526845574379,0
1,1.0,1
1,1.0,1
1,1.0,1
1,1.0,1
1,0.9997091293334961,1
1,0.6057045459747314,1
1,1.0,1
1,1.0,1
1,1.0,1
1,1.0,1
1,1.0,1
1,1.0,1
1,0.6531805396080017,1
1,0.946291983127594,1
1,1.0,1
1,0.9999926686286926,1
1,1.0,1
1,1.0,1
1,1.0,1
1,1.0,1
1,0.9998521208763123,1
1,0.9991004467010498,1
1,1.0,1
1,1.0,1
1,0.9900773763656616,1
1,1.0,1
1,1.0,1
1,0.831818699836731,1
1,0.9818208813667297,1
1,1.0,1
1,1.0,1
1,0.9999998807907104,1
1,0.9999998807907104,1
1,0.4406079947948456,0
1,0.9999997615814209,1
1,1.0,1
1,1.0,1
1,1.0,1
1,0.9999225735664368,1
1,1.0,1
1,0.8207119703292847,1
1,1.0,1
1,1.0,1
1,1.0,1
1,0.725378155708313,1
1,1.0,1
1,0.9999791383743286,1
1,1.0,1
1,0.9999998807907104,1
1,0.890839159488678,1
1,0.9944396018981934,1
1,0.9988541007041931,1
1,1.0,1
1,1.0,1
1,0.9992272257804871,1
1,0.9988100528717041,1
1,1.0,1
1,0.9866386651992798,1
1,0.9999999403953552,1
1,1.0,1
1,1.0,1
1,0.9999984502792358,1
1,0.9999409317970276,1
1,1.0,1
1,3.6777454699284145e-28,0
1,1.0,1
1,0.9991500377655029,1
1,0.7633403539657593,1
1,0.38320237398147583,0
1,0.9604437351226807,1
1,1.0,1
1,1.0,1
1,1.0,1
1,1.0,1
1,0.8547791242599487,1
1,1.0,1
1,0.070221446454525,0
1,1.0,1
1,1.0,1
1,1.0,1
1,1.0,1
1,0.20479345321655273,0
1,1.0,1
1,1.0,1
1,1.0,1
1,1.0,1
1,0.9999349117279053,1
1,1.0,1
1,1.0,1
1,1.0,1
1,1.0,1
1,0.9996664524078369,1
1,1.0,1
1,1.0,1
1,1.0,1
1,1.0,1
1,0.9999902248382568,1
1,1.0,1
1,1.0,1
1,1.0,1
1,1.0,1
1,1.0,1
1,0.9999794960021973,1
1,1.0,1
1,1.0,1
1,1.0,1
1,1.0,1
1,1.0,1
1,0.9400057196617126,1
1,1.0,1
1,1.0,1
1,0.9999995231628418,1
1,1.0,1
1,1.0,1
1,1.0,1
1,1.0,1
1,1.0,1
1,1.0,1
1,0.9993481636047363,1
1,0.9999967217445374,1
1,0.9993294477462769,1
1,1.0,1
1,1.0,1
1,1.0,1
1,1.0,1
1,1.0,1
1,1.0,1
1,0.9987359046936035,1
1,1.0,1
1,1.0,1
1,0.9999988675117493,1
1,0.9999999403953552,1
1,1.0,1
1,0.770949125289917,1
1,1.0,1
1,1.0,1
1,1.0,1
1,1.0,1
1,1.0,1
1,0.9999675154685974,1
1,0.9999700784683228,1
1,1.0,1
1,1.0,1
1,0.9999911785125732,1
1,0.9670454263687134,1
1,0.9998172521591187,1
1,0.9997961521148682,1
1,1.0,1
1,1.0,1
1,0.9999701976776123,1
1,0.9995744228363037,1
1,1.0,1
1,1.0,1
1,0.9999983310699463,1
1,0.9191380143165588,1
1,0.9979971647262573,1
1,0.9912595748901367,1
1,0.5371304154396057,1
1,0.9999992251396179,1
1,1.0,1
1,1.0,1
1,1.0,1
1,1.0,1
1,0.9999942779541016,1
1,1.0,1
1,0.01763331890106201,0
1,0.9985157251358032,1
1,1.0,1
1,0.6849313378334045,1
1,1.0,1
1,1.0,1
1,0.9997327327728271,1
1,1.0,1
1,1.0,1
1,1.0,1
1,0.9111866354942322,1
1,0.9999977350234985,1
1,0.9843486547470093,1
1,1.0,1
1,1.0,1
1,1.0,1
1,1.0,1
1,1.0,1
1,0.9680042862892151,1
1,1.0,1
1,0.9999986886978149,1
1,0.9558966755867004,1
1,0.9999969005584717,1
1,1.0,1
1,0.9977704286575317,1
1,0.9976788759231567,1
1,0.9929343461990356,1
1,1.0,1
1,0.9999998807907104,1
1,1.0,1
1,1.0,1
1,0.9980006814002991,1
1,0.9999653100967407,1
1,1.0,1
1,1.0,1
1,1.0,1
1,1.0,1
1,0.9998226165771484,1
1,1.0,1
1,1.0,1
1,0.9999994039535522,1
1,0.9999966621398926,1
1,0.9416760802268982,1
1,1.0,1
1,0.999868631362915,1
1,1.0,1
1,1.0,1
1,1.0,1
1,1.0,1
1,0.9993991851806641,1
1,1.0,1
1,1.0,1
1,1.0,1
1,0.9999808073043823,1
1,1.0,1
1,0.8222376704216003,1
1,0.9999832510948181,1
1,1.0,1
1,0.9986655116081238,1
1,1.0,1
1,1.0,1
1,1.0,1
1,0.9999967813491821,1
1,0.9996642470359802,1
1,0.9999997019767761,1
1,1.0,1
1,0.9999068975448608,1
1,0.9999996423721313,1
1,1.0,1
1,0.9997725486755371,1
1,0.9997093677520752,1
1,0.9999690055847168,1
1,1.0,1
1,1.0,1
1,0.9955196976661682,1
1,1.0,1
1,0.999997615814209,1
1,0.9999980330467224,1
1,0.9354181885719299,1
1,1.0,1
1,0.9968069791793823,1
1,0.9989557266235352,1
1,0.9989069700241089,1
1,1.0,1
1,0.9787229895591736,1
1,0.034918610006570816,0
1,0.9999996423721313,1
1,0.9998483657836914,1
1,0.9998724460601807,1
1,1.0,1
1,1.0,1
1,1.0,1
1,0.998458743095398,1
1,1.0,1
1,1.0,1
1,1.0,1
1,0.9999518394470215,1
1,0.9999999403953552,1
1,0.9999999403953552,1
1,0.996893048286438,1
1,1.0,1
1,0.6271328926086426,1
1,1.0,1
1,0.9997986555099487,1
1,0.9852688908576965,1
1,1.0,1
1,1.0,1
1,1.0,1
1,0.9906275868415833,1
1,0.9462503790855408,1
1,0.9854549765586853,1
1,1.0,1
1,0.9309942722320557,1
1,1.0,1
1,0.9935907125473022,1
1,0.9999840259552002,1
1,1.0,1
1,1.0,1
1,1.0,1
1,1.0,1
1,0.9999366402626038,1
1,0.7869623303413391,1
1,0.998887836933136,1
1,1.0,1
1,1.0,1
1,1.0,1
1,0.999953031539917,1
1,0.9999198317527771,1
1,0.9997910261154175,1
1,0.9999919533729553,1
1,0.9157685041427612,1
1,0.9226410388946533,1
1,1.0,1
1,1.0,1
1,1.0,1
1,1.0,1
1,1.0,1
1,0.9993383884429932,1
1,0.9926114082336426,1
1,1.0,1
1,0.5521047115325928,1
1,1.0,1
1,1.0,1
1,1.0,1
1,1.0,1
1,1.0,1
1,1.0,1
1,1.0,1
1,1.0,1
1,1.0,1
1,1.0,1
1,1.0,1
1,1.0,1
1,0.999972939491272,1
1,0.999964714050293,1
1,1.0,1
1,1.0,1
1,1.0,1
1,1.0,1
1,0.9999311566352844,1
1,0.2013428807258606,0
1,0.9761240482330322,1
1,0.003445692826062441,0
1,1.0,1
1,0.9999409914016724,1
1,0.9999998807907104,1
1,0.9948445558547974,1
1,1.0,1
1,1.0,1
1,0.9999993443489075,1
1,1.0,1
1,1.0,1
1,1.0,1
1,1.0,1
1,0.9945695996284485,1
1,1.0,1
1,1.0,1
1,1.0,1
1,0.9550840258598328,1
1,1.0,1
1,0.9966267347335815,1
1,0.870843768119812,1
1,0.9995466470718384,1
1,1.0,1
1,1.0,1
1,1.0,1
1,1.0,1
1,0.9999997019767761,1
1,0.34556517004966736,0
1,1.0,1
1,0.9999986290931702,1
1,0.9999688267707825,1
1,0.998296856880188,1
1,0.9999999403953552,1
1,1.0,1
1,0.9986402988433838,1
1,1.0,1
1,0.9744106531143188,1
1,1.0,1
1,0.989565372467041,1
1,0.9946328401565552,1
1,1.0,1
1,0.9999904632568359,1
1,0.9879400134086609,1
1,0.9974845051765442,1
1,1.0,1
1,1.0,1
1,0.9999999403953552,1
1,1.0,1
1,1.0,1
1,0.9998800158500671,1
1,0.9999728202819824,1
1,0.004591967444866896,0
1,0.9999997615814209,1
1,1.0,1
1,0.9999998807907104,1
1,0.27877911925315857,0
1,0.434332013130188,0
1,1.0,1
1,1.0,1
1,1.0,1
1,1.0,1
1,1.0,1
1,0.9976909160614014,1
1,0.999751091003418,1
1,1.0,1
1,1.0,1
1,0.646923303604126,1
1,1.0,1
1,0.9999997615814209,1
1,1.0,1
1,0.0826118066906929,0
1,1.0,1
1,1.0,1
1,1.0,1
1,0.9992051720619202,1
1,0.9999017119407654,1
1,1.0,1
1,1.0,1
1,0.9995822310447693,1
1,0.9982008934020996,1
1,0.8452270030975342,1
1,1.0,1
1,0.9994451403617859,1
1,1.0,1
1,1.0,1
1,1.0,1
1,1.0,1
1,1.0,1
1,0.9999983310699463,1
1,0.9999998807907104,1
1,0.9997650980949402,1
1,1.0,1
1,0.9984722137451172,1
1,1.0,1
1,1.0,1
1,1.0,1
1,0.9999955892562866,1
1,1.0,1
1,0.9998669624328613,1
1,1.0,1
1,1.0,1
1,0.9994298219680786,1
1,1.0,1
1,0.9824460744857788,1
1,1.0,1
1,1.0,1
1,0.9987161755561829,1
1,0.9965165853500366,1
1,1.0,1
1,1.0,1
1,0.9943066835403442,1
1,0.9999983310699463,1
1,0.6326706409454346,1
1,1.0,1
1,1.0,1
1,1.0,1
1,0.927627444267273,1
1,1.0,1
1,1.0,1
1,0.9999969005584717,1
1,1.0,1
1,1.0,1
1,0.3042677938938141,0
1,1.0,1
1,1.0,1
1,1.0,1
1,0.9999833106994629,1
1,1.0,1
1,1.0,1
1,0.9999998807907104,1
1,1.0,1
1,0.9997942447662354,1
1,1.0,1
1,1.0,1
1,0.9736522436141968,1
1,1.0,1
1,0.9719883799552917,1
1,1.0,1
1,1.0,1
1,1.0,1
1,1.0,1
1,1.0,1
1,0.9999978542327881,1
1,1.0,1
1,1.0,1
1,0.13371296226978302,0
1,1.0,1
1,0.9999017119407654,1
1,0.5811882019042969,1
1,1.0,1
1,1.0,1
1,0.9999999403953552,1
1,0.46828073263168335,0
1,1.0,1
1,0.9921557307243347,1
1,1.0,1
1,0.99623703956604,1
1,0.9999505281448364,1
1,1.0,1
1,1.0,1
1,1.0,1
1,1.0,1
1,0.9999895095825195,1
1,1.0,1
1,1.0,1
1,1.0,1
1,1.0,1
1,0.9954297542572021,1
1,0.9985466003417969,1
1,1.0,1
1,1.0,1
1,0.9926372766494751,1
1,0.9999998807907104,1
1,1.0,1
1,1.0,1
1,0.5214962363243103,1
1,1.0,1
1,0.9959193468093872,1
1,1.0,1
1,1.0,1
1,1.0,1
1,1.0,1
1,0.9999998807907104,1
1,0.7446045279502869,1
1,1.0,1
1,0.9977988004684448,1
1,0.9989528656005859,1
1,0.9999998807907104,1
1,0.9140642881393433,1
1,0.9998738765716553,1
1,1.0,1
1,1.0,1
1,0.9999990463256836,1
1,1.0,1
1,1.0,1
1,0.9902703762054443,1
1,0.9990634322166443,1
1,1.0,1
1,0.9999997019767761,1
1,0.9503051042556763,1
1,0.714546799659729,1
1,0.9999783039093018,1
1,0.9206388592720032,1
1,1.0,1
1,0.9999877214431763,1
1,1.0,1
1,1.0,1
1,1.0,1
1,0.9998764991760254,1
1,0.5156906247138977,1
1,1.0,1
1,1.0,1
1,1.0,1
1,0.9998863339424133,1
1,0.9999997615814209,1
1,1.0,1
1,0.985296905040741,1
1,0.9982184767723083,1
1,0.8039292693138123,1
1,0.9716605544090271,1
1,1.0,1
1,0.9768052697181702,1
1,0.9999856948852539,1
1,0.83403480052948,1
1,0.8133013248443604,1
1,0.990321934223175,1
1,1.0,1
1,0.8768637776374817,1
1,1.0,1
1,1.0,1
1,0.9993780851364136,1
1,1.0,1
1,1.0,1
1,0.9999569654464722,1
1,1.0,1
1,1.0,1
1,0.9454816579818726,1
1,0.9999995231628418,1
1,1.0,1
1,1.0,1
1,0.9948230981826782,1
1,0.9999985098838806,1
1,0.9991284012794495,1
1,5.620116780846729e-07,0
1,0.9912232160568237,1
1,0.9980998039245605,1
1,1.0,1
1,0.8014557361602783,1
1,1.0,1
1,1.0,1
1,0.9996453523635864,1
1,1.0,1
1,0.9999999403953552,1
1,1.0,1
1,0.9999474287033081,1
1,0.9991481900215149,1
1,1.0,1
1,1.0,1
1,1.0,1
1,1.0,1
1,1.0,1
1,1.0,1
1,1.0,1
1,1.0,1
1,1.0,1
1,1.0,1
1,1.0,1
1,0.987438440322876,1
1,1.0,1
1,0.9999994039535522,1
1,0.9999947547912598,1
1,0.6315777897834778,1
1,4.158057345193811e-05,0
1,1.0,1
1,1.0,1
1,0.9999979734420776,1
1,1.0,1
1,0.9999989867210388,1
1,1.0,1
1,1.0,1
1,1.0,1
1,0.9997774362564087,1
1,1.0,1
1,1.0,1
1,0.5257270336151123,1
1,1.0,1
1,1.0,1
1,1.0,1
1,1.0,1
1,1.0,1
1,0.991982102394104,1
1,1.0,1
1,1.0,1
1,1.0,1
1,1.0,1
1,1.0,1
1,0.9643752574920654,1
1,1.0,1
1,1.0,1
1,0.9999998807907104,1
1,1.0,1
1,1.0,1
1,1.0,1
1,0.999974250793457,1
1,0.7894903421401978,1
1,1.0,1
1,0.9997037053108215,1
1,0.9999313354492188,1
1,0.9999032020568848,1
1,1.0,1
1,1.0,1
1,1.0,1
1,1.0,1
1,1.0,1
1,0.9999969005584717,1
1,0.9591251611709595,1
1,0.9999614953994751,1
1,0.9999563694000244,1
1,1.0,1
1,0.9944171905517578,1
1,1.0,1
1,1.0,1
1,0.6663280725479126,1
1,1.0,1
1,1.0,1
1,1.0,1
1,1.0,1
1,0.9999976754188538,1
1,1.0,1
1,0.9983851909637451,1
1,0.9999569654464722,1
1,0.9999622106552124,1
1,0.9981407523155212,1
1,1.0,1
1,0.9999984502792358,1
1,1.0,1
1,1.0,1
1,0.9999986886978149,1
1,0.9697996973991394,1
1,0.9999790191650391,1
1,1.0,1
1,0.9999622702598572,1
1,1.0,1
1,1.0,1
1,1.0,1
1,1.0,1
1,0.9999995231628418,1
1,1.0,1
1,0.9999936819076538,1
1,0.9999908804893494,1
1,0.5767566561698914,1
1,0.9999966621398926,1
1,1.0,1
1,0.9999310970306396,1
1,0.9998740553855896,1
1,4.592235563904978e-05,0
1,0.9999727606773376,1
1,1.0,1
1,1.0,1
1,0.999998927116394,1
1,1.0,1
1,0.9999990463256836,1
1,0.9961994290351868,1
1,0.9997829794883728,1
1,1.0,1
1,1.0,1
1,1.0,1
1,0.9998382925987244,1
1,1.0,1
1,0.9997603893280029,1
1,1.0,1
1,0.8033478856086731,1
1,0.9991676211357117,1
1,1.0,1
1,1.0,1
1,1.0,1
1,1.0,1
1,1.0,1
1,0.11518128216266632,0
1,1.0,1
1,1.0,1
1,0.9996094703674316,1
1,1.0,1
1,0.9999356269836426,1
1,0.9991408586502075,1
1,0.5902416706085205,1
1,1.0,1
1,1.0,1
1,1.0,1
1,1.0,1
1,1.0,1
1,1.0,1
1,0.999991774559021,1
1,1.0,1
1,0.9999227523803711,1
1,0.9996194243431091,1
1,0.9883929491043091,1
1,1.0,1
1,0.6592764854431152,1
1,0.36304736137390137,0
1,1.0,1
1,0.7718124389648438,1
1,0.9962680339813232,1
1,1.0,1
1,1.0,1
1,0.9997019171714783,1
1,0.9044651985168457,1
1,1.0,1
1,1.0,1
1,0.9997090101242065,1
1,0.9999986290931702,1
1,1.0,1
1,1.0,1
1,0.9231678247451782,1
1,1.0,1
1,0.9999994039535522,1
1,0.999561071395874,1
1,0.9999015927314758,1
1,1.0,1
1,1.0,1
1,1.0,1
1,1.0,1
1,0.9407151341438293,1
1,0.9999651312828064,1
1,0.9999934434890747,1
1,1.0,1
1,1.0,1
1,0.9977015256881714,1
1,1.0,1
1,0.9971124529838562,1
1,1.0,1
1,1.0,1
1,1.0,1
1,1.0,1
1,1.0,1
1,0.7883643507957458,1
1,0.9999980926513672,1
1,1.0,1
1,0.9958219528198242,1
1,1.0,1
1,0.9999991655349731,1
1,0.9999728798866272,1
1,0.9999932646751404,1
1,0.999999463558197,1
1,1.0,1
1,0.9999877214431763,1
1,0.9998102188110352,1
1,0.991404116153717,1
1,0.9998143315315247,1
1,1.0,1
1,0.9999998807907104,1
1,1.0,1
1,1.0,1
1,1.0,1
1,0.35221850872039795,0
1,1.0,1
1,1.0,1
1,1.0,1
1,1.0,1
1,1.0,1
1,0.8174909353256226,1
1,1.0,1
1,1.0,1
1,1.0,1
1,0.7904995083808899,1
1,1.0,1
1,0.9999979734420776,1
1,1.0,1
1,0.011199627071619034,0
1,1.0,1
1,0.9924845695495605,1
1,1.0,1
1,0.9605581760406494,1
1,0.8157520890235901,1
1,0.6638381481170654,1
1,0.9050208330154419,1
1,1.0,1
1,1.0,1
1,1.0,1
1,0.9946252107620239,1
1,0.9209762215614319,1
1,1.7608462139316016e-22,0
1,1.0,1
1,1.0,1
1,0.9337360858917236,1
1,0.9999990463256836,1
1,1.0,1
1,1.0,1
1,1.0,1
1,0.9987953901290894,1
1,1.0,1
1,0.8009393811225891,1
1,1.0,1
1,1.0,1
1,0.9999679327011108,1
1,1.0,1
1,0.9999538064002991,1
1,0.9262338280677795,1
1,0.9518500566482544,1
1,1.0,1
1,1.0,1
1,0.9999996423721313,1
1,0.9989087581634521,1
1,1.0,1
1,0.999994695186615,1
1,0.9996938705444336,1
1,0.9999880790710449,1
1,1.0,1
1,1.0,1
1,0.9929324388504028,1
1,0.9589707851409912,1
1,1.0,1
1,0.9999771118164062,1
1,1.0,1
1,1.0,1
1,1.0,1
1,1.0,1
1,0.999994158744812,1
1,1.0,1
1,0.0029671445954591036,0
1,1.0,1
1,1.0,1
1,0.8733866214752197,1
1,1.0,1
1,0.9999272227287292,1
1,1.0,1
1,0.9964659214019775,1
1,1.0,1
1,0.9999633431434631,1
1,1.0,1
1,1.0,1
1,1.0,1
1,1.0,1
1,1.0,1
1,1.0,1
1,0.6204882264137268,1
1,1.0,1
1,1.0,1
1,2.0737119484692812e-05,0
1,0.9998766183853149,1
1,1.0,1
1,0.9999856948852539,1
1,0.9999998807907104,1
1,1.0,1
1,1.0,1
1,1.0,1
1,0.9996434450149536,1
1,0.9990500211715698,1
1,1.0,1
1,1.0,1
1,0.9953809976577759,1
1,1.0,1
1,0.8807144165039062,1
1,1.0,1
1,0.9999986886978149,1
1,0.999988317489624,1
1,1.0,1
1,1.0,1
1,0.7071589827537537,1
1,0.9996732473373413,1
1,1.0,1
1,1.0,1
1,0.9998263716697693,1
1,0.9956257343292236,1
1,1.0,1
1,1.0,1
1,0.7001044154167175,1
1,1.0,1
1,1.0,1
1,1.0,1
1,1.0,1
1,1.0,1
1,1.0,1
1,1.0,1
1,1.0,1
1,0.004382363986223936,0
1,1.0,1
1,0.9999934434890747,1
1,1.0,1
1,0.9999450445175171,1
1,1.0,1
1,0.9999927282333374,1
1,0.8087186813354492,1
1,0.22780494391918182,0
1,0.9998376369476318,1
1,1.0,1
1,0.9921069145202637,1
1,0.10655990988016129,0
1,1.0,1
1,0.8978822231292725,1
1,0.2547154426574707,0
1,0.9987298250198364,1
1,0.9999985694885254,1
1,1.0,1
1,1.0,1
1,0.2794797122478485,0
1,0.992854654788971,1
1,1.0,1
1,1.0,1
1,1.0,1
1,0.9998639225959778,1
1,1.0,1
1,1.0,1
1,0.9999216794967651,1
1,1.0,1
1,0.9998219609260559,1
1,0.9999996423721313,1
1,0.850531816482544,1
1,1.0,1
1,0.9705551862716675,1
1,0.4771488308906555,0
1,1.0,1
1,0.999897837638855,1
1,1.0,1
1,0.7201708555221558,1
1,1.0,1
1,1.0,1
1,1.0,1
1,0.9999998211860657,1
1,1.0,1
1,0.9577341675758362,1
1,1.0,1
1,1.0,1
1,1.0,1
1,1.0,1
1,0.9814521074295044,1
1,1.0,1
1,0.6547315120697021,1
1,0.9992355108261108,1
1,1.0,1
1,1.0,1
1,0.9998723268508911,1
1,1.0,1
1,0.7516173124313354,1
1,1.0,1
1,1.0,1
1,0.9983452558517456,1
1,0.9999998211860657,1
1,1.0,1
1,1.0,1
1,1.0,1
1,1.0,1
1,0.9999934434890747,1
1,0.9993624687194824,1
1,1.0,1
1,0.998457670211792,1
1,1.0,1
1,1.0,1
1,0.8174563050270081,1
1,0.9999999403953552,1
1,0.9940823912620544,1
1,1.0,1
1,1.0,1
1,1.0,1
1,0.553127110004425,1
1,1.0,1
1,1.0,1
1,0.9999368190765381,1
1,0.7742382884025574,1
1,0.006246812641620636,0
1,1.0,1
1,1.0,1
1,1.0,1
1,0.7096329927444458,1
1,0.9894528388977051,1
1,0.9877628684043884,1
1,1.0,1
1,1.0,1
1,1.0,1
1,0.9999969601631165,1
1,1.0,1
1,0.9354428052902222,1
1,0.999991774559021,1
1,0.9412838220596313,1
1,0.9972940683364868,1
1,0.9968688488006592,1
1,1.0,1
1,0.9999674558639526,1
1,0.9688423871994019,1
1,0.00017956795636564493,0
1,1.0,1
1,1.0,1
1,1.0,1
1,1.0,1
1,1.0,1
1,0.005072353407740593,0
1,1.0,1
1,0.9999936819076538,1
1,1.0,1
1,0.9999724626541138,1
1,0.9997960925102234,1
1,0.26543936133384705,0
1,1.0,1
1,1.0,1
1,1.0,1
1,1.0,1
1,1.0,1
1,0.9997826814651489,1
1,0.19930031895637512,0
1,1.0,1
1,1.0,1
1,0.9998682141304016,1
1,0.9704427123069763,1
1,0.9994626641273499,1
1,1.0,1
1,0.9999845027923584,1
1,1.0,1
1,0.9980834722518921,1
1,1.0,1
1,0.9999998807907104,1
1,0.6423185467720032,1
1,0.9999529123306274,1
1,1.0,1
1,1.0,1
1,0.9999916553497314,1
1,7.217719394247979e-05,0
1,0.9971601963043213,1
1,1.0,1
1,0.9999976754188538,1
1,0.999504029750824,1
1,1.0,1
1,1.0,1
1,0.9994820356369019,1
1,1.0,1
1,1.0,1
1,0.9999939203262329,1
1,0.9985498785972595,1
1,1.0,1
1,1.0,1
1,0.9992579221725464,1
1,0.9999966621398926,1
1,0.9981868267059326,1
1,1.0,1
1,0.9999420046806335,1
1,1.0,1
1,1.0,1
1,0.999958872795105,1
1,1.0,1
1,0.9988518953323364,1
1,0.9999987483024597,1
1,1.0,1
1,0.009944775141775608,0
1,0.9848322868347168,1
1,0.9996035099029541,1
1,1.0,1
1,1.0,1
1,0.9999385476112366,1
1,0.28076884150505066,0
1,1.0,1
1,1.0,1
1,1.0,1
1,1.0,1
1,0.8108193874359131,1
1,0.9998194575309753,1
1,0.9999139904975891,1
1,0.5500674247741699,1
1,0.9994297027587891,1
1,1.0,1
1,0.9999874830245972,1
1,0.9999963045120239,1
1,0.9944151639938354,1
1,0.9998774528503418,1
1,1.0,1
1,0.9999998807907104,1
1,0.9999877214431763,1
1,0.9999889135360718,1
1,0.9999935030937195,1
1,1.0,1
1,0.8418471813201904,1
1,1.0,1
1,0.9951797127723694,1
1,1.0,1
1,1.0,1
1,0.3545866012573242,0
1,1.0,1
1,1.0,1
1,1.0,1
1,0.989544153213501,1
1,0.277084082365036,0
1,0.9996915459632874,1
1,1.0,1
1,1.0,1
1,1.0,1
1,0.9999481439590454,1
1,0.9999935030937195,1
1,0.8837966918945312,1
1,0.9996001720428467,1
1,1.0,1
1,0.9999951124191284,1
1,0.9981848001480103,1
1,1.0,1
1,1.0,1
1,1.0,1
1,1.0,1
1,0.9999858140945435,1
1,1.0,1
1,0.9741594195365906,1
1,1.0,1
1,1.0,1
1,0.9999982118606567,1
1,1.0,1
1,1.0,1
1,1.0,1
1,0.9999886751174927,1
1,1.0,1
1,1.0,1
1,1.0,1
1,0.9984372854232788,1
1,0.999996542930603,1
1,1.0,1
1,1.0,1
1,0.9996771812438965,1
1,0.9919226169586182,1
1,1.0,1
1,0.9951450824737549,1
1,1.0,1
1,1.0,1
1,0.9986621737480164,1
1,1.0,1
1,0.999114990234375,1
1,1.0,1
1,0.9923141598701477,1
1,0.6473749279975891,1
1,1.0,1
1,0.9999994039535522,1
1,0.9423856735229492,1
1,1.0,1
1,1.0,1
1,1.0,1
1,0.35119208693504333,0
1,0.5520700216293335,1
1,0.9999913573265076,1
1,0.4596654176712036,0
1,1.0,1
1,1.0,1
1,1.0,1
1,1.0,1
1,1.0,1
1,0.751515805721283,1
1,0.999995231628418,1
1,1.0,1
1,0.9999998807907104,1
1,1.0,1
1,0.11088287830352783,0
1,0.9999528527259827,1
1,1.0,1
1,0.9999885559082031,1
1,0.9999997615814209,1
1,0.9996501207351685,1
1,0.9999837279319763,1
1,0.9929330348968506,1
1,1.0,1
1,0.9999994039535522,1
1,1.0,1
1,0.9995958805084229,1
1,0.9199835658073425,1
1,1.0,1
1,0.00017140316776931286,0
1,1.0,1
1,0.9999934434890747,1
1,1.0,1
1,0.9977317452430725,1
1,0.9999999403953552,1
1,1.0,1
1,1.0,1
1,1.0,1
1,0.9999949336051941,1
1,1.0,1
1,0.9900467395782471,1
1,0.9999405145645142,1
1,0.9999061822891235,1
1,1.0,1
1,0.9953026175498962,1
1,1.0,1
1,1.0,1
1,0.9996231198310852,1
1,0.9991475343704224,1
1,1.0,1
1,1.0,1
1,0.876453697681427,1
1,0.9999898672103882,1
1,0.9633107781410217,1
1,1.0,1
1,1.0,1
1,0.9999997615814209,1
1,0.9994527697563171,1
1,0.9999868273735046,1
1,0.9682221412658691,1
1,0.9999090433120728,1
1,1.0,1
1,1.0,1
1,1.0,1
1,1.0,1
1,1.0,1
1,0.9999998807907104,1
1,1.0,1
1,1.0,1
1,1.0,1
1,1.0,1
1,1.0,1
1,0.9999999403953552,1
1,1.0,1
1,0.9853129386901855,1
1,1.0,1
1,1.0,1
1,0.9999946355819702,1
1,1.0,1
1,0.999997079372406,1
1,0.9617574214935303,1
1,0.999943733215332,1
1,0.8398895263671875,1
1,0.9956997632980347,1
1,0.9995115995407104,1
1,0.9999991655349731,1
1,0.9999977946281433,1
1,1.0,1
1,1.0,1
1,1.0,1
1,0.9999885559082031,1
1,1.0,1
1,1.0,1
1,1.0,1
1,1.0,1
1,0.9995864629745483,1
1,0.9662990570068359,1
1,1.0,1
1,5.878726820695657e-16,0
1,0.9999966621398926,1
1,0.9999979734420776,1
1,0.9999989867210388,1
1,1.0,1
1,0.552820086479187,1
1,1.0,1
1,1.0,1
1,0.988422155380249,1
1,1.0,1
1,1.0,1
1,1.0,1
1,0.9822308421134949,1
1,0.9999678134918213,1
1,0.999996542930603,1
1,0.9980263113975525,1
1,1.0,1
1,1.0,1
1,0.0019847811199724674,0
1,1.0,1
1,1.0,1
1,0.9999998807907104,1
1,0.9999995231628418,1
1,0.9998080730438232,1
1,1.0,1
1,1.0,1
1,1.0,1
1,1.0,1
1,1.0,1
1,0.3879704177379608,0
1,0.9999922513961792,1
1,0.9999665021896362,1
1,0.9997096061706543,1
1,0.9999658465385437,1
1,1.0,1
1,0.9999992251396179,1
1,1.0,1
1,0.999946117401123,1
1,0.9999570846557617,1
1,1.0,1
1,0.9999759197235107,1
1,1.0,1
1,1.0,1
1,0.9999998807907104,1
1,1.0,1
1,1.0,1
1,1.0,1
1,0.17608220875263214,0
1,0.9999916553497314,1
1,0.9918045997619629,1
1,0.998388946056366,1
1,1.0,1
1,0.9952435493469238,1
1,1.0,1
1,1.0,1
1,1.0,1
1,1.0,1
1,1.0,1
1,0.9944228529930115,1
1,1.0,1
1,1.0,1
1,1.0,1
1,1.0,1
1,1.0,1
1,0.9988553524017334,1
1,1.0,1
1,1.0,1
1,0.00016896403394639492,0
1,0.9991065263748169,1
1,1.0,1
1,1.0,1
1,0.9998747110366821,1
1,1.0,1
1,1.0,1
1,0.9796245098114014,1
1,0.9999066591262817,1
1,0.997556209564209,1
1,0.999999463558197,1
1,0.9999966025352478,1
1,0.9999986886978149,1
1,1.0,1
1,0.8945107460021973,1
1,0.9996281266212463,1
1,1.0,1
1,1.0,1
1,1.0,1
1,1.0,1
1,0.9997845888137817,1
1,0.9678101539611816,1
1,0.915230393409729,1
1,1.0,1
1,0.9999997019767761,1
1,1.0,1
1,0.9996482133865356,1
1,1.0,1
1,0.999996542930603,1
1,0.9999997615814209,1
1,1.0,1
1,0.9991939067840576,1
1,0.47014063596725464,0
1,1.0,1
1,1.0,1
1,1.0,1
1,1.0,1
1,1.0,1
1,0.9999963045120239,1
1,0.8513554334640503,1
1,1.0,1
1,0.9999903440475464,1
1,0.9885210990905762,1
1,0.7499045729637146,1
1,0.98026043176651,1
1,0.9940627813339233,1
1,0.9865305423736572,1
1,1.0,1
1,1.0,1
1,1.0,1
1,0.019713427871465683,0
1,1.0,1
1,1.0,1
1,0.9994184374809265,1
1,1.0,1
1,0.9991520643234253,1
1,1.0,1
1,1.0,1
1,0.1491226851940155,0
1,1.0,1
1,1.0,1
1,0.9998924732208252,1
1,1.0,1
1,0.9999998807907104,1
1,1.0,1
1,0.04102481156587601,0
1,0.9999998807907104,1
1,1.0,1
1,1.0,1
1,1.0,1
1,1.0,1
1,0.9999905228614807,1
1,1.0,1
1,1.0,1
1,1.0,1
1,0.4845028817653656,0
1,1.0,1
1,0.9999933838844299,1
1,1.0,1
1,1.0,1
1,1.0,1
1,0.9999994039535522,1
1,0.9999997019767761,1
1,1.0,1
1,0.9625185132026672,1
1,0.9999988675117493,1
1,1.0,1
1,0.9976620674133301,1
1,1.0,1
1,0.9492133855819702,1
1,1.0,1
1,0.8459991216659546,1
1,1.0,1
1,1.0,1
1,1.0,1
1,0.999963641166687,1
1,1.0,1
1,0.9999871850013733,1
1,0.9997386336326599,1
1,0.9997463226318359,1
1,1.0,1
1,0.9999775290489197,1
1,1.0,1
1,1.0,1
1,0.9979752898216248,1
1,1.0,1
1,0.9995636343955994,1
1,1.0,1
1,1.0,1
1,0.9999197125434875,1
1,0.9999982714653015,1
1,0.9999990463256836,1
1,0.006192410364747047,0
1,1.0,1
1,1.0,1
1,1.0,1
1,0.9996765851974487,1
1,0.7788867950439453,1
1,0.9966771602630615,1
1,0.9999774098396301,1
1,0.39377930760383606,0
1,1.0,1
1,0.7549188137054443,1
1,1.0,1
1,1.0,1
1,1.0,1
1,1.0,1
1,1.0,1
1,1.0,1
1,1.0,1
1,1.0,1
1,1.0,1
1,0.9999853372573853,1
1,1.0,1
1,0.9999886751174927,1
1,1.0,1
1,1.0,1
1,0.9982606172561646,1
1,1.0,1
1,1.0,1
1,0.9935848116874695,1
1,1.0,1
1,1.0,1
1,1.0,1
1,1.0,1
1,0.9935970306396484,1
1,1.0,1
1,1.0,1
1,0.9955856800079346,1
1,1.0,1
1,0.9999977350234985,1
1,0.9999988079071045,1
1,0.9999958872795105,1
1,1.0,1
1,0.9999997615814209,1
1,1.0,1
1,1.0,1
1,1.0,1
1,1.0,1
1,0.9999994039535522,1
1,0.5696916580200195,1
1,1.0,1
1,0.9999995231628418,1
1,0.9999998807907104,1
1,1.0,1
1,0.0005163918831385672,0
1,1.0,1
1,1.0,1
1,1.0,1
1,1.0,1
1,1.0,1
1,0.8681045770645142,1
1,1.0,1
1,0.9999986886978149,1
1,1.0,1
1,0.9999998807907104,1
1,1.0,1
1,1.0,1
1,0.9999990463256836,1
1,0.9998894333839417,1
1,1.0,1
1,0.7375687956809998,1
1,1.0,1
1,1.0,1
1,1.0,1
1,1.0,1
1,1.0,1
1,1.0,1
1,0.9965347647666931,1
1,1.0,1
1,0.2613619565963745,0
1,0.9999991059303284,1
1,1.0,1
1,0.9990115761756897,1
1,1.0,1
1,1.0,1
1,0.8383536338806152,1
1,1.0,1
1,1.0,1
1,0.9999914169311523,1
1,0.22335800528526306,0
1,3.379942063475028e-05,0
1,1.0,1
1,0.9999849796295166,1
1,0.9917155504226685,1
1,1.0,1
1,1.0,1
1,1.0,1
1,0.9999986886978149,1
1,1.0,1
1,1.0,1
1,0.0002570089418441057,0
1,1.0,1
1,0.9999874830245972,1
1,0.9036602973937988,1
1,0.9999194145202637,1
1,1.0,1
1,1.0,1
1,0.9999915957450867,1
1,1.0,1
1,1.0,1
1,1.0,1
1,1.0,1
1,1.0,1
1,0.08108226954936981,0
1,1.0,1
1,0.9999693632125854,1
1,0.999832034111023,1
1,1.0,1
1,1.0,1
1,0.9988741874694824,1
1,0.9999728202819824,1
1,0.08756527304649353,0
1,0.9999997615814209,1
1,1.0,1
1,1.0,1
1,0.9999995231628418,1
1,0.5535182952880859,1
1,0.6974056959152222,1
1,1.0,1
1,1.0,1
1,1.0,1
1,1.0,1
1,0.9999929070472717,1
1,1.0,1
1,0.9999998807907104,1
1,0.8767092227935791,1
1,1.0,1
1,0.9999575614929199,1
1,0.9999164342880249,1
1,0.8905965089797974,1
1,1.0,1
1,1.0,1
1,1.0,1
1,0.9988593459129333,1
1,0.9998469352722168,1
1,1.0,1
1,1.0,1
1,0.9552200436592102,1
1,0.5785146355628967,1
1,1.0,1
1,0.9999922513961792,1
1,1.0,1
1,1.0,1
1,0.9998598694801331,1
1,0.9997646808624268,1
1,0.9997307062149048,1
1,1.0,1
1,1.0,1
1,1.0,1
1,1.0,1
1,0.8285901546478271,1
1,0.7575501203536987,1
1,0.9999985098838806,1
1,1.0,1
1,0.9815222024917603,1
1,1.0,1
1,1.0,1
1,0.9999091029167175,1
1,0.9993729591369629,1
1,1.0,1
1,0.9995563626289368,1
1,1.0,1
1,1.0,1
1,0.9997699856758118,1
1,1.0,1
1,0.0008048390736803412,0
1,0.999984860420227,1
1,1.0,1
1,0.9999995827674866,1
1,0.08087605237960815,0
1,0.9997026920318604,1
1,0.9641997218132019,1
1,1.0,1
1,1.0,1
1,0.999999463558197,1
1,0.9999759197235107,1
1,1.0,1
1,0.9667773246765137,1
1,1.0,1
1,0.9999776482582092,1
1,0.999765932559967,1
1,1.0,1
1,0.9999998807907104,1
1,1.0,1
1,0.9995081424713135,1
1,1.0,1
1,1.0,1
1,1.0,1
1,0.9569551944732666,1
1,1.0,1
1,1.0,1
1,0.9999998807907104,1
1,1.0,1
1,1.0,1
1,1.0,1
1,1.0,1
1,0.999997079372406,1
1,0.41770195960998535,0
1,1.0,1
1,1.0,1
1,0.9350473880767822,1
1,1.0,1
1,1.0,1
1,1.0,1
1,0.9999062418937683,1
1,0.9812256693840027,1
1,1.0,1
1,1.0,1
1,1.0,1
1,0.9999994039535522,1
1,1.0,1
1,1.0,1
1,0.9999915957450867,1
1,1.0,1
1,1.0,1
1,1.0,1
1,1.0,1
1,1.0,1
1,1.0,1
1,1.0,1
1,1.0,1
1,1.0,1
1,1.0,1
1,0.9999948740005493,1
1,0.999812126159668,1
1,1.0,1
1,1.0,1
1,0.9949511885643005,1
1,0.9897972345352173,1
1,0.9999902248382568,1
1,0.9630330801010132,1
1,0.9999984502792358,1
1,0.9955913424491882,1
1,1.0,1
1,1.0,1
1,0.9996951818466187,1
1,1.0,1
1,0.999904990196228,1
1,1.0,1
1,1.0,1
1,0.999934732913971,1
1,1.0,1
1,0.9999986290931702,1
1,0.9642004370689392,1
1,0.9947162866592407,1
1,1.0,1
1,1.0,1
1,1.0,1
1,1.0,1
1,1.0,1
1,0.999990701675415,1
1,1.0,1
1,0.9962428212165833,1
1,0.9715719819068909,1
1,1.0,1
1,1.0,1
1,0.9955088496208191,1
1,1.0,1
1,5.550891657435386e-08,0
1,0.998987078666687,1
1,0.9999975562095642,1
1,0.9998224377632141,1
1,0.9996665716171265,1
1,1.0,1
1,0.9999997019767761,1
1,1.0,1
1,1.0,1
1,1.0,1
1,0.9988682866096497,1
1,0.995624840259552,1
1,1.0,1
1,1.0,1
1,0.9998787641525269,1
1,1.0,1
1,0.9999999403953552,1
1,1.0,1
1,1.0,1
1,0.9999949932098389,1
1,1.0,1
1,1.0,1
1,0.9424110651016235,1
1,0.9849111437797546,1
1,1.0,1
1,1.0,1
1,0.9999995231628418,1
1,0.9049785137176514,1
1,1.0,1
1,1.0,1
1,1.0,1
1,1.0,1
1,1.0,1
1,1.0,1
1,0.9998760223388672,1
1,0.9498741626739502,1
1,1.0,1
1,0.9999994039535522,1
1,1.0,1
1,0.9999529123306274,1
1,1.0,1
1,1.0,1
1,1.0,1
1,0.2090836465358734,0
1,1.0,1
1,1.0,1
1,0.9994511008262634,1
1,0.6316900849342346,1
1,0.8278994560241699,1
1,1.0,1
1,0.9997519254684448,1
1,1.0,1
1,0.9999971389770508,1
1,0.9999985098838806,1
1,1.0,1
1,1.0,1
1,1.0,1
1,0.9999984502792358,1
1,0.999976396560669,1
1,0.9951169490814209,1
1,0.9998575448989868,1
1,1.0,1
1,0.9999909400939941,1
1,1.0,1
1,1.0,1
1,1.0,1
1,0.9896404147148132,1
1,1.0,1
1,0.9943398237228394,1
1,0.9998940229415894,1
1,1.0,1
1,0.9994315505027771,1
1,1.0,1
1,1.0,1
1,1.0,1
1,0.9999998807907104,1
1,0.9999985098838806,1
1,1.0,1
1,0.9997117519378662,1
1,0.9999980330467224,1
1,1.0,1
1,0.6810743808746338,1
1,1.0,1
1,1.0,1
1,1.0,1
1,1.0,1
1,0.9999615550041199,1
1,0.9999990463256836,1
1,0.764802098274231,1
1,0.0002708185347728431,0
1,1.0,1
1,0.9999995231628418,1
1,1.0,1
1,1.0,1
1,1.0,1
1,1.0,1
1,1.0,1
1,1.0,1
1,0.02242143452167511,0
1,1.0,1
1,1.0,1
1,0.989886999130249,1
1,0.8254590034484863,1
1,0.9997467398643494,1
1,0.9996378421783447,1
1,1.0,1
1,1.0,1
1,1.0,1
1,0.9988341331481934,1
1,1.0,1
1,0.9998147487640381,1
1,0.9999878406524658,1
1,0.7801220417022705,1
1,0.5420597791671753,1
1,1.0,1
1,0.9996339082717896,1
1,1.0,1
1,0.9999665021896362,1
1,0.998017430305481,1
1,1.0,1
1,0.9999638795852661,1
1,1.0,1
1,1.0,1
1,0.7891142964363098,1
1,1.0,1
1,0.9999479055404663,1
1,1.0,1
1,0.2348046600818634,0
1,1.0,1
1,0.9889731407165527,1
1,0.94852614402771,1
1,0.9999567270278931,1
1,1.0,1
1,0.819381058216095,1
1,0.9999890327453613,1
1,1.0,1
1,1.0,1
1,0.9268872737884521,1
1,1.0,1
1,0.9998115301132202,1
1,1.0,1
1,0.9984889626502991,1
1,1.0,1
1,1.0,1
1,1.0,1
1,1.0,1
1,1.0,1
1,1.0,1
1,0.9999779462814331,1
1,0.9961876273155212,1
1,1.0,1
1,0.8284485340118408,1
1,0.9993597269058228,1
1,0.9999998807907104,1
1,0.9999286532402039,1
1,1.0,1
1,1.0,1
1,1.0,1
1,1.0,1
1,0.9998905658721924,1
1,0.9313983917236328,1
1,1.0,1
1,1.0,1
1,1.0,1
1,0.46039754152297974,0
1,0.09772016108036041,0
1,0.6273609399795532,1
1,1.0,1
1,0.9880111813545227,1
1,1.0,1
1,1.0,1
1,1.0,1
1,1.0,1
1,0.9999557137489319,1
1,1.0,1
1,0.9999626874923706,1
1,0.9999994039535522,1
1,1.0,1
1,0.9999618530273438,1
1,1.0,1
1,0.9999878406524658,1
1,0.9989534020423889,1
1,0.9982319474220276,1
1,1.0,1
1,0.41908299922943115,0
1,0.9999994039535522,1
1,1.0,1
1,0.999992847442627,1
1,0.001521672704257071,0
1,0.9999735355377197,1
1,1.0,1
1,1.0,1
1,0.9999865293502808,1
1,0.9992231726646423,1
1,0.9999357461929321,1
1,0.4494175910949707,0
1,0.0008107596077024937,0
1,0.9996927976608276,1
1,0.9638174176216125,1
1,0.9997708201408386,1
1,1.0,1
1,1.0,1
1,1.0,1
1,0.9999912977218628,1
1,1.2952341421623714e-05,0
1,0.9998652935028076,1
1,0.9995360970497131,1
1,0.8343210816383362,1
1,1.0,1
1,1.0,1
1,1.0,1
1,1.0,1
1,1.0,1
1,1.0,1
1,0.9999700784683228,1
1,0.9123883247375488,1
1,0.9951133728027344,1
1,0.9999997615814209,1
1,0.8697835803031921,1
1,0.9999068379402161,1
1,1.0,1
1,1.0,1
1,2.6795631129061803e-05,0
1,0.9982919096946716,1
1,0.9874402284622192,1
1,1.0,1
1,1.0,1
1,1.0,1
1,1.0,1
1,1.0,1
1,1.0,1
1,1.0,1
1,1.0,1
1,0.9996482729911804,1
1,1.0,1
1,1.0,1
1,1.0,1
1,0.9970675110816956,1
1,6.801409472245723e-05,0
1,1.0,1
1,1.0,1
1,1.0,1
1,1.0,1
1,0.5901802778244019,1
1,0.9787557721138,1
1,0.9999964833259583,1
1,0.998499870300293,1
1,0.04399338364601135,0
1,0.4201924204826355,0
1,0.999600350856781,1
1,1.0,1
1,0.999309241771698,1
1,1.0,1
1,1.0,1
1,1.0,1
1,0.9999958276748657,1
1,0.9996175169944763,1
1,1.0,1
1,1.0,1
1,1.0,1
1,0.9998949766159058,1
1,1.0,1
1,1.0,1
1,9.534439176486689e-15,0
1,0.9999916553497314,1
1,0.9976390600204468,1
1,0.9999864101409912,1
1,1.0,1
1,1.0,1
1,1.0,1
1,1.0,1
1,1.0,1
1,0.9841895699501038,1
1,0.9999806880950928,1
1,1.0,1
1,1.0,1
1,1.0,1
1,1.0,1
1,0.9981200695037842,1
1,1.0,1
1,0.9999903440475464,1
1,1.0,1
1,0.993941605091095,1
1,0.9999440312385559,1
1,0.016986889764666557,0
1,1.0,1
1,1.0,1
1,0.9999532699584961,1
1,0.9999972581863403,1
1,1.0,1
1,0.9999738931655884,1
1,1.0,1
1,3.0034641440579435e-06,0
1,0.9976882338523865,1
1,1.0,1
1,1.0,1
1,0.9998947381973267,1
1,1.0,1
1,0.9999998807907104,1
1,1.0,1
1,1.0,1
1,1.0,1
1,0.9999243021011353,1
1,0.6365594267845154,1
1,1.0,1
1,0.99896240234375,1
1,0.999998927116394,1
1,0.9962146282196045,1
1,0.9999626874923706,1
1,1.0,1
1,1.0,1
1,0.5556560754776001,1
1,1.0,1
1,0.9999977946281433,1
1,1.0,1
1,1.0,1
1,1.0,1
1,1.0,1
1,1.0,1
1,0.9999955892562866,1
1,1.0,1
1,0.999616801738739,1
1,0.985037624835968,1
1,0.9999995231628418,1
1,1.0,1
1,1.0,1
1,0.9982571601867676,1
1,1.0,1
1,1.0,1
1,0.9999015927314758,1
1,0.993897020816803,1
1,1.0,1
1,1.0,1
1,1.0,1
1,1.0,1
1,0.9744559526443481,1
1,1.0,1
1,0.03994901478290558,0
1,0.5208110809326172,1
1,0.9998215436935425,1
1,1.0,1
1,1.0,1
1,0.9999900460243225,1
1,1.0,1
1,1.0,1
1,0.9999891519546509,1
1,0.9895886778831482,1
1,1.0,1
1,0.9999997019767761,1
1,0.9998979568481445,1
1,1.0,1
1,0.9999998211860657,1
1,0.39819443225860596,0
1,1.0,1
1,0.9999778270721436,1
1,1.0,1
1,0.999994158744812,1
1,1.0,1
1,1.0,1
1,0.2539122700691223,0
1,0.31370827555656433,0
1,0.9939923882484436,1
1,1.0,1
1,1.0,1
1,1.0,1
1,1.0,1
1,0.02672399953007698,0
1,1.0,1
1,1.0,1
1,1.0,1
1,1.0,1
1,0.9999986290931702,1
1,1.0,1
1,1.0,1
1,1.0,1
1,1.0,1
1,0.35550153255462646,0
1,1.0,1
1,0.9937922954559326,1
1,1.0,1
1,1.0,1
1,1.0,1
1,0.99995356798172,1
1,0.999764084815979,1
1,1.0,1
1,0.9996861219406128,1
1,0.9997267127037048,1
1,1.0,1
1,0.9999990463256836,1
1,0.9249590635299683,1
1,1.0,1
1,0.8968160152435303,1
1,1.0,1
1,0.9999977350234985,1
1,1.0,1
1,1.0,1
1,0.9958406090736389,1
1,1.0,1
1,0.8235864043235779,1
1,1.0,1
1,1.0,1
1,1.0,1
1,1.0,1
1,1.0,1
1,0.9999992847442627,1
1,1.0,1
1,1.0,1
1,1.0,1
1,0.9999997019767761,1
1,0.9984615445137024,1
1,1.0,1
1,0.9999865889549255,1
1,1.0,1
1,1.0,1
1,0.82744961977005,1
1,0.9999939203262329,1
1,1.0,1
1,0.9999405145645142,1
1,1.0,1
1,1.0,1
1,1.0,1
1,0.9997773766517639,1
1,0.9999991059303284,1
1,1.0,1
1,0.004888579249382019,0
1,0.9973005056381226,1
1,1.0,1
1,1.0,1
1,1.0,1
1,1.0,1
1,1.0,1
1,0.9999676942825317,1
1,0.9988692998886108,1
1,0.9999377131462097,1
1,1.0,1
1,0.6364167928695679,1
1,0.04922565817832947,0
1,1.0,1
1,1.0,1
1,1.0,1
1,0.9945326447486877,1
1,0.9999921321868896,1
1,0.9995579719543457,1
1,0.9939614534378052,1
1,0.9999999403953552,1
1,0.9094651341438293,1
1,1.0,1
1,0.9161843061447144,1
1,0.9539554119110107,1
1,1.0,1
1,1.0,1
1,1.0,1
1,1.0,1
1,0.9999494552612305,1
1,1.0,1
1,1.0,1
1,1.0,1
1,1.0,1
1,1.0,1
1,0.9999974370002747,1
1,0.8691464066505432,1
1,0.9997901320457458,1
1,1.0,1
1,1.0,1
1,1.0,1
1,0.9965699315071106,1
1,0.999846339225769,1
1,1.0,1
1,0.623037576675415,1
1,1.0,1
1,1.0,1
1,0.9995585680007935,1
1,0.9999903440475464,1
1,1.0,1
1,1.0,1
1,1.0,1
1,1.0,1
1,0.9999828338623047,1
1,1.0,1
1,0.9843481183052063,1
1,1.0,1
1,0.9756790399551392,1
1,0.9555214643478394,1
1,1.0,1
1,0.9999622106552124,1
1,1.0,1
1,0.9999353289604187,1
1,1.0,1
1,1.0,1
1,0.9686375856399536,1
1,1.0,1
1,1.0,1
1,0.9999995231628418,1
1,0.9999117851257324,1
1,1.0,1
1,1.0,1
1,1.0,1
1,1.0,1
1,0.0013308138586580753,0
1,1.0,1
1,1.0,1
1,1.0,1
1,0.8735127449035645,1
1,0.9998996257781982,1
1,0.9443131685256958,1
1,1.0,1
1,0.9868610501289368,1
1,1.0,1
1,1.0,1
1,1.0,1
1,1.0,1
1,0.046533435583114624,0
1,1.0,1
1,1.0,1
1,0.9999997615814209,1
1,1.0,1
1,0.9999980330467224,1
1,1.0,1
1,0.9796866178512573,1
1,1.0,1
1,1.0,1
1,1.0,1
1,1.0,1
1,0.9942283630371094,1
1,1.0,1
1,1.0,1
1,1.0,1
1,0.9192481637001038,1
1,0.9994889497756958,1
1,0.9999754428863525,1
1,0.9895142316818237,1
1,1.0,1
1,1.0,1
1,0.9999998807907104,1
1,0.6458609104156494,1
1,1.0,1
1,0.9999881982803345,1
1,0.999971866607666,1
1,0.9999630451202393,1
1,1.0,1
1,1.0,1
1,0.9999996423721313,1
1,0.9999963641166687,1
1,0.999989926815033,1
1,1.0,1
1,0.999761164188385,1
1,0.9998184442520142,1
1,1.0,1
1,1.0,1
1,1.0,1
1,0.9985662698745728,1
1,1.0,1
1,0.9936074018478394,1
1,0.9999772310256958,1
1,0.9990338087081909,1
1,0.9995485544204712,1
1,1.0,1
1,1.0,1
1,1.0,1
1,1.0,1
1,1.0,1
1,0.9999998807907104,1
1,0.8314635753631592,1
1,1.0,1
1,1.0,1
1,0.9107143878936768,1
1,0.9999994039535522,1
1,0.9999998807907104,1
1,0.9999998807907104,1
1,0.6967008709907532,1
1,1.0,1
1,0.9998211860656738,1
1,1.0,1
1,0.19513005018234253,0
1,0.9940208792686462,1
1,1.0,1
1,1.0,1
1,1.0,1
1,0.054149024188518524,0
1,1.0,1
1,0.9960499405860901,1
1,0.9999845027923584,1
1,0.9996539950370789,1
1,1.0,1
1,0.999961256980896,1
1,1.0,1
1,1.0,1
1,1.0,1
1,0.15371036529541016,0
1,1.0,1
1,0.9999964237213135,1
1,1.0,1
1,0.9932221174240112,1
1,1.0,1
1,1.0,1
1,1.0,1
1,1.0,1
1,1.0,1
1,0.9999984502792358,1
1,0.9997758865356445,1
1,1.0,1
1,1.0,1
1,0.37895673513412476,0
1,0.9999919533729553,1
1,0.9999999403953552,1
1,1.0,1
1,1.0,1
1,1.0,1
1,1.0,1
1,1.0,1
1,1.0,1
1,1.0,1
1,0.9997944831848145,1
1,1.0,1
1,1.0,1
1,1.0,1
1,0.9999994039535522,1
1,0.3196013867855072,0
1,0.999701201915741,1
1,0.9941688179969788,1
1,0.9641203880310059,1
1,0.9999992251396179,1
1,0.14749066531658173,0
1,1.0,1
1,0.9629392623901367,1
1,1.0,1
1,0.994880735874176,1
1,0.9938591122627258,1
1,0.9999282360076904,1
1,0.9154542088508606,1
1,1.0,1
1,1.0,1
1,0.99488365650177,1
1,0.9245678782463074,1
1,0.9999545216560364,1
1,0.9901286959648132,1
1,1.0,1
1,0.9995927810668945,1
1,1.0,1
1,1.0,1
1,1.0,1
1,0.990191638469696,1
1,0.999750554561615,1
1,0.9980967044830322,1
1,1.0,1
1,1.0,1
1,0.23933915793895721,0
1,0.9948229789733887,1
1,0.99973064661026,1
1,1.0,1
1,0.9999997019767761,1
1,1.0,1
1,0.9452499151229858,1
1,1.0,1
1,0.9999926090240479,1
1,0.998223066329956,1
1,1.0,1
1,1.0,1
1,1.0,1
1,0.9999821186065674,1
1,1.0,1
1,1.0,1
1,1.0,1
1,0.9992464184761047,1
1,1.0,1
1,1.0,1
1,0.999966561794281,1
1,0.9999424815177917,1
1,1.0,1
1,1.0,1
1,0.9999912977218628,1
1,0.9669689536094666,1
1,1.0,1
1,0.999378502368927,1
1,0.9928228855133057,1
1,1.0,1
1,1.0,1
1,0.9990116357803345,1
1,1.0,1
1,0.9922431707382202,1
1,0.9999716877937317,1
1,1.0,1
1,1.0,1
1,0.9991700649261475,1
1,1.0,1
1,0.9942094683647156,1
1,0.869554877281189,1
1,1.0,1
1,1.0,1
1,0.9999664425849915,1
1,1.0,1
1,0.9964056611061096,1
1,0.996537983417511,1
1,1.0,1
1,1.0,1
1,1.0,1
1,0.0007688216865062714,0
1,0.9999216794967651,1
1,1.0,1
1,0.993183970451355,1
1,0.9315827488899231,1
1,1.0,1
1,0.9994287490844727,1
1,1.0,1
1,1.0,1
1,0.9352580904960632,1
1,1.0,1
1,1.0,1
1,0.9997949004173279,1
1,1.0,1
1,1.0,1
1,0.13792887330055237,0
1,0.6915041208267212,1
1,0.9999608993530273,1
1,1.0,1
1,0.970465362071991,1
1,0.10748734325170517,0
1,0.9998520016670227,1
1,0.9406236410140991,1
1,1.0,1
1,1.0,1
1,1.0,1
1,0.9999932646751404,1
1,0.988352358341217,1
1,1.0,1
1,1.0,1
1,3.803791514656041e-06,0
1,1.0,1
1,1.0,1
1,1.0,1
1,0.9956921935081482,1
1,0.9951246976852417,1
1,1.0,1
1,1.0,1
1,0.9998981952667236,1
1,1.0,1
1,1.0,1
1,1.0,1
1,1.0,1
1,1.0,1
1,0.9999998807907104,1
1,1.0,1
1,0.8413539528846741,1
1,0.9931792616844177,1
1,0.9574475884437561,1
1,0.977107048034668,1
1,0.9582575559616089,1
1,1.0,1
1,1.0,1
1,0.8936800956726074,1
1,0.9999946355819702,1
1,0.9999986886978149,1
1,1.0,1
1,1.0,1
1,0.9999998807907104,1
1,0.9999105930328369,1
1,1.0,1
1,0.9999992847442627,1
1,1.0,1
1,0.0015091514214873314,0
1,0.9381809830665588,1
1,0.9997117519378662,1
1,1.0,1
1,0.8447116017341614,1
1,1.0,1
1,1.0,1
1,1.0,1
1,0.999998927116394,1
1,1.0,1
1,1.0,1
1,1.0,1
1,0.9934303164482117,1
1,1.0,1
1,0.9999618530273438,1
1,0.9999898672103882,1
1,0.9197448492050171,1
1,0.9519509673118591,1
1,0.9999998807907104,1
1,0.9996697306632996,1
1,1.0,1
1,1.0,1
1,0.9998294711112976,1
1,0.9957045316696167,1
1,0.9998266696929932,1
1,1.0,1
1,1.0,1
1,0.9868305325508118,1
1,1.0,1
1,0.9999983310699463,1
1,0.9976544380187988,1
1,1.0,1
1,1.0,1
1,1.0,1
1,0.9959186911582947,1
1,0.9994129538536072,1
1,1.0,1
1,0.9992064237594604,1
1,1.0,1
1,1.0,1
1,0.9999997019767761,1
1,0.9995827674865723,1
1,3.179572924394414e-11,0
1,1.0,1
1,1.0,1
1,0.9995397925376892,1
1,0.9197005033493042,1
1,0.9953294992446899,1
1,1.0,1
1,1.0,1
1,0.9998206496238708,1
1,1.0,1
1,1.0,1
1,1.0,1
1,1.0,1
1,1.0,1
1,1.0,1
1,0.9999998211860657,1
1,1.0,1
1,1.0,1
1,1.0,1
1,1.0,1
1,0.7287445068359375,1
1,1.0,1
1,1.0,1
1,1.0,1
1,0.9998950362205505,1
1,0.9761263132095337,1
1,0.9960299134254456,1
1,1.0,1
1,1.0,1
1,1.0,1
1,1.0,1
1,1.0,1
1,1.0,1
1,1.0,1
1,1.0,1
1,0.5790370106697083,1
1,0.999462902545929,1
1,1.0,1
1,0.9994528889656067,1
1,0.9999194145202637,1
1,1.0,1
1,0.9317367672920227,1
1,0.9999949932098389,1
1,0.9999880790710449,1
1,0.10571929067373276,0
1,1.0,1
1,0.9981520771980286,1
1,0.9999998807907104,1
1,1.0,1
1,1.0,1
1,1.0,1
1,0.7481988072395325,1
1,0.9413555264472961,1
1,0.9994064569473267,1
1,0.9997587203979492,1
1,0.9998074173927307,1
1,0.9998958706855774,1
1,0.7541471719741821,1
1,1.0,1
1,1.0,1
1,1.0,1
1,0.9999969005584717,1
1,1.0,1
1,0.044374980032444,0
1,0.9999752640724182,1
1,0.9999423027038574,1
1,1.0,1
1,0.9734240174293518,1
1,0.9999150037765503,1
1,1.0,1
1,1.0,1
1,0.9942618608474731,1
1,1.0,1
1,1.0,1
1,0.9943614602088928,1
1,0.2395460307598114,0
1,1.0,1
1,0.9984164834022522,1
1,0.9997804164886475,1
1,1.0,1
1,0.9999974370002747,1
1,0.9995273351669312,1
1,0.996677041053772,1
1,0.9999344348907471,1
1,0.38753366470336914,0
1,1.0,1
1,1.0,1
1,0.9999990463256836,1
1,1.0,1
1,0.9999961256980896,1
1,0.9176716804504395,1
1,0.9999948143959045,1
1,0.9994135499000549,1
1,0.5769232511520386,1
1,1.0,1
1,1.0,1
1,0.9998155236244202,1
1,0.999980628490448,1
1,0.9995557069778442,1
1,1.0,1
1,0.9999899864196777,1
1,1.0,1
1,1.0,1
1,0.9608272314071655,1
1,1.0,1
1,0.9999978542327881,1
1,0.9997137188911438,1
1,1.0,1
1,1.0,1
1,1.0,1
1,0.9898849725723267,1
1,1.0,1
1,0.9914144277572632,1
1,1.0,1
1,0.9998537302017212,1
1,1.0,1
1,1.0,1
1,1.0,1
1,1.0,1
1,0.970986008644104,1
1,0.5097613334655762,1
1,0.9999998807907104,1
1,0.9999686479568481,1
1,0.997674286365509,1
1,0.9999986886978149,1
1,1.0,1
1,1.0,1
1,0.9990075826644897,1
1,1.0,1
1,1.0,1
1,1.0,1
1,0.6270444989204407,1
1,0.5854238867759705,1
1,0.9999721050262451,1
1,1.0,1
1,0.9938029050827026,1
1,1.0,1
1,1.0,1
1,0.9779801368713379,1
1,1.0,1
1,0.8240389823913574,1
1,1.0,1
1,0.9982008337974548,1
1,0.9994243383407593,1
1,1.0,1
1,1.0,1
1,1.0,1
1,0.9995664358139038,1
1,1.0,1
1,1.0,1
1,1.0,1
1,1.0,1
1,0.9999791979789734,1
1,1.0,1
1,0.9999523162841797,1
1,1.0,1
1,0.917033851146698,1
1,0.9998890161514282,1
1,0.997944712638855,1
1,0.9967158436775208,1
1,1.0,1
1,1.0,1
1,0.9998752474784851,1
1,0.9999994039535522,1
1,1.0,1
1,1.0,1
1,0.96759033203125,1
1,1.0,1
1,1.0,1
1,1.0,1
1,0.9999998807907104,1
1,0.9757207632064819,1
1,1.0,1
1,0.9999986886978149,1
1,0.7537972927093506,1
1,1.0,1
1,1.0,1
1,1.0,1
1,0.9996718168258667,1
1,1.0,1
1,1.0,1
1,1.0,1
1,1.0,1
1,0.9932296276092529,1
1,0.999996542930603,1
1,0.9999241828918457,1
1,0.9993887543678284,1
1,1.0,1
1,0.9438406229019165,1
1,0.002110337605699897,0
1,0.9944601655006409,1
1,1.0,1
1,0.999993085861206,1
1,0.9987554550170898,1
1,1.0,1
1,0.9935560822486877,1
1,1.0,1
1,1.0,1
1,1.0,1
1,0.999998927116394,1
1,0.9999973773956299,1
1,0.9998191595077515,1
1,1.0,1
1,1.0,1
1,1.0,1
1,0.9990901947021484,1
1,1.0,1
1,1.0,1
1,0.9999972581863403,1
1,0.9996575117111206,1
1,0.7997647523880005,1
1,0.9999807476997375,1
1,0.9986826777458191,1
1,0.31585195660591125,0
1,0.9999810457229614,1
1,1.0,1
1,0.9931051135063171,1
1,0.7972612977027893,1
1,0.9999911785125732,1
1,0.9981297254562378,1
1,0.9169320464134216,1
1,0.9999916553497314,1
1,1.0,1
1,1.0,1
1,0.9999992847442627,1
1,1.0,1
1,1.0,1
1,1.4674107262635516e-07,0
1,1.0,1
1,1.0,1
1,1.0,1
1,1.0,1
1,0.9999122619628906,1
1,1.0,1
1,1.0,1
1,0.9999988675117493,1
1,1.0,1
1,0.9972353577613831,1
1,1.0,1
1,0.9998630285263062,1
1,0.9998491406440735,1
1,1.0,1
1,1.0,1
1,0.9999950528144836,1
1,1.0,1
1,1.0,1
1,0.9999991655349731,1
1,1.0,1
1,1.0,1
1,0.9994887113571167,1
1,0.9999691247940063,1
1,0.9906485080718994,1
1,1.0,1
1,0.99996018409729,1
1,0.9999862313270569,1
1,1.0,1
1,0.9910528659820557,1
1,1.0,1
1,1.0,1
1,0.9999986886978149,1
1,1.0,1
1,0.9135352373123169,1
1,0.9998955130577087,1
1,0.9999993443489075,1
1,1.0,1
1,1.0,1
1,1.0,1
1,0.9954971075057983,1
1,0.9956864714622498,1
1,0.9999845027923584,1
1,0.06185142695903778,0
1,1.0,1
1,1.0,1
1,1.0,1
1,0.9986337423324585,1
1,0.9999997019767761,1
1,1.0,1
1,1.0,1
1,1.0,1
1,0.9999998807907104,1
1,1.0,1
1,0.5735412836074829,1
1,1.0,1
1,0.9985412955284119,1
1,0.9999975562095642,1
1,0.9981549978256226,1
1,0.999883770942688,1
1,0.99925696849823,1
1,0.9859532117843628,1
1,0.9677436947822571,1
1,0.9999593496322632,1
1,1.0,1
1,0.9840689301490784,1
1,1.0,1
1,0.9826890826225281,1
1,1.0,1
1,1.0,1
1,0.9994988441467285,1
1,1.0,1
1,1.0,1
1,1.0,1
1,1.0,1
1,0.9999848008155823,1
1,0.9979775547981262,1
1,1.0,1
1,1.0,1
1,0.9999353885650635,1
1,0.6192648410797119,1
1,0.9802913665771484,1
1,0.9985227584838867,1
1,1.0,1
1,0.9999297857284546,1
1,0.9998149275779724,1
1,0.9999545216560364,1
1,0.9925069808959961,1
1,0.9999873638153076,1
1,0.8659282326698303,1
1,0.9836935997009277,1
1,1.0,1
1,0.9997997283935547,1
1,1.0,1
1,0.9954380393028259,1
1,1.0,1
1,1.0,1
1,1.0,1
1,1.0,1
1,1.0,1
1,1.0,1
1,1.0,1
1,0.9999817609786987,1
1,0.9999077320098877,1
1,0.9980237483978271,1
1,0.9999887943267822,1
1,0.9999467730522156,1
1,0.9995083212852478,1
1,0.9999990463256836,1
1,0.921905517578125,1
1,1.0,1
1,1.0,1
1,1.0,1
1,1.0,1
1,1.0,1
1,1.0,1
1,0.999998927116394,1
1,0.9995207786560059,1
1,0.9999883770942688,1
1,1.0,1
1,1.0,1
1,0.9999649524688721,1
1,0.9999996423721313,1
1,0.9999995231628418,1
1,1.0,1
1,0.9999990463256836,1
1,1.0,1
1,0.04345540329813957,0
1,1.0,1
1,0.9999355673789978,1
1,0.999981164932251,1
1,1.0,1
1,1.0,1
1,0.9999492764472961,1
1,1.0,1
1,1.0,1
1,0.25974807143211365,0
1,1.0,1
1,1.0,1
1,1.0,1
1,0.9999874830245972,1
1,1.0,1
1,0.9999995231628418,1
1,0.9999861121177673,1
1,1.0,1
1,0.8904311060905457,1
1,0.999965250492096,1
1,1.0,1
1,0.5194524526596069,1
1,0.999999463558197,1
1,1.0,1
1,1.0,1
1,1.0,1
1,0.9368168711662292,1
1,0.9999933838844299,1
1,1.0,1
1,1.0,1
1,1.0,1
1,0.9999999403953552,1
1,1.0,1
1,1.0,1
1,0.9985975623130798,1
1,0.9999416470527649,1
1,0.3002946376800537,0
1,1.0,1
1,1.0,1
1,1.0,1
1,1.0,1
1,1.0,1
1,0.9999997019767761,1
1,1.0,1
1,0.9668631553649902,1
1,0.9912134408950806,1
1,0.05708461254835129,0
1,0.9999682307243347,1
1,1.0,1
1,0.9999219179153442,1
1,1.0,1
1,0.9999979138374329,1
1,1.0,1
1,0.9982273578643799,1
1,1.0,1
1,0.999809980392456,1
1,1.0,1
1,0.7942153811454773,1
1,0.9993283152580261,1
1,0.9618865251541138,1
1,1.0,1
1,1.0,1
1,1.0,1
1,0.9711730480194092,1
1,0.9999998807907104,1
1,1.0,1
1,0.9999997019767761,1
1,0.9577240943908691,1
1,0.9997974634170532,1
1,0.9991350173950195,1
1,0.9999994039535522,1
1,1.0,1
1,1.0,1
1,1.0,1
1,0.00015126695507206023,0
1,1.0,1
1,0.996867299079895,1
1,1.0,1
1,0.9998377561569214,1
1,1.0,1
1,0.930558443069458,1
1,1.0,1
1,1.0,1
1,1.0,1
1,0.9916465282440186,1
1,1.0,1
1,0.9999971389770508,1
1,0.9999657869338989,1
1,1.0,1
1,1.0,1
1,1.0,1
1,1.0,1
1,1.0,1
1,0.9865686893463135,1
1,1.0,1
1,0.9999986886978149,1
1,1.0,1
1,0.9585264921188354,1
1,1.0,1
1,0.9965882301330566,1
1,0.9980213046073914,1
1,1.0,1
1,1.0,1
1,1.0,1
1,0.6264706254005432,1
1,0.999997615814209,1
1,1.0,1
1,1.0,1
1,1.0,1
1,0.9999489784240723,1
1,0.9903647303581238,1
1,1.0,1
1,1.0,1
1,1.0,1
1,1.0,1
1,1.0,1
1,0.999970018863678,1
1,1.0,1
1,1.0,1
1,0.9998220205307007,1
1,0.9999881982803345,1
1,0.999737024307251,1
1,1.0,1
1,0.9766867160797119,1
1,1.0,1
1,1.0,1
1,0.9999489784240723,1
1,1.0,1
1,0.9997432231903076,1
1,0.99991375207901,1
1,0.9991902709007263,1
1,0.9970914125442505,1
1,0.04393162950873375,0
1,0.4292626976966858,0
1,0.9998291730880737,1
1,1.0,1
1,0.9999923706054688,1
1,0.9998843669891357,1
1,1.0,1
1,1.0,1
1,1.0,1
1,0.9920479655265808,1
1,1.0,1
1,0.8982306122779846,1
1,0.9999998807907104,1
1,1.0,1
1,1.0,1
1,1.0,1
1,1.0,1
1,1.0,1
1,0.9999986886978149,1
1,0.9999986290931702,1
1,1.0,1
1,0.38968345522880554,0
1,1.0,1
1,1.0,1
1,1.0,1
1,0.9999269843101501,1
1,0.9999926686286926,1
1,0.9999992847442627,1
1,1.0,1
1,0.9386048913002014,1
1,1.0,1
1,0.9999542236328125,1
1,0.9998339414596558,1
1,1.0,1
1,1.0,1
1,0.9976023435592651,1
1,1.0,1
1,1.0,1
1,1.0,1
1,1.0,1
1,0.9999879002571106,1
1,1.0,1
1,1.0,1
1,0.999980092048645,1
1,0.7998980283737183,1
1,1.0,1
1,1.0,1
1,1.0,1
1,0.8451458215713501,1
1,0.9981189966201782,1
1,1.0,1
1,1.0,1
1,1.0,1
1,0.9572802782058716,1
1,0.9978708624839783,1
1,1.0,1
1,1.0,1
1,0.18159542977809906,0
1,1.0,1
1,0.9999990463256836,1
1,1.0,1
1,1.0,1
1,1.0,1
1,1.0,1
1,1.0,1
1,1.0,1
1,1.0,1
1,0.9997974634170532,1
1,0.9508522748947144,1
1,1.0,1
1,1.0,1
1,1.0,1
1,1.0,1
1,0.99861079454422,1
1,1.0,1
1,0.01695205084979534,0
1,1.0,1
1,1.0,1
1,0.999534547328949,1
1,0.8048028945922852,1
1,0.9999982118606567,1
1,0.9320223927497864,1
1,0.9999939799308777,1
1,1.0,1
1,1.0,1
1,1.0,1
1,0.2864115834236145,0
1,1.0,1
1,1.0,1
1,0.9977694153785706,1
1,1.0,1
1,0.9688878655433655,1
1,0.9999985098838806,1
1,1.0,1
1,1.0,1
1,0.9980213642120361,1
1,0.8204188346862793,1
1,1.0,1
1,1.0,1
1,1.0,1
1,1.0,1
1,1.0,1
1,1.0,1
1,1.0,1
1,1.0,1
1,0.8109157085418701,1
1,1.0,1
1,1.0,1
1,0.9999926686286926,1
1,0.9998545050621033,1
1,0.9982642531394958,1
1,0.9999977350234985,1
1,1.0,1
1,0.9866527915000916,1
1,1.0,1
1,0.9923845529556274,1
1,1.0,1
1,1.0,1
1,0.9999854564666748,1
1,0.9999726414680481,1
1,1.0,1
1,0.9996113181114197,1
1,1.0,1
1,0.9999825954437256,1
1,1.0,1
1,0.9964357614517212,1
1,1.0,1
1,0.9799579977989197,1
1,1.0,1
1,0.9989544153213501,1
1,1.0,1
1,0.9999780654907227,1
1,0.9999933838844299,1
1,1.0,1
1,1.0,1
1,1.0,1
1,1.0,1
1,1.0,1
1,1.0,1
1,0.9999998807907104,1
1,0.999968409538269,1
1,0.9998884201049805,1
1,0.26969558000564575,0
1,1.0,1
1,1.0,1
1,1.0,1
1,0.8241037726402283,1
1,1.0,1
1,1.0,1
1,1.0,1
1,0.9995589852333069,1
1,0.9999979734420776,1
1,0.9950053095817566,1
1,1.0,1
1,0.9990260004997253,1
1,1.0,1
1,0.9999637603759766,1
1,0.9999998211860657,1
1,0.9962064027786255,1
1,1.0,1
1,0.9200332164764404,1
1,1.0,1
1,0.9996268153190613,1
1,1.0,1
1,0.9884781837463379,1
1,1.0,1
1,1.0,1
1,1.0,1
1,1.0,1
1,0.4130236804485321,0
1,1.0,1
1,1.0,1
1,0.9719944000244141,1
1,1.0,1
1,0.999941885471344,1
1,1.0,1
1,1.0,1
1,1.0,1
1,0.9999132752418518,1
1,0.9999959468841553,1
1,1.0,1
1,0.9999357461929321,1
1,0.19809022545814514,0
1,1.0,1
1,1.0,1
1,1.0,1
1,0.9999977350234985,1
1,1.0,1
1,0.0005332570290192962,0
1,0.9999561309814453,1
1,0.9999914169311523,1
1,0.999458372592926,1
1,1.0,1
1,0.989560604095459,1
1,0.9997217655181885,1
1,1.0,1
1,1.0,1
1,0.9999939799308777,1
1,0.5713193416595459,1
1,0.00316773634403944,0
1,1.0,1
1,0.9999999403953552,1
1,0.9999899864196777,1
1,0.885270357131958,1
1,1.0,1
1,1.0,1
1,0.3679620325565338,0
1,1.0,1
1,1.0,1
1,1.0,1
1,1.0,1
1,1.0,1
1,1.0,1
1,0.9693105816841125,1
1,1.0,1
1,0.9998283982276917,1
1,1.0,1
1,0.9959609508514404,1
1,1.0,1
1,1.0,1
1,0.9953082203865051,1
1,1.0,1
1,1.0,1
1,1.0,1
1,1.0,1
1,1.0,1
1,0.9999966621398926,1
1,1.0,1
1,0.9999786615371704,1
1,0.9999293088912964,1
1,1.0,1
1,0.5300573110580444,1
1,1.0,1
1,0.9998002052307129,1
1,1.0,1
1,0.6154282689094543,1
1,0.22228233516216278,0
1,0.9998485445976257,1
1,1.0,1
1,0.9999982118606567,1
1,0.999741792678833,1
1,1.0,1
1,0.9644976258277893,1
1,1.0,1
1,0.9999929666519165,1
1,0.9999998807907104,1
1,0.9999824166297913,1
1,1.0,1
1,1.0,1
1,1.0,1
1,0.9979280233383179,1
1,1.0,1
1,0.9997549057006836,1
1,1.0,1
1,1.0,1
1,1.0,1
1,1.0,1
1,1.0,1
1,1.0,1
1,1.0,1
1,1.0,1
1,0.9999998807907104,1
1,1.0,1
1,0.6558049321174622,1
1,0.9999982118606567,1
1,1.0,1
1,0.999999463558197,1
1,1.0,1
1,1.0,1
1,1.0,1
1,0.9999767541885376,1
1,0.9999998807907104,1
1,0.026167448610067368,0
1,1.0,1
1,1.0,1
1,0.9989737272262573,1
1,1.0,1
1,1.0,1
1,1.0,1
1,0.9926614761352539,1
1,0.99994295835495,1
1,1.0,1
1,1.0,1
1,1.0,1
1,1.0,1
1,1.0,1
1,1.0,1
1,0.9999934434890747,1
1,1.0,1
1,1.0,1
1,1.0,1
1,0.7385685443878174,1
1,1.0,1
1,0.9993313550949097,1
1,1.0,1
1,1.0,1
1,0.9996373653411865,1
1,1.0,1
1,1.0,1
1,0.708246648311615,1
1,0.9999996423721313,1
1,0.9999979734420776,1
1,1.0,1
1,0.9954285621643066,1
1,1.0,1
1,0.9999409914016724,1
1,1.0,1
1,0.0008401108207181096,0
1,0.9999510645866394,1
1,0.998838484287262,1
1,0.9999027848243713,1
1,0.9999998807907104,1
1,1.0,1
1,0.9187753200531006,1
1,0.9999957084655762,1
1,1.0,1
1,0.9999278783798218,1
1,0.9999986886978149,1
1,0.9781861305236816,1
1,1.0,1
1,0.9991958141326904,1
1,0.8148421049118042,1
1,1.0,1
1,1.0,1
1,1.0,1
1,1.0,1
1,0.9999468326568604,1
1,0.9999463558197021,1
1,0.9999849796295166,1
1,1.0,1
1,1.0,1
1,1.0,1
1,1.0,1
1,1.0,1
1,1.0,1
1,1.0,1
1,1.0,1
1,0.7627487182617188,1
1,0.9999992847442627,1
1,1.0,1
1,0.9999850392341614,1
1,0.9996368885040283,1
1,0.9999811053276062,1
1,1.0,1
1,1.0,1
1,0.9999890327453613,1
1,1.0,1
1,0.9999986290931702,1
1,1.0,1
1,1.0,1
1,1.0,1
1,0.9999821782112122,1
1,1.0,1
1,0.9999998807907104,1
1,0.9999293088912964,1
1,1.0,1
1,1.0,1
1,1.0,1
1,1.0,1
1,1.0,1
1,0.9999179840087891,1
1,1.0,1
1,1.0,1
1,1.0,1
1,0.999894917011261,1
1,0.9999997019767761,1
1,1.0,1
1,0.9999998807907104,1
1,1.0,1
1,1.0,1
1,1.0,1
1,0.9998456239700317,1
1,0.9999988675117493,1
1,0.9913153052330017,1
1,0.8782820105552673,1
1,1.0,1
1,0.2910972237586975,0
1,0.9999978542327881,1
1,1.0,1
1,1.0,1
1,0.9996708035469055,1
1,0.9976189136505127,1
1,0.9585287570953369,1
1,1.0,1
1,0.9999963045120239,1
1,1.0,1
1,0.5618343353271484,1
1,0.9422232508659363,1
1,1.0,1
1,0.999003529548645,1
1,0.9999945163726807,1
1,0.9998800754547119,1
1,0.9999992251396179,1
1,0.9999999403953552,1
1,1.0,1
1,1.0,1
1,1.0,1
1,1.0,1
1,0.9960770606994629,1
1,0.7605721950531006,1
1,0.9999936819076538,1
1,1.0,1
1,0.9999318718910217,1
1,1.0,1
1,1.0,1
1,0.8575025796890259,1
1,1.0,1
1,0.9965997934341431,1
1,1.0,1
1,1.0,1
1,0.9904620051383972,1
1,1.0,1
1,1.0,1
1,0.7173953056335449,1
1,0.9999775290489197,1
1,1.0,1
1,1.9328322850651475e-14,0
1,0.6017227172851562,1
1,0.8681136965751648,1
1,1.0,1
1,0.9999072551727295,1
1,0.999099612236023,1
1,0.9984891414642334,1
1,0.9999942779541016,1
1,0.8389216661453247,1
1,1.0,1
1,1.0,1
1,0.9896724224090576,1
1,1.0,1
1,0.9109643697738647,1
1,1.0,1
1,0.9999901056289673,1
1,1.0,1
1,1.0,1
1,1.0,1
1,0.9999968409538269,1
1,1.0,1
1,1.0,1
1,0.999973475933075,1
1,1.0,1
1,1.0,1
1,1.0,1
1,0.993556022644043,1
1,0.9995337724685669,1
1,0.9977157115936279,1
1,0.998906672000885,1
1,0.9939666986465454,1
1,1.0,1
1,1.0,1
1,1.0,1
1,0.989070475101471,1
1,0.9997105598449707,1
1,1.0,1
1,1.0,1
1,1.0,1
1,1.0,1
1,0.16514581441879272,0
1,0.9999986290931702,1
1,0.6026372313499451,1
1,0.5838329195976257,1
1,1.0,1
1,0.4614928364753723,0
1,1.0,1
1,1.0,1
1,0.9999716281890869,1
1,0.9999998807907104,1
1,1.0,1
1,1.0,1
1,0.9949386119842529,1
1,1.0,1
1,1.0,1
1,0.7134532332420349,1
1,1.0,1
1,0.9997860193252563,1
1,1.0,1
1,0.825994074344635,1
1,0.9998664855957031,1
1,1.0,1
1,1.0,1
1,1.0,1
1,1.0,1
1,1.0,1
1,1.0,1
1,0.9996278285980225,1
1,1.0,1
1,0.9998128414154053,1
1,0.9990198612213135,1
1,0.9999902844429016,1
1,0.9999370574951172,1
1,1.0,1
1,0.9999971389770508,1
1,0.9994193315505981,1
1,0.3623856008052826,0
1,0.999937891960144,1
1,0.9999984502792358,1
1,1.0,1
1,1.0,1
1,1.0,1
1,1.0,1
1,0.993268609046936,1
1,0.9999997615814209,1
1,1.0,1
1,1.0,1
1,0.9999064207077026,1
1,0.999959409236908,1
1,1.0,1
1,1.0,1
1,1.0,1
1,0.9987525939941406,1
1,0.9089259505271912,1
1,1.0,1
1,1.0,1
1,1.0,1
1,0.9999821782112122,1
1,1.0,1
1,1.0,1
1,0.9996981024742126,1
1,0.9998631477355957,1
1,1.0,1
1,1.0,1
1,1.0,1
1,0.9263659715652466,1
1,0.9999999403953552,1
1,1.0,1
1,0.9303085803985596,1
1,0.9999788999557495,1
1,1.0,1
1,1.0,1
1,0.39218172430992126,0
1,1.0,1
1,0.957896888256073,1
1,0.9996567964553833,1
1,1.0,1
1,0.9983657002449036,1
1,1.995425009226892e-05,0
1,0.7069246768951416,1
1,1.0,1
1,0.9999961853027344,1
1,1.0,1
1,1.0,1
1,1.0,1
1,1.0,1
1,0.9999999403953552,1
1,1.0,1
1,1.0,1
1,0.9999330043792725,1
1,0.999945342540741,1
1,1.0,1
1,0.9999557733535767,1
1,0.9996590614318848,1
1,1.0,1
1,1.0,1
1,1.0,1
1,1.0,1
1,0.8011351823806763,1
1,0.9935903549194336,1
1,1.0,1
1,1.0,1
1,0.9939128160476685,1
1,0.9988436698913574,1
1,0.9998867511749268,1
1,0.9998283386230469,1
1,1.0,1
1,0.9827060699462891,1
1,1.0,1
1,0.9999990463256836,1
1,1.0,1
1,1.0,1
1,1.0,1
1,1.0,1
1,1.0,1
1,0.9999384880065918,1
1,1.0,1
1,1.0,1
1,0.9965627193450928,1
1,1.0,1
1,1.0,1
1,1.0,1
1,1.0,1
1,0.9993493556976318,1
1,0.12039239704608917,0
1,0.2223842442035675,0
1,1.0,1
1,0.3038005828857422,0
1,0.9999685287475586,1
1,1.0,1
1,1.0,1
1,1.0,1
1,0.986517608165741,1
1,1.0,1
1,0.999114990234375,1
1,0.9949304461479187,1
1,1.0,1
1,0.8266260027885437,1
1,0.9999843239784241,1
1,0.999619722366333,1
1,1.0,1
1,0.8945177793502808,1
1,1.0,1
1,1.0,1
1,1.0,1
1,0.9999852180480957,1
1,1.0,1
1,0.9998963475227356,1
1,1.0,1
1,0.3484203815460205,0
1,0.8050207495689392,1
1,0.9937975406646729,1
1,0.9996381402015686,1
1,1.0,1
1,1.0,1
1,0.9999983906745911,1
1,1.0,1
1,1.0,1
1,0.9990211725234985,1
1,0.008289212360978127,0
1,1.0,1
1,0.9997116923332214,1
1,0.8385834693908691,1
1,0.9999998211860657,1
1,0.8039401173591614,1
1,0.7840110659599304,1
1,1.0,1
1,0.9993313550949097,1
1,0.8712891340255737,1
1,1.0,1
1,7.228777576528955e-07,0
1,0.9997912645339966,1
1,1.0,1
1,0.996505081653595,1
1,0.999578595161438,1
1,0.8420411348342896,1
1,1.0,1
1,1.0,1
1,1.0,1
1,1.0,1
1,0.9999975562095642,1
1,0.9982073307037354,1
1,1.0,1
1,0.9984993934631348,1
1,1.0,1
1,1.0,1
1,0.9991403222084045,1
1,1.0,1
1,0.8260995149612427,1
1,0.684272289276123,1
1,0.9863080382347107,1
1,1.0,1
1,0.8382020592689514,1
1,0.3374122977256775,0
1,1.0,1
1,0.9994468092918396,1
1,1.0,1
1,1.0,1
1,0.9999998807907104,1
1,0.9894662499427795,1
1,1.0,1
1,1.0,1
1,0.9740535616874695,1
1,1.0,1
1,1.0,1
1,1.0,1
1,0.9999914169311523,1
1,1.0,1
1,1.0,1
1,1.0,1
1,0.9987807869911194,1
1,1.0,1
1,0.9999949336051941,1
1,0.9998270273208618,1
1,0.9993749856948853,1
1,1.0,1
1,1.0,1
1,0.9989182353019714,1
1,1.0,1
1,0.9904731512069702,1
1,0.999998152256012,1
1,1.0,1
1,1.0,1
1,1.0,1
1,1.0,1
1,3.536672465997981e-06,0
1,1.0,1
1,1.0,1
1,1.0,1
1,1.0,1
1,1.0,1
1,0.9999709725379944,1
1,1.0,1
1,1.0,1
1,1.0,1
1,0.9876882433891296,1
1,1.0,1
1,1.0,1
1,0.9999997019767761,1
1,1.0,1
1,0.9999011754989624,1
1,1.0,1
1,1.0,1
1,0.9999972581863403,1
1,0.7858381271362305,1
1,1.0,1
1,1.0,1
1,0.9992562532424927,1
1,0.9969004988670349,1
1,0.9825726747512817,1
1,0.9999651312828064,1
1,0.9999215602874756,1
1,0.9994505047798157,1
1,0.9999998807907104,1
1,0.999989926815033,1
1,0.9301081299781799,1
1,0.7876615524291992,1
1,1.0,1
1,1.0,1
1,0.9709837436676025,1
1,0.999999463558197,1
1,0.9999589323997498,1
1,0.9999998807907104,1
1,1.0,1
1,1.0,1
1,0.9999983310699463,1
1,1.0,1
1,0.9466045498847961,1
1,1.0,1
1,1.0,1
1,1.0,1
1,0.6842631101608276,1
1,1.0,1
1,1.0,1
1,1.0,1
1,1.0,1
1,1.0,1
1,1.0,1
1,1.0,1
1,0.9999290704727173,1
1,1.0,1
1,0.9997262358665466,1
1,0.00214984267950058,0
1,1.0,1
1,1.0,1
1,1.1353296940797009e-05,0
1,1.0,1
1,0.9982584118843079,1
1,1.0,1
1,0.9999548196792603,1
1,0.9997689127922058,1
1,0.9999995827674866,1
1,0.9999351501464844,1
1,0.9966224431991577,1
1,0.0017540819244459271,0
1,0.9337834119796753,1
1,0.9999845623970032,1
1,1.0,1
1,1.0,1
1,1.0,1
1,0.9999992251396179,1
1,0.9999990463256836,1
1,0.9997237920761108,1
1,0.9993629455566406,1
1,1.0,1
1,0.9999998807907104,1
1,1.0,1
1,1.0,1
1,1.0,1
1,1.0,1
1,1.0,1
1,0.9999101161956787,1
1,1.0,1
1,0.9999986290931702,1
1,1.0,1
1,1.0,1
1,1.0,1
1,0.008521446958184242,0
1,1.0,1
1,1.0,1
1,1.0,1
1,1.0,1
1,0.9999560117721558,1
1,0.3942517638206482,0
1,0.9999769926071167,1
1,0.999999463558197,1
1,0.18304350972175598,0
1,1.0,1
1,1.0,1
1,0.9389731287956238,1
1,0.9998297691345215,1
1,1.0,1
1,0.9992393255233765,1
1,1.0,1
1,0.9879168272018433,1
1,1.0,1
1,0.01388191245496273,0
1,0.914871096611023,1
1,1.0,1
1,1.0,1
1,0.9997060894966125,1
1,1.0,1
1,1.0,1
1,1.0,1
1,0.9999943375587463,1
1,1.0,1
1,1.0,1
1,0.9999209642410278,1
1,1.0,1
1,0.9119420647621155,1
1,0.9997666478157043,1
1,1.0,1
1,1.0,1
1,0.9964240789413452,1
1,1.0,1
1,1.0,1
1,0.9999998807907104,1
1,0.20201505720615387,0
1,0.9999937415122986,1
1,1.0,1
1,1.0,1
1,1.0,1
1,1.0,1
1,0.9999122023582458,1
1,0.42309850454330444,0
1,1.0,1
1,0.9999433159828186,1
1,1.0,1
1,0.9986797571182251,1
1,0.9999648928642273,1
1,1.0,1
1,1.0,1
1,0.9990540146827698,1
1,0.9996122121810913,1
1,1.0,1
1,0.9999904632568359,1
1,1.0,1
1,1.0,1
1,1.0,1
1,0.999999463558197,1
1,1.0,1
1,1.0,1
1,0.9960764646530151,1
1,1.0,1
1,0.9999591112136841,1
1,0.9999939203262329,1
1,1.0,1
1,0.9999942779541016,1
1,1.0,1
1,0.0018158757593482733,0
1,0.9773515462875366,1
1,1.0,1
1,1.0,1
1,1.0,1
1,1.0,1
1,0.9999755620956421,1
1,0.9999909400939941,1
1,1.0,1
1,1.0,1
1,0.011092244647443295,0
1,0.9994606971740723,1
1,0.3035354018211365,0
1,0.9980993270874023,1
1,0.9940608143806458,1
1,1.0,1
1,0.9999651908874512,1
1,0.9997369050979614,1
1,1.0,1
1,1.0,1
1,0.9999885559082031,1
1,0.9998948574066162,1
1,0.9999979734420776,1
1,1.0,1
1,0.9980509281158447,1
1,1.0,1
1,0.9999017715454102,1
1,0.9988367557525635,1
1,1.0,1
1,0.9983211755752563,1
1,1.0,1
1,0.9999923706054688,1
1,1.0,1
1,0.9999993443489075,1
1,0.5735621452331543,1
1,0.9999994039535522,1
1,1.0,1
1,0.9997661113739014,1
1,0.9999833703041077,1
1,0.7228176593780518,1
1,0.9999960660934448,1
1,1.0,1
1,0.9994627237319946,1
1,1.0,1
1,1.0,1
1,0.9999997615814209,1
1,0.9999892711639404,1
1,1.0,1
1,0.9988183379173279,1
1,1.0,1
1,0.0995882898569107,0
1,0.6460145711898804,1
1,1.0,1
1,1.0,1
1,0.9397380948066711,1
1,1.0,1
1,1.0,1
1,0.9999918937683105,1
1,1.0,1
1,1.0,1
1,0.24364237487316132,0
1,1.0,1
1,0.941504716873169,1
1,0.3364531397819519,0
1,0.8834061622619629,1
1,0.5677639245986938,1
1,1.0,1
1,0.9999993443489075,1
1,0.9756252765655518,1
1,0.36809152364730835,0
1,0.9979792237281799,1
1,1.0,1
1,1.0,1
1,0.9949176907539368,1
1,0.9999999403953552,1
1,0.9999915361404419,1
1,1.0,1
1,0.9999995231628418,1
1,1.0,1
1,1.0,1
1,0.9957001805305481,1
1,1.0,1
1,1.0,1
1,0.9999938011169434,1
1,1.0,1
1,1.0,1
1,1.0,1
1,0.9994301795959473,1
1,1.0,1
1,1.0,1
1,0.999805212020874,1
1,0.9996901750564575,1
1,0.9999901652336121,1
1,0.9915723204612732,1
1,1.0,1
1,0.9760792255401611,1
1,1.0,1
1,0.9999371767044067,1
1,0.997978687286377,1
1,1.0,1
1,0.9999969601631165,1
1,1.0,1
1,0.9952536821365356,1
1,0.9955597519874573,1
1,1.0,1
1,1.0,1
1,0.9999338984489441,1
1,0.9999321699142456,1
1,0.7313896417617798,1
1,1.0,1
1,1.0,1
1,0.9856546521186829,1
1,1.0,1
1,0.3675086796283722,0
1,1.0,1
1,0.9999995827674866,1
1,1.0,1
1,1.0,1
1,1.0,1
1,0.5768974423408508,1
1,1.0,1
1,0.9993950128555298,1
1,0.9960445165634155,1
1,0.8892267942428589,1
1,1.0,1
1,0.997635543346405,1
1,0.999998927116394,1
1,1.0,1
1,1.0,1
1,1.0,1
1,0.9872832894325256,1
1,1.0,1
1,0.9577547311782837,1
1,0.9999021291732788,1
1,1.0,1
1,1.0,1
1,0.9114208221435547,1
1,1.0,1
1,0.9999610781669617,1
1,0.9999983310699463,1
1,1.0,1
1,1.0,1
1,0.9999999403953552,1
1,1.0,1
1,0.02512676641345024,0
1,1.0,1
1,0.7563978433609009,1
1,1.0,1
1,0.9754889011383057,1
1,0.9629448652267456,1
1,1.0,1
1,0.999671995639801,1
1,1.0,1
1,1.0,1
1,0.9443108439445496,1
1,1.0,1
1,0.9999996423721313,1
1,1.0,1
1,1.0,1
1,1.0,1
1,0.9999233484268188,1
1,1.0,1
1,0.9999922513961792,1
1,1.0,1
1,0.9837096929550171,1
1,1.0,1
1,1.0,1
1,1.0,1
1,1.0,1
1,0.9988248348236084,1
1,1.0,1
1,0.9992871880531311,1
1,1.0,1
1,0.9803168177604675,1
1,1.0,1
1,1.0,1
1,0.9999995827674866,1
1,1.0,1
1,1.0,1
1,0.9996314644813538,1
1,1.0,1
1,0.5824729800224304,1
1,1.0,1
1,1.0,1
1,0.99811851978302,1
1,0.0007460609194822609,0
1,0.9956176280975342,1
1,1.0,1
1,1.0,1
1,0.9812412858009338,1
1,0.9998712539672852,1
1,0.9976749420166016,1
1,0.9999326467514038,1
1,1.0,1
1,1.0,1
1,0.9999210238456726,1
1,0.492597758769989,0
1,1.0,1
1,0.9999830722808838,1
1,0.9922309517860413,1
1,1.0,1
1,1.0,1
1,0.9999803304672241,1
1,0.9834256172180176,1
1,0.9419630169868469,1
1,1.0,1
1,0.9999999403953552,1
1,1.0,1
1,0.9991377592086792,1
1,0.9999134540557861,1
1,0.9999983906745911,1
1,1.0,1
1,0.9928673505783081,1
1,1.0,1
1,1.0,1
1,1.0,1
1,0.0008383873500861228,0
1,1.0,1
1,1.0,1
1,0.4129803776741028,0
1,0.9991294741630554,1
1,0.9985681772232056,1
1,1.0,1
1,1.0,1
1,1.0,1
1,1.0,1
1,0.9875209927558899,1
1,1.0,1
1,1.0,1
1,0.9999075531959534,1
1,0.06699472665786743,0
1,0.9329826831817627,1
1,0.9999974370002747,1
1,0.2862175405025482,0
1,1.0,1
1,1.0,1
1,1.0,1
1,1.0,1
1,0.727537989616394,1
1,1.0,1
1,1.0,1
1,0.9999961853027344,1
1,1.0,1
1,1.0,1
1,0.999964714050293,1
1,0.9933533072471619,1
1,0.9999999403953552,1
1,1.0,1
1,1.0,1
1,1.0,1
1,0.004425389692187309,0
1,0.9881328344345093,1
1,0.9263442754745483,1
1,1.0,1
1,0.9939802885055542,1
1,0.9978336095809937,1
1,0.9741368889808655,1
1,0.9999995231628418,1
1,1.0,1
1,0.9999946355819702,1
1,1.0,1
1,0.999233067035675,1
1,0.9990478157997131,1
1,1.0,1
1,1.0,1
1,1.0,1
1,1.0,1
1,0.9999953508377075,1
1,1.0,1
1,1.0,1
1,1.0,1
1,0.9032058715820312,1
1,1.0,1
1,1.0,1
1,1.0,1
1,1.0,1
1,1.0,1
1,1.0,1
1,0.8277199268341064,1
1,1.0,1
1,1.0,1
1,1.0,1
1,1.0,1
1,1.0,1
1,0.9999305009841919,1
1,1.0,1
1,1.0,1
1,0.9990406036376953,1
1,1.0,1
1,0.964789628982544,1
1,0.8749159574508667,1
1,1.0,1
1,1.0,1
1,1.0,1
1,0.9928385019302368,1
1,1.0,1
1,0.9996770024299622,1
1,0.9999796152114868,1
1,0.9999940395355225,1
1,1.0,1
1,0.9986491799354553,1
1,1.0,1
1,0.8937838077545166,1
1,0.9999988079071045,1
1,0.9999213218688965,1
1,0.9999999403953552,1
1,0.9996590614318848,1
1,1.0,1
1,1.0,1
1,1.0,1
1,1.0,1
1,1.0,1
1,1.0,1
1,0.940880298614502,1
1,1.0,1
1,0.9992668628692627,1
1,0.9993256330490112,1
1,0.9998436570167542,1
1,0.01654975675046444,0
1,1.0,1
1,0.9985893964767456,1
1,0.8620548248291016,1
1,1.0,1
1,1.0,1
1,1.0,1
1,0.9997900724411011,1
1,0.9992064237594604,1
1,1.0,1
1,1.0,1
1,1.0,1
1,1.0,1
1,0.9999932050704956,1
1,1.0,1
1,0.887761652469635,1
1,0.9988574981689453,1
1,1.0,1
1,1.0,1
1,0.9999998211860657,1
1,1.0,1
1,1.0,1
1,1.0,1
1,1.0,1
1,1.0,1
1,1.0,1
1,1.0,1
1,1.0,1
1,1.0,1
1,0.7970626354217529,1
1,1.0,1
1,1.0,1
1,1.0,1
1,1.0,1
1,1.0,1
1,0.9999995827674866,1
1,1.0,1
1,0.9999914169311523,1
1,1.0,1
1,1.0,1
1,1.0,1
1,0.9999947547912598,1
1,0.9999998807907104,1
1,1.0,1
1,1.0,1
1,0.9999740719795227,1
1,0.999976396560669,1
1,0.9999949932098389,1
1,5.151735240360722e-05,0
1,1.0,1
1,0.21519772708415985,0
1,1.0,1
1,0.9323031306266785,1
1,1.0,1
1,1.0,1
1,1.0,1
1,0.9275047183036804,1
1,0.9997860193252563,1
1,1.0,1
1,0.999903678894043,1
1,1.0,1
1,0.9999846816062927,1
1,1.0,1
1,0.636317789554596,1
1,1.0,1
1,0.9999809265136719,1
1,0.9997050762176514,1
1,0.9999889731407166,1
1,0.9992625713348389,1
1,0.9995687007904053,1
1,1.0,1
1,0.9999998807907104,1
1,1.0,1
1,1.0,1
1,0.9999738335609436,1
1,1.0,1
1,0.9880641102790833,1
1,0.9851462841033936,1
1,0.9999607801437378,1
1,1.0,1
1,0.9997689127922058,1
1,1.0,1
1,1.0,1
1,1.0,1
1,0.9888477325439453,1
1,0.9999978542327881,1
1,0.9998639822006226,1
1,1.0,1
1,0.9959844350814819,1
1,1.0,1
1,1.0,1
1,0.9999995231628418,1
1,0.9993202090263367,1
1,0.9999520778656006,1
1,0.9884814620018005,1
1,0.9999043941497803,1
1,1.0,1
1,1.0,1
1,1.0,1
1,1.0,1
1,1.0,1
1,1.0,1
1,1.0,1
1,0.9999998807907104,1
1,0.9737648963928223,1
1,0.9959558844566345,1
1,0.9999997615814209,1
1,0.6676297783851624,1
1,1.0,1
1,0.8824307918548584,1
1,1.0,1
1,0.9998661279678345,1
1,1.0,1
1,1.0,1
1,1.0,1
1,0.9999998807907104,1
1,0.9900574088096619,1
1,1.0,1
1,1.0,1
1,1.0,1
1,1.0,1
1,0.6928101778030396,1
1,0.999910831451416,1
1,1.0,1
1,0.996935248374939,1
1,0.7741328477859497,1
1,1.0,1
1,0.9999703168869019,1
1,0.05877382308244705,0
1,0.6184664368629456,1
1,0.9964242577552795,1
1,1.0,1
1,1.0,1
1,1.0,1
1,0.9999582171440125,1
1,1.0,1
1,1.0,1
1,1.0,1
1,1.0,1
1,1.0,1
1,1.0,1
1,0.9999760389328003,1
1,0.9999976754188538,1
1,0.9997745752334595,1
1,1.0,1
1,1.0,1
1,0.999996542930603,1
1,0.9996876120567322,1
1,1.0,1
1,1.0,1
1,0.9914411306381226,1
1,0.7640112638473511,1
1,1.0,1
1,1.0,1
1,1.0,1
1,0.4762989282608032,0
1,1.0,1
1,1.0,1
1,1.0,1
1,1.0,1
1,0.9259353280067444,1
1,1.0,1
1,1.0,1
1,0.9998948574066162,1
1,0.0021753660403192043,0
1,0.9652343392372131,1
1,1.0,1
1,0.9999409914016724,1
1,1.0,1
1,0.9999549984931946,1
1,1.0,1
1,0.9999983906745911,1
1,1.0,1
1,0.9999938011169434,1
1,0.6923863887786865,1
1,1.0,1
1,0.9875916242599487,1
1,0.9999918937683105,1
1,1.0,1
1,1.0,1
1,1.0,1
1,0.9999998211860657,1
1,1.0,1
1,0.9999996423721313,1
1,0.9999858736991882,1
1,1.0,1
1,0.91000896692276,1
1,1.0,1
1,0.9999960064888,1
1,0.9999999403953552,1
1,1.0,1
1,0.999976634979248,1
1,0.9990981817245483,1
1,1.0,1
1,1.0,1
1,1.0,1
1,1.0,1
1,0.999964714050293,1
1,1.0,1
1,0.7932735681533813,1
1,1.0,1
1,0.9877671599388123,1
1,1.0,1
1,1.0,1
1,0.997158408164978,1
1,0.999999463558197,1
1,1.0,1
1,1.0,1
1,0.9221155643463135,1
1,0.9999998211860657,1
1,1.0,1
1,1.0,1
1,0.9903640747070312,1
1,1.0,1
1,1.0,1
1,1.0,1
1,0.9478086829185486,1
1,1.0,1
1,1.0,1
1,1.0,1
1,0.999409019947052,1
1,6.936317731742747e-06,0
1,1.0,1
1,1.0,1
1,0.9574985504150391,1
1,0.9975970387458801,1
1,0.9992848634719849,1
1,0.9999769926071167,1
1,0.8710823655128479,1
1,1.0,1
1,1.0,1
1,1.0,1
1,0.9999996423721313,1
1,0.9999971985816956,1
1,1.0,1
1,0.9999977350234985,1
1,1.0,1
1,0.998894453048706,1
1,0.9955747723579407,1
1,1.0,1
1,0.5874521732330322,1
1,1.0,1
1,0.9579450488090515,1
1,0.9999400973320007,1
1,1.0,1
1,1.0,1
1,1.0,1
1,0.9958254098892212,1
1,0.999998927116394,1
1,1.0,1
1,1.0,1
1,0.9999848008155823,1
1,1.0,1
1,1.0,1
1,0.784978449344635,1
1,0.9971203207969666,1
1,1.0,1
1,1.0,1
1,1.0,1
1,0.9999998807907104,1
1,1.0,1
1,1.0,1
1,0.5879963040351868,1
1,0.9999786019325256,1
1,0.4096449017524719,0
1,0.9999974370002747,1
1,0.9999852180480957,1
1,1.0,1
1,1.0,1
1,1.0,1
1,0.9999573230743408,1
1,1.0,1
1,0.9995509386062622,1
1,1.0,1
1,0.9997373819351196,1
1,0.9999990463256836,1
1,0.9984590411186218,1
1,1.0,1
1,0.9996792674064636,1
1,1.0,1
1,1.0,1
1,1.0,1
1,0.99632328748703,1
1,0.979480504989624,1
1,0.34544381499290466,0
1,1.0,1
1,1.0,1
1,1.0,1
1,0.999732255935669,1
1,1.0,1
1,1.0,1
1,0.9999909400939941,1
1,1.0,1
1,1.0,1
1,1.0,1
1,1.0,1
1,1.0,1
1,1.0,1
1,0.996826171875,1
1,1.0,1
1,1.0,1
1,0.9999994039535522,1
1,0.9870907068252563,1
1,1.0,1
1,1.0,1
1,1.0,1
1,0.9995497465133667,1
1,1.0,1
1,1.0,1
1,1.0,1
1,0.9785097241401672,1
1,0.9915751218795776,1
1,0.12493053078651428,0
1,1.0,1
1,0.9999997615814209,1
1,1.0,1
1,1.0,1
1,0.9944401383399963,1
1,0.9797465801239014,1
1,0.9999315142631531,1
1,0.7477662563323975,1
1,1.0,1
1,1.0,1
1,1.0,1
1,1.0,1
1,0.9998670816421509,1
1,1.0,1
1,1.0,1
1,0.995641827583313,1
1,0.9984961748123169,1
1,1.0,1
1,1.0,1
1,0.9999635219573975,1
1,0.9766126275062561,1
1,1.0,1
1,1.0,1
1,0.9993861317634583,1
1,1.0,1
1,0.9383331537246704,1
1,0.9868981242179871,1
1,0.7930241227149963,1
1,1.0,1
1,0.9997909069061279,1
1,0.148654505610466,0
1,0.9690854549407959,1
1,0.9995273947715759,1
1,1.0,1
1,1.0,1
1,1.0,1
1,0.9961944818496704,1
1,0.9998842477798462,1
1,0.9998000264167786,1
1,1.0,1
1,0.9999470710754395,1
1,1.0,1
1,1.0,1
1,1.0,1
1,1.0,1
1,1.0,1
1,1.0,1
1,0.9991844296455383,1
1,1.0,1
1,1.0,1
1,0.3757302165031433,0
1,1.0,1
1,1.0,1
1,1.0,1
1,1.0,1
1,1.0285443607926936e-09,0
1,1.0,1
1,0.9999992847442627,1
1,0.9999803304672241,1
1,1.0,1
1,1.0,1
1,0.9960594773292542,1
1,1.0,1
1,1.0,1
1,1.0,1
1,0.9999998807907104,1
1,1.0,1
1,1.0,1
1,1.0,1
1,1.0,1
1,0.14962300658226013,0
1,0.9999975562095642,1
1,1.0,1
1,0.7743039131164551,1
1,1.0,1
1,1.0,1
1,0.9999895095825195,1
1,1.0,1
1,1.0,1
1,1.0,1
1,0.9999369382858276,1
1,0.9999997615814209,1
1,1.0,1
1,1.0,1
1,0.9744860529899597,1
1,1.0,1
1,1.0,1
1,1.0,1
1,1.0,1
1,0.9997823238372803,1
1,0.5778768062591553,1
1,1.0,1
1,0.9999083280563354,1
1,1.0,1
1,1.0,1
1,1.0,1
1,1.0,1
1,1.0,1
1,0.9999978542327881,1
1,0.6624307036399841,1
1,1.0,1
1,0.9999998807907104,1
1,1.0,1
1,1.0,1
1,0.7288971543312073,1
1,0.9996058344841003,1
1,0.9987579584121704,1
1,0.9999964833259583,1
1,1.0,1
1,1.0,1
1,1.0,1
1,0.9999913573265076,1
1,1.0,1
1,1.0,1
1,0.9918351173400879,1
1,0.9823864698410034,1
1,0.9999697804450989,1
1,0.002498623449355364,0
1,0.999998927116394,1
1,1.0,1
1,1.0,1
1,1.0,1
1,0.9999585151672363,1
1,0.9999929070472717,1
1,1.0,1
1,1.0,1
1,0.9042346477508545,1
1,0.9999561905860901,1
1,1.0,1
1,0.001539758057333529,0
1,1.0,1
1,0.9999992847442627,1
1,1.0,1
1,0.999943196773529,1
1,0.7109071612358093,1
1,1.0,1
1,0.9997170567512512,1
1,1.0,1
1,1.0,1
1,1.0,1
1,0.6849212646484375,1
1,1.0,1
1,0.9842203855514526,1
1,1.0,1
1,0.9999256134033203,1
1,0.9989407062530518,1
1,0.9986639618873596,1
1,1.0,1
1,0.9999998807907104,1
1,0.9583178162574768,1
1,1.0,1
1,0.9712827801704407,1
1,0.9999973773956299,1
1,1.0,1
1,1.0,1
1,1.0,1
1,0.9998282194137573,1
1,1.0,1
1,0.9871388077735901,1
1,1.0,1
1,0.9814839959144592,1
1,1.0,1
1,0.9987987875938416,1
1,0.9999717473983765,1
1,1.0,1
1,0.9999812841415405,1
1,0.9998409748077393,1
1,0.999657154083252,1
1,1.0,1
1,1.0,1
1,0.9999998807907104,1
1,0.9999997615814209,1
1,0.9999631643295288,1
1,1.0,1
1,0.9998331069946289,1
1,1.0,1
1,0.9999439716339111,1
1,1.0,1
1,1.0,1
1,0.9995878338813782,1
1,1.0,1
1,0.9999997019767761,1
1,1.0,1
1,0.9999994039535522,1
1,1.0,1
1,0.19060851633548737,0
1,1.714936210662939e-20,0
1,0.9994491338729858,1
1,1.0,1
1,1.0,1
1,1.0,1
1,0.9904156923294067,1
1,1.0,1
1,1.0,1
1,0.9999721050262451,1
1,1.0,1
1,0.8353620767593384,1
1,0.9990977048873901,1
1,1.0,1
1,1.0,1
1,1.0,1
1,1.0,1
1,0.9999994039535522,1
1,1.0,1
1,0.9998563528060913,1
1,1.0,1
1,0.9999986290931702,1
1,1.0,1
1,1.0,1
1,0.999979555606842,1
1,0.9989305734634399,1
1,0.9999991059303284,1
1,0.9999873638153076,1
1,0.9999955892562866,1
1,0.20680971443653107,0
1,0.9999421238899231,1
1,1.0,1
1,1.0,1
1,0.9340283870697021,1
1,0.9999402165412903,1
1,0.9999186396598816,1
1,1.0,1
1,0.9999999403953552,1
1,1.0,1
1,1.0,1
1,0.9998229146003723,1
1,0.994279682636261,1
1,1.0,1
1,0.9642313122749329,1
1,0.9999999403953552,1
1,1.0,1
1,0.991927981376648,1
1,1.0,1
1,1.0,1
1,1.0,1
1,0.9999766945838928,1
1,1.0,1
1,1.0,1
1,0.9999992847442627,1
1,0.9991559982299805,1
1,0.9994046688079834,1
1,1.0,1
1,0.9376370310783386,1
1,1.0,1
1,1.0,1
1,0.9999998807907104,1
1,0.00011815153993666172,0
1,1.0,1
1,1.0,1
1,1.0,1
1,1.0,1
1,1.0,1
1,0.9905450344085693,1
1,1.0,1
1,0.9999997615814209,1
1,0.993817150592804,1
1,1.0,1
1,1.0,1
1,1.0,1
1,0.9824419021606445,1
1,0.9999957084655762,1
1,1.0,1
1,0.9999995827674866,1
1,1.0,1
1,0.9595427513122559,1
1,1.0,1
1,0.9994824528694153,1
1,1.0,1
1,1.0,1
1,0.9863253831863403,1
1,0.9999974966049194,1
1,1.0,1
1,0.9978488683700562,1
1,0.9999862909317017,1
1,0.9999979734420776,1
1,0.9931892156600952,1
1,1.0,1
1,0.7929021716117859,1
1,0.9999102354049683,1
1,1.0,1
1,1.0,1
1,1.0,1
1,1.0,1
1,1.0,1
1,1.0,1
1,1.0,1
1,0.9983388781547546,1
1,1.0,1
1,0.9999992251396179,1
1,0.9691044092178345,1
1,1.0,1
1,0.9999639987945557,1
1,0.999284565448761,1
1,1.0,1
1,1.0,1
1,1.0,1
1,0.9999734163284302,1
1,1.0,1
1,0.9999916553497314,1
1,1.0,1
1,0.9999610185623169,1
1,0.9999998807907104,1
1,0.9328579306602478,1
1,0.9999983906745911,1
1,0.9999991059303284,1
1,1.0,1
1,0.9999955892562866,1
1,0.7311640381813049,1
1,1.0,1
1,1.0,1
1,0.9999769926071167,1
1,0.999994158744812,1
1,0.9999977350234985,1
1,1.0,1
1,0.9298705458641052,1
1,0.9999951124191284,1
1,0.980553925037384,1
1,1.0,1
1,1.0,1
1,0.2402256727218628,0
1,0.9999071359634399,1
1,0.9999496340751648,1
1,1.0,1
1,0.9999927878379822,1
1,1.0,1
1,0.9964112043380737,1
1,1.0,1
1,0.9999152421951294,1
1,1.0,1
1,1.0,1
1,0.9994410276412964,1
1,0.999921977519989,1
1,1.0,1
1,1.0,1
1,1.0,1
1,0.19670242071151733,0
1,1.1532076967670461e-16,0
1,0.9493857622146606,1
1,1.0,1
1,0.9781179428100586,1
1,0.4637855291366577,0
1,0.9999991655349731,1
1,1.0,1
1,0.9999315142631531,1
1,0.029932241886854172,0
1,1.0,1
1,1.0,1
1,1.0,1
1,0.45249173045158386,0
1,1.0,1
1,1.0,1
1,1.0,1
1,1.0,1
1,0.9996734857559204,1
1,1.0,1
1,0.9999918341636658,1
1,1.0,1
1,1.0,1
1,0.9991732835769653,1
1,0.9964088201522827,1
1,0.9965437054634094,1
1,1.0,1
1,1.0,1
1,1.0,1
1,1.0,1
1,0.9937502145767212,1
1,0.20791855454444885,0
1,0.9995821714401245,1
1,0.9817649126052856,1
1,1.0,1
1,1.0,1
1,0.9688756465911865,1
1,1.0,1
1,0.9993380308151245,1
1,1.0,1
1,1.0,1
1,1.0,1
1,0.9956095218658447,1
1,0.996080756187439,1
1,1.0,1
1,1.0,1
1,0.9988105297088623,1
1,1.0,1
0,3.053355044357886e-07,0
0,0.19650845229625702,0
0,3.443083755882981e-07,0
0,0.14972487092018127,0
0,1.3440666180031258e-06,0
0,1.9314204564579995e-06,0
0,2.64237633018638e-06,0
0,9.43105171460628e-32,0
0,5.107734614284709e-05,0
0,1.3964185710535482e-12,0
0,3.8268635391539256e-20,0
0,0.00046442775055766106,0
0,0.018928702920675278,0
0,0.0017010081792250276,0
0,9.640803771796176e-21,0
0,0.010268032550811768,0
0,1.7604936175530383e-08,0
0,1.5722881980748116e-12,0
0,3.1099589693588375e-15,0
0,2.0689754097286736e-21,0
0,2.2292168382499061e-13,0
0,1.1538622857187875e-07,0
0,0.0011633257381618023,0
0,0.6761090159416199,1
0,0.7263081669807434,1
0,5.34641415583792e-08,0
0,0.00010621531691867858,0
0,7.395208340285012e-15,0
0,3.384122693220698e-31,0
0,3.209405831372525e-12,0
0,7.291864676517434e-06,0
0,3.4008593718937163e-09,0
0,9.877525186663405e-11,0
0,8.860277428163426e-23,0
0,1.2711401870544127e-26,0
0,5.058671740698628e-05,0
0,5.315027584718024e-11,0
0,0.07184503972530365,0
0,2.299388173063323e-34,0
0,5.258291212067945e-39,0
0,2.5830071588572867e-12,0
0,4.047650872962549e-05,0
0,1.1896486400153616e-11,0
0,1.2782802372157676e-08,0
0,1.154063067694875e-16,0
0,6.753248840141168e-07,0
0,2.3872293031246272e-09,0
0,9.334614106343068e-29,0
0,2.631101651062387e-16,0
0,1.684554990788456e-05,0
0,0.9999427199363708,1
0,0.008989738300442696,0
0,5.101876386637283e-12,0
0,0.00047508784336969256,0
0,0.0203317329287529,0
0,4.141899791333903e-17,0
0,2.8546617613756098e-05,0
0,3.0864276823194814e-07,0
0,6.959479037504934e-08,0
0,6.763167448298191e-07,0
0,5.778500507952478e-13,0
0,8.246572178904898e-06,0
0,9.623295937899456e-09,0
0,6.93223591952119e-06,0
0,5.156226507097017e-06,0
0,2.9960124658945375e-11,0
0,0.9989965558052063,1
0,0.03725007176399231,0
0,2.253748737758392e-16,0
0,6.04221099820279e-07,0
0,0.000900937884580344,0
0,1.2879445121755578e-19,0
0,5.568337257955136e-08,0
0,0.0005817863275296986,0
0,1.5736695800627754e-12,0
0,3.2568244768360437e-16,0
0,8.542558327384597e-11,0
0,6.677853525616229e-05,0
0,4.865505616180599e-07,0
0,1.7743079675070171e-22,0
0,0.0020743156783282757,0
0,0.786482036113739,1
0,4.9083340854849666e-05,0
0,7.725979855877085e-09,0
0,5.398859502747655e-05,0
0,5.82421307626646e-06,0
0,2.058263498874724e-12,0
0,2.8782462573253423e-27,0
0,4.205652753136446e-12,0
0,5.460409208124517e-11,0
0,0.001030719606205821,0
0,2.7033205404131255e-18,0
0,4.428375177667476e-06,0
0,1.3630726743228037e-19,0
0,5.577458116619091e-19,0
0,0.002225299132987857,0
0,3.434196720400462e-12,0
0,1.3618625416711438e-05,0
0,5.080503292370642e-12,0
0,8.119219991892029e-39,0
0,3.52648434765475e-24,0
0,2.0616100826487127e-08,0
0,8.718695210241378e-10,0
0,3.474672048407853e-36,0
0,1.4588938945792052e-09,0
0,0.0009142338531091809,0
0,0.0006904929759912193,0
0,4.3019363062804306e-20,0
0,1.1282507567100808e-10,0
0,0.011207981035113335,0
0,2.2550142602995038e-05,0
0,5.802763780593523e-07,0
0,4.004552737192128e-17,0
0,2.666555703039476e-25,0
0,2.3905335655096207e-18,0
0,3.5456216836913775e-17,0
0,1.8044892280376835e-28,0
0,2.924820317864615e-17,0
0,0.0023336452431976795,0
0,4.426156507975065e-08,0
0,8.153710223268718e-05,0
0,2.7526738222150016e-08,0
0,1.456736620220056e-09,0
0,0.0016413198318332434,0
0,0.0001062436931533739,0
0,1.4707895342716722e-14,0
0,3.090688122775855e-15,0
0,8.52407993079396e-08,0
0,0.8896349668502808,1
0,0.0003365918528288603,0
0,4.675858442498928e-18,0
0,1.421762041431407e-09,0
0,1.309653718806203e-08,0
0,0.0033344649709761143,0
0,4.128522874566343e-24,0
0,2.317117349143145e-30,0
0,5.230099339725847e-12,0
0,0.010251907631754875,0
0,3.118086518150154e-12,0
0,4.3197568579226046e-16,0
0,6.069461526050451e-19,0
0,0.001888238824903965,0
0,5.3899173508398235e-05,0
0,1.6862962374224967e-34,0
0,3.0250917737581137e-15,0
0,0.5734519958496094,1
0,1.438608596456851e-38,0
0,4.0928571252152324e-05,0
0,0.015498906373977661,0
0,0.0008510021143592894,0
0,6.968002708163112e-08,0
0,1.3149242064386824e-15,0
0,8.86522577570048e-10,0
0,2.868488457881917e-16,0
0,0.0007163761183619499,0
0,2.6519438771702153e-13,0
0,3.9562536580106666e-10,0
0,3.026767990377266e-05,0
0,0.000819653389044106,0
0,1.2155663853263832e-07,0
0,4.748904029838741e-05,0
0,5.800332436578515e-11,0
0,2.1864348143731335e-18,0
0,2.3092936263579758e-39,0
0,1.329883843936841e-06,0
0,4.274580518499668e-22,0
0,5.139096703743462e-09,0
0,0.00045344902900978923,0
0,4.183410419500433e-05,0
0,0.05414504185318947,0
0,2.9032151682706342e-11,0
0,0.0024694143794476986,0
0,7.21457035979256e-05,0
0,0.00042642265907488763,0
0,0.8384885787963867,1
0,3.721252596733393e-06,0
0,1.2953708505847317e-07,0
0,0.00017646720516495407,0
0,6.512605068564881e-06,0
0,0.002824625000357628,0
0,1.6430999494332355e-07,0
0,0.0006907391361892223,0
0,0.9873946905136108,1
0,9.03844700690763e-27,0
0,5.104802461715345e-19,0
0,1.4016570632949652e-20,0
0,1.8824829695063272e-08,0
0,1.5556270227534696e-05,0
0,9.197745384881273e-05,0
0,1.430102458574633e-22,0
0,0.9851179718971252,1
0,8.226701098124067e-09,0
0,1.4539616621789264e-08,0
0,0.42181700468063354,0
0,1.5176658507698448e-06,0
0,1.5925923007286263e-26,0
0,0.09581078588962555,0
0,1.1323901816240323e-08,0
0,3.795035445364192e-05,0
0,0.0001689231430646032,0
0,8.167263132463631e-08,0
0,5.35060007678112e-06,0
0,3.0886801649999396e-17,0
0,5.5815684986784166e-15,0
0,0.0158633254468441,0
0,3.0357487634802283e-09,0
0,2.27612577674563e-08,0
0,6.851487313598266e-31,0
0,1.478952071920503e-07,0
0,1.322377407575459e-08,0
0,2.0358054398941864e-16,0
0,1.891284390617654e-27,0
0,3.169741961852983e-14,0
0,0.0007439082255586982,0
0,2.2622742790190387e-08,0
0,4.349930970981575e-10,0
0,8.024460112210363e-05,0
0,2.961203371398824e-08,0
0,0.0006746529252268374,0
0,3.877462617651872e-08,0
0,0.7248532772064209,1
0,2.713665026021772e-07,0
0,1.9827143941421321e-13,0
0,0.0002875112695619464,0
0,1.338517296133046e-12,0
0,1.4515311695662003e-12,0
0,2.6070766878660834e-08,0
0,1.1663596310995672e-08,0
0,1.2838066165699047e-09,0
0,1.942224159279249e-12,0
0,6.291911436306918e-13,0
0,0.00015968368097674102,0
0,6.724370104520868e-15,0
0,4.680149686464574e-06,0
0,1.570324820932001e-05,0
0,0.003144810674712062,0
0,0.010296265594661236,0
0,0.03396797552704811,0
0,5.021396987103799e-07,0
0,4.654258207135997e-13,0
0,1.9932477516636542e-20,0
0,0.0010189152089878917,0
0,0.0010841622715815902,0
0,3.7169355451611357e-33,0
0,1.7249776128030148e-25,0
0,4.765957419294864e-05,0
0,5.3208392358783385e-08,0
0,9.002991987472342e-07,0
0,1.1320260497341763e-16,0
0,0.03648722171783447,0
0,1.804015945800178e-30,0
0,5.1243806635917387e-20,0
0,0.9381684064865112,1
0,2.058615109490347e-06,0
0,7.087300524233342e-09,0
0,0.11899450421333313,0
0,0.0003241462109144777,0
0,6.318553641904145e-05,0
0,3.5231090578236035e-07,0
0,9.918342189219054e-12,0
0,0.004159733187407255,0
0,6.755588926807277e-13,0
0,7.961404581876089e-27,0
0,1.2806427653315256e-36,0
0,2.837083623585812e-10,0
0,1.1728931714749535e-10,0
0,7.94791682012623e-15,0
0,3.2205563911702484e-05,0
0,5.832281814617535e-13,0
0,3.4600705005154164e-13,0
0,0.001101064495742321,0
0,4.71723410555569e-07,0
0,1.659616610805159e-10,0
0,0.00011246664507780224,0
0,0.0,0
0,1.431884720659582e-05,0
0,0.019832678139209747,0
0,1.7873046591798123e-18,0
0,1.5494751370246377e-18,0
0,1.2389893981890054e-06,0
0,0.007586839608848095,0
0,0.08551674336194992,0
0,9.597534572636235e-11,0
0,0.019541747868061066,0
0,0.0003802246064879,0
0,0.010632934048771858,0
0,6.0060297361349e-23,0
0,2.0323782651802567e-15,0
0,4.824502811499404e-20,0
0,6.348495062979964e-09,0
0,5.351500476535875e-06,0
0,0.0,0
0,1.3415334251476452e-05,0
0,5.895184585824609e-06,0
0,1.002194494503783e-05,0
0,0.5632482767105103,1
0,2.4683331529400403e-16,0
0,6.528955509566003e-07,0
0,0.0,0
0,2.2282723689851468e-17,0
0,8.475835013426107e-32,0
0,0.7998119592666626,1
0,2.8638691192560323e-21,0
0,0.14566537737846375,0
0,3.5565592497732723e-06,0
0,6.277980719460174e-05,0
0,1.147832830513811e-26,0
0,2.6803537184365033e-23,0
0,3.571114177702839e-07,0
0,0.2678130269050598,0
0,5.249479739788399e-10,0
0,5.653112797755072e-14,0
0,1.6160041083068677e-09,0
0,0.0021820710971951485,0
0,2.1162357890375239e-13,0
0,1.5027348829220226e-19,0
0,3.7465373026179805e-09,0
0,1.3043931819243403e-23,0
0,0.481669545173645,0
0,1.3276823665364645e-05,0
0,3.480366971155678e-22,0
0,2.4599333918999154e-15,0
0,0.0007315828115679324,0
0,5.8320958570042946e-15,0
0,3.4348827964677797e-18,0
0,3.480827444946044e-06,0
0,3.7956773902494227e-17,0
0,0.035024844110012054,0
0,8.372564929770912e-15,0
0,0.00016558119386900216,0
0,0.016628149896860123,0
0,9.532606648487985e-11,0
0,3.654058563468543e-26,0
0,2.7011878955818247e-08,0
0,7.846495897674169e-27,0
0,2.1839534643864466e-22,0
0,1.874883288308397e-15,0
0,0.004356353543698788,0
0,8.969943253802582e-18,0
0,9.153906799230782e-11,0
0,2.4374207808796223e-33,0
0,9.184480077979433e-39,0
0,2.6028054378457455e-08,0
0,7.305901306153828e-08,0
0,0.4561017155647278,0
0,1.80633197288671e-08,0
0,7.67823912090071e-12,0
0,0.00041336013237014413,0
0,4.812572992985314e-20,0
0,0.0012663319939747453,0
0,6.734194535340521e-09,0
0,0.00019094740855507553,0
0,8.145384340570204e-16,0
0,3.1381332519231364e-06,0
0,1.2383132103814358e-14,0
0,2.71294403608735e-10,0
0,0.014890046790242195,0
0,2.3215893634187523e-06,0
0,0.008503939025104046,0
0,6.763625033309739e-13,0
0,1.8547753614152904e-15,0
0,2.4211557238251746e-13,0
0,0.04025709256529808,0
0,3.506203963243327e-18,0
0,1.0864953381428677e-09,0
0,7.709843885095324e-06,0
0,0.005940951872617006,0
0,0.00035034053144045174,0
0,1.8399328891021495e-25,0
0,1.5519186544035135e-19,0
0,2.748537895058689e-07,0
0,5.245201606385308e-09,0
0,4.881958375335671e-05,0
0,2.2446866410064104e-07,0
0,6.400045822374523e-05,0
0,7.71518170950003e-05,0
0,1.8043208456219872e-06,0
0,3.22470028702233e-19,0
0,1.0947585747005453e-13,0
0,0.05057518929243088,0
0,3.561605694812897e-07,0
0,1.1659579286060762e-05,0
0,7.375017263555605e-12,0
0,0.0019624298438429832,0
0,9.816221790970303e-06,0
0,1.0677189444191603e-17,0
0,1.4546654938385473e-06,0
0,0.011231573298573494,0
0,0.9980993270874023,1
0,1.6213157039146608e-07,0
0,2.8998014926784332e-12,0
0,0.0006815822562202811,0
0,1.6245587774327275e-12,0
0,2.8060218028258532e-05,0
0,4.443188572622603e-06,0
0,0.9823922514915466,1
0,5.48883544979617e-05,0
0,0.000285524467471987,0
0,3.4187621266931756e-13,0
0,0.993806779384613,1
0,6.674529231531778e-06,0
0,1.0883764112179506e-08,0
0,7.320157813239803e-09,0
0,6.593702710233629e-05,0
0,3.788339108089935e-29,0
0,5.570218363064327e-17,0
0,2.1474816008908734e-37,0
0,2.0445622636733517e-29,0
0,0.17953434586524963,0
0,7.772954155327305e-12,0
0,6.464677647393194e-25,0
0,2.857597445888975e-14,0
0,8.05145997070298e-30,0
0,0.0033432478085160255,0
0,0.010964703746140003,0
0,2.4042979930527508e-05,0
0,0.0009499040897935629,0
0,8.574717325071646e-12,0
0,0.14070114493370056,0
0,2.2762102187152374e-24,0
0,1.0911568097071722e-05,0
0,0.004601360764354467,0
0,1.6513015399510778e-09,0
0,0.001595706446096301,0
0,2.2123873577584163e-07,0
0,7.7355926109135e-09,0
0,1.5174535693056687e-17,0
0,4.924038954357002e-10,0
0,0.05054984241724014,0
0,8.398891964134236e-07,0
0,3.0474744949771093e-10,0
0,1.6086817988814062e-10,0
0,0.7631147503852844,1
0,1.6338240202995315e-24,0
0,1.0709879621999698e-18,0
0,0.0003182280925102532,0
0,1.1867562488276917e-09,0
0,2.8256920359126525e-07,0
0,1.7379838887499055e-11,0
0,1.9810038054401957e-09,0
0,0.16687703132629395,0
0,0.00024101170129142702,0
0,3.2314369491359685e-07,0
0,7.936250293407911e-21,0
0,2.752299010921888e-08,0
0,4.9233625759370625e-05,0
0,2.3388612552764643e-13,0
0,5.579569460678613e-06,0
0,7.730680954409763e-05,0
0,3.5160067223551536e-21,0
0,8.837216514123725e-10,0
0,1.5586629160679877e-06,0
0,0.9999259114265442,1
0,6.357537326445728e-12,0
0,1.1017912276978237e-11,0
0,1.9274139049230143e-06,0
0,0.00020689547818619758,0
0,0.005816286895424128,0
0,6.497579186857216e-27,0
0,0.029223404824733734,0
0,3.7434601836139336e-05,0
0,5.627573953513391e-25,0
0,7.316997640543036e-39,0
0,2.711764537984345e-37,0
0,2.2494585324241612e-18,0
0,7.995087746145643e-14,0
0,1.0187731769306652e-09,0
0,7.128488960006507e-06,0
0,5.9353802498662844e-05,0
0,1.0453122648791623e-22,0
0,6.081155845549802e-08,0
0,1.0227357873737303e-17,0
0,0.8642926216125488,1
0,3.0841822429295007e-09,0
0,4.102600723854266e-05,0
0,8.469262636431564e-30,0
0,3.39445173358488e-11,0
0,4.393810739928813e-19,0
0,0.9152035713195801,1
0,1.3676781236426905e-05,0
0,0.6921787858009338,1
0,7.730283080320532e-09,0
0,4.6246946112660225e-06,0
0,0.00030375950154848397,0
0,2.5768469389536586e-12,0
0,2.1556566309755e-08,0
0,0.08736713230609894,0
0,3.725556598510593e-05,0
0,0.04806792736053467,0
0,0.18693694472312927,0
0,3.632534935604781e-05,0
0,6.637374783307921e-21,0
0,8.70936219143914e-06,0
0,0.0017121764831244946,0
0,1.1577506264579272e-18,0
0,0.0020184582099318504,0
0,1.5315514427495645e-32,0
0,2.623819270571074e-40,0
0,7.76009151908966e-20,0
0,5.1490644636942307e-08,0
0,1.3791374158245162e-06,0
0,0.0008512575877830386,0
0,0.008843929506838322,0
0,2.3843190533057168e-08,0
0,9.905808110488579e-05,0
0,0.0006500360905192792,0
0,1.4431467132425269e-09,0
0,3.783047004040228e-17,0
0,2.4575475876531527e-08,0
0,6.116348959039897e-05,0
0,5.891071186425734e-09,0
0,0.0006582177011296153,0
0,2.1547205619754095e-07,0
0,0.0,0
0,7.474663021866945e-08,0
0,7.632939968971186e-07,0
0,1.2382578461256344e-05,0
0,7.690818272988416e-22,0
0,7.880023076722864e-06,0
0,0.0002898737438954413,0
0,0.47524434328079224,0
0,1.9298231901387908e-09,0
0,3.274187838542275e-05,0
0,1.045035395285769e-26,0
0,0.006317942403256893,0
0,7.563478447991656e-07,0
0,4.5015751270287e-16,0
0,0.002522600581869483,0
0,6.30479447456662e-24,0
0,1.3843381736072802e-12,0
0,5.093016284263285e-07,0
0,0.00012847568723373115,0
0,6.973613784415182e-15,0
0,1.3572873727718537e-11,0
0,0.2647117078304291,0
0,1.3547664885030642e-19,0
0,1.5813713041627437e-17,0
0,0.007018164731562138,0
0,1.4587505194670752e-13,0
0,1.6862163647601847e-06,0
0,5.829567939485969e-10,0
0,8.850114681990817e-06,0
0,0.0019317674450576305,0
0,6.661544823790069e-14,0
0,2.0800664318689106e-15,0
0,0.01217565219849348,0
0,1.9672787010538428e-10,0
0,4.552028677619127e-18,0
0,1.3276500794745516e-05,0
0,4.51582808896186e-26,0
0,1.1770964647439541e-07,0
0,3.003523861913604e-12,0
0,1.4161022072849139e-13,0
0,7.736165571259335e-05,0
0,1.1725540616312324e-16,0
0,0.12151112407445908,0
0,0.9973811507225037,1
0,0.11874274909496307,0
0,0.0004905115347355604,0
0,3.132647759394456e-25,0
0,0.0002901463012676686,0
0,2.800652418311067e-11,0
0,2.507524550310336e-05,0
0,9.031109193813336e-13,0
0,0.02112657204270363,0
0,0.0007091203005984426,0
0,5.733503082028246e-12,0
0,0.0003987356903962791,0
0,1.1512722199180647e-11,0
0,2.525797839532759e-29,0
0,5.297994789543736e-07,0
0,9.13448403601816e-17,0
0,0.0031063598580658436,0
0,9.187188117256611e-27,0
0,0.00012530734238680452,0
0,0.07356426864862442,0
0,0.02063874714076519,0
0,1.4059482473637724e-13,0
0,3.093990179076772e-13,0
0,4.250542437449169e-18,0
0,0.0003797788522206247,0
0,2.928776554611545e-09,0
0,2.9793924488999424e-13,0
0,3.562898200470954e-06,0
0,7.056840445329726e-08,0
0,7.746837805292676e-26,0
0,3.2018195383898274e-07,0
0,6.537782468174491e-13,0
0,1.530182647258016e-09,0
0,0.01177529338747263,0
0,0.0012778639793395996,0
0,3.5532459605747135e-06,0
0,0.0001929720165207982,0
0,4.4819908895377125e-10,0
0,1.5809002718025766e-10,0
0,3.3052423532353714e-05,0
0,1.041335599438753e-05,0
0,6.406852293139309e-08,0
0,0.0,0
0,4.780970994033851e-05,0
0,9.5928326046546e-12,0
0,0.09623739868402481,0
0,8.394519568355463e-07,0
0,0.01231358852237463,0
0,9.716959539218806e-06,0
0,6.360283411055434e-10,0
0,5.1667881778572067e-11,0
0,1.527250209436802e-14,0
0,0.0002071283379336819,0
0,4.809359961654991e-05,0
0,7.275544078311214e-08,0
0,0.17503765225410461,0
0,3.466251662097505e-23,0
0,2.503442738088779e-05,0
0,0.9299914836883545,1
0,1.4968986761232372e-06,0
0,1.3282425825877908e-08,0
0,4.03760952984876e-21,0
0,2.1225111710715717e-22,0
0,6.875003740013945e-20,0
0,6.85369026830878e-19,0
0,2.0311149984131305e-10,0
0,0.0010077537735924125,0
0,1.0639891745434227e-10,0
0,0.0012220521457493305,0
0,0.00014183917664922774,0
0,8.605452603660524e-05,0
0,2.7375907096782726e-10,0
0,1.5170118850341141e-12,0
0,1.1420763416507235e-22,0
0,1.568535876923681e-29,0
0,9.384389793032355e-11,0
0,2.4091459636110812e-06,0
0,0.01623016968369484,0
0,0.00016772447270341218,0
0,0.9316067099571228,1
0,4.0472900017373e-23,0
0,4.23020868363139e-18,0
0,9.803225745140353e-25,0
0,1.1947692613034633e-08,0
0,0.0001355977583443746,0
0,8.340375643456355e-05,0
0,8.661626971218084e-12,0
0,0.0004460589261725545,0
0,5.162909997231786e-17,0
0,1.5831689736955923e-08,0
0,2.645988795093885e-14,0
0,2.1953737384863142e-13,0
0,1.4946628379419735e-09,0
0,0.007662569172680378,0
0,2.0011522394725034e-07,0
0,0.00015422645083162934,0
0,4.571057768409936e-11,0
0,3.3440285278629744e-06,0
0,0.028848521411418915,0
0,7.335113262223764e-20,0
0,7.975602537789597e-37,0
0,0.012813580222427845,0
0,0.00035489126457832754,0
0,5.2564780211458245e-18,0
0,0.11358024179935455,0
0,7.681437408889324e-13,0
0,3.0822054977730495e-12,0
0,1.2970347597729415e-05,0
0,0.0003251364396419376,0
0,0.9999244809150696,1
0,7.36911403009799e-08,0
0,7.425831867816091e-13,0
0,4.8130368668353185e-06,0
0,0.01840830035507679,0
0,0.000719480449333787,0
0,0.0004738630377687514,0
0,0.9898364543914795,1
0,1.564153571476188e-14,0
0,0.0009151125559583306,0
0,0.09792542457580566,0
0,0.00045424437848851085,0
0,5.863870153333117e-12,0
0,3.766461751479771e-25,0
0,4.671593342209235e-05,0
0,6.373823246974553e-09,0
0,2.734893496381119e-05,0
0,2.9847888072254136e-05,0
0,4.045077404670336e-23,0
0,2.022549381308636e-07,0
0,3.6988151919103984e-07,0
0,0.00033934094244614244,0
0,6.045262068710144e-08,0
0,1.5092787180037703e-05,0
0,0.0011736842570826411,0
0,3.95454339847251e-13,0
0,1.2947718914801953e-06,0
0,8.96851452125702e-06,0
0,1.909696289785333e-21,0
0,0.0013408508384600282,0
0,0.0011693729320541024,0
0,1.2286085620871745e-05,0
0,7.902991569032401e-16,0
0,0.0028453951235860586,0
0,7.885989394319521e-15,0
0,7.14840382544569e-23,0
0,5.894747580684201e-13,0
0,0.9453549385070801,1
0,8.178687494364567e-06,0
0,5.81374344824602e-14,0
0,4.780802100867731e-07,0
0,3.209323640174233e-10,0
0,5.755813603514071e-10,0
0,2.6087091598014922e-08,0
0,7.438617330990382e-07,0
0,4.253131304732752e-29,0
0,0.0001776157587300986,0
0,1.1174383928954617e-18,0
0,0.00010462551290402189,0
0,0.06926605850458145,0
0,2.4085523072508996e-12,0
0,0.014111226424574852,0
0,1.037653740709743e-09,0
0,0.02884284406900406,0
0,1.2430322726686427e-07,0
0,9.905802471621428e-07,0
0,2.4823590138112195e-05,0
0,2.6597812841089308e-09,0
0,3.807607007466629e-10,0
0,7.204588037268422e-10,0
0,4.2066803057454194e-13,0
0,4.319397532981384e-07,0
0,9.120857393479206e-18,0
0,8.672604301374065e-12,0
0,5.7401721278438345e-06,0
0,8.687973673815463e-10,0
0,3.2315480152922404e-11,0
0,2.4052620105060093e-32,0
0,0.005676620174199343,0
0,4.571199428420353e-20,0
0,0.10523302108049393,0
0,0.01914004236459732,0
0,1.2678928840159642e-07,0
0,6.424226040024905e-09,0
0,2.7053435880386445e-11,0
0,2.2118379092717078e-06,0
0,7.2469061862534545e-09,0
0,1.123084416576603e-07,0
0,5.466918485860606e-25,0
0,1.822885315050371e-05,0
0,1.4715021201539003e-08,0
0,1.3511622488356118e-27,0
0,8.170852379407734e-05,0
0,0.08871092647314072,0
0,5.271084901892209e-08,0
0,5.3790886340721045e-06,0
0,1.8819189335772535e-06,0
0,1.7938170480263915e-12,0
0,3.072552878791157e-09,0
0,0.4554922878742218,0
0,2.9754391259065403e-15,0
0,6.90333909005858e-05,0
0,8.719812730964698e-29,0
0,3.707372968619893e-07,0
0,0.0013165047857910395,0
0,0.006807832978665829,0
0,0.0006644944078288972,0
0,0.00044931418960914016,0
0,2.3740449710263345e-12,0
0,1.4379941126198802e-14,0
0,2.7210822395318246e-07,0
0,0.8616943359375,1
0,0.001997553277760744,0
0,0.0002909388276748359,0
0,3.889055493494819e-17,0
0,1.169762811059627e-07,0
0,2.7949726078795727e-21,0
0,3.1240394097992825e-15,0
0,3.912167449016124e-05,0
0,1.00833675176909e-12,0
0,5.849219898582461e-14,0
0,5.083558789920062e-05,0
0,1.713909093115907e-26,0
0,2.108678387457985e-08,0
0,5.1977349507792425e-11,0
0,3.531459014993743e-06,0
0,8.697985813316257e-32,0
0,0.0033245915547013283,0
0,0.004259863868355751,0
0,4.362756200748663e-08,0
0,1.759665816946588e-16,0
0,2.225619832371261e-16,0
0,0.00011571381764952093,0
0,0.0028951489366590977,0
0,1.572076192901424e-18,0
0,5.547929049498634e-06,0
0,5.433927267840203e-15,0
0,0.2064557671546936,0
0,6.562644871976886e-11,0
0,2.6736981340036436e-07,0
0,6.242583284130465e-35,0
0,3.7769006672183636e-11,0
0,0.00011711306433426216,0
0,3.74516737067232e-11,0
0,4.750396964681158e-09,0
0,1.5977999282767996e-05,0
0,2.339342912091591e-12,0
0,9.547653334607276e-09,0
0,0.005750276613980532,0
0,1.0663334516282573e-21,0
0,2.2741105567547493e-06,0
0,4.095972627737865e-08,0
0,1.4929637473127546e-20,0
0,3.6076373817195417e-06,0
0,1.9652006244541553e-08,0
0,0.00028484928770922124,0
0,6.409031058224775e-19,0
0,3.751815484065446e-06,0
0,3.307706081821824e-23,0
0,0.07423045486211777,0
0,3.486597015931879e-23,0
0,2.5269655888181947e-14,0
0,1.0438602364680542e-30,0
0,3.955779703801454e-08,0
0,5.2644407930180215e-12,0
0,7.722470763837919e-05,0
0,3.6628818034234456e-11,0
0,5.1417430313449586e-09,0
0,0.01038680225610733,0
0,8.335695156347356e-08,0
0,4.3784058334495057e-07,0
0,5.722645710193319e-06,0
0,2.3602195753369415e-09,0
0,8.957809130962294e-14,0
0,4.374181485498988e-20,0
0,0.5268226861953735,1
0,0.33628344535827637,0
0,9.562809745455869e-12,0
0,6.64530016365461e-05,0
0,2.1068950672997744e-07,0
0,1.0565429468676257e-15,0
0,9.984818333475463e-20,0
0,7.24560595699586e-05,0
0,2.081207105757976e-31,0
0,0.0017651409143581986,0
0,0.0068685393780469894,0
0,4.2275007672287757e-07,0
0,1.5669167636905497e-21,0
0,3.0334854272950906e-07,0
0,0.9921194314956665,1
0,0.056302424520254135,0
0,1.0,1
0,1.5851478463169144e-10,0
0,0.0006308673764578998,0
0,0.156517893075943,0
0,0.7969717979431152,1
0,2.4146299892890966e-06,0
0,7.854027409609146e-22,0
0,0.5601516962051392,1
0,3.013138722739147e-17,0
0,6.282382969402533e-08,0
0,1.8561878081292207e-29,0
0,0.9991199374198914,1
0,0.043948374688625336,0
0,2.044805285095208e-07,0
0,2.104801023961045e-05,0
0,1.7602825863605176e-09,0
0,2.5142932180699518e-09,0
0,0.0012033297680318356,0
0,0.0005080382106825709,0
0,5.512073436575449e-11,0
0,0.00017953605856746435,0
0,0.07198669761419296,0
0,0.020062321797013283,0
0,3.8747148209949955e-06,0
0,3.64026527677197e-06,0
0,4.945618025352372e-14,0
0,1.6176413737412076e-06,0
0,0.09728892147541046,0
0,0.0003960452158935368,0
0,7.395241861055553e-21,0
0,8.070486364886165e-05,0
0,1.7377177663966725e-19,0
0,3.0558608494348227e-22,0
0,1.131615476879233e-06,0
0,0.00011334296868881211,0
0,0.003680230351164937,0
0,2.5992716473410837e-05,0
0,3.9032736517532183e-25,0
0,0.00387664046138525,0
0,0.0001146879221778363,0
0,6.755362491617234e-09,0
0,4.768962782048794e-16,0
0,2.7270333733552974e-15,0
0,3.763600986417259e-09,0
0,0.00534800486639142,0
0,2.730090379782026e-18,0
0,4.1565517694408527e-10,0
0,1.3660489628364303e-08,0
0,4.28098275051525e-07,0
0,8.148443483244691e-29,0
0,1.3482580470736139e-05,0
0,8.566939645971475e-33,0
0,0.9962735772132874,1
0,0.2836592197418213,0
0,1.1986609038672214e-08,0
0,6.585124992852798e-06,0
0,2.394267543828852e-14,0
0,0.000521389301866293,0
0,3.455248309691683e-10,0
0,1.855547907325672e-06,0
0,0.0012555327266454697,0
0,0.7662489414215088,1
0,1.4564768207492307e-05,0
0,0.5147088766098022,1
0,1.7039768289551572e-24,0
0,0.01234474591910839,0
0,1.9478873809070096e-13,0
0,0.00011520428961375728,0
0,0.025964852422475815,0
0,5.492089893976981e-09,0
0,9.489294226222166e-17,0
0,5.407526870726542e-09,0
0,0.00022201654792297632,0
0,0.00040200020885095,0
0,5.256969663713501e-31,0
0,1.5095769625769339e-35,0
0,0.001071753678843379,0
0,0.027807870879769325,0
0,5.8094734356473055e-08,0
0,0.6488463878631592,1
0,0.003030480118468404,0
0,1.1814762136979641e-17,0
0,7.544716709162458e-07,0
0,0.0004420807817950845,0
0,0.9929606914520264,1
0,1.1698837516686366e-22,0
0,1.1879061941270606e-24,0
0,0.0007380085298791528,0
0,6.7401693115698436e-09,0
0,3.1857889920715608e-21,0
0,3.703294350998476e-05,0
0,1.7015675623966196e-16,0
0,1.648868819259519e-10,0
0,1.964159087111672e-12,0
0,0.00021963412291370332,0
0,1.1327088600410207e-08,0
0,1.5747285942779854e-05,0
0,1.0321350376550419e-23,0
0,8.873977263732999e-14,0
0,0.00013946856779512018,0
0,3.158866894924401e-18,0
0,3.9947670416040637e-07,0
0,0.00027539196889847517,0
0,6.43759392460197e-08,0
0,5.383732077885873e-23,0
0,0.11471613496541977,0
0,2.6319554174980553e-11,0
0,5.265598701953422e-06,0
0,1.0744979590526782e-06,0
0,1.9196560310560955e-22,0
0,1.047481638485298e-33,0
0,1.4593488231184892e-06,0
0,0.0005609154468402267,0
0,0.010037301108241081,0
0,3.540523039191612e-06,0
0,0.030641771852970123,0
0,2.4971004466294484e-22,0
0,1.2407279427861795e-05,0
0,3.1002155931432903e-32,0
0,0.12010461837053299,0
0,2.6747910810861716e-18,0
0,3.205875235418043e-12,0
0,3.0940076889418577e-12,0
0,3.645828430820508e-12,0
0,4.665008342153041e-25,0
0,1.0,1
0,0.0008946046000346541,0
0,0.4347480535507202,0
0,5.498568498296663e-07,0
0,2.907966469101436e-22,0
0,0.0002035476063610986,0
0,2.1772306993319418e-13,0
0,0.005244676023721695,0
0,0.5411401987075806,1
0,1.5202921531454194e-05,0
0,0.8794527053833008,1
0,0.00012347869051154703,0
0,1.6095684713945957e-06,0
0,0.12010566890239716,0
0,2.5210390504071256e-06,0
0,2.3995917786123755e-07,0
0,0.09673022478818893,0
0,5.141066738989508e-11,0
0,2.7196128939976916e-05,0
0,3.319262399659184e-12,0
0,4.697154041932983e-17,0
0,1.4008846955938687e-31,0
0,5.771729238295412e-18,0
0,0.6079500317573547,1
0,6.247884848376017e-11,0
0,5.5765600470714105e-12,0
0,2.1398991790783778e-13,0
0,1.77044561404257e-26,0
0,7.754187549835478e-07,0
0,1.6072862485394523e-10,0
0,1.6195501045085854e-19,0
0,0.31633320450782776,0
0,8.6594911202551e-17,0
0,0.18317291140556335,0
0,1.5811593759661637e-21,0
0,1.174436526699044e-20,0
0,1.6754538137382747e-19,0
0,0.04895680397748947,0
0,2.2240334374146187e-07,0
0,4.0924228983385547e-07,0
0,0.008867595344781876,0
0,0.007293124217540026,0
0,0.0030116168782114983,0
0,0.0002420342352706939,0
0,1.366699586618711e-13,0
0,9.639332347433083e-06,0
0,9.335117852060648e-07,0
0,0.0003961962938774377,0
0,1.3848033830754503e-09,0
0,1.3276049249337897e-15,0
0,7.234061127903146e-10,0
0,0.04513193666934967,0
0,7.299725552911696e-07,0
0,4.701228642489674e-11,0
0,5.141244037076831e-05,0
0,0.0007096586632542312,0
0,5.804547072330024e-06,0
0,0.0038281423039734364,0
0,2.2706574398512203e-09,0
0,2.2953756950716553e-12,0
0,6.265671141647555e-12,0
0,1.412838837198159e-23,0
0,0.0,0
0,2.748217957559973e-05,0
0,0.006295388098806143,0
0,1.6550931292158566e-08,0
0,2.7351452445145696e-06,0
0,8.75271556621815e-12,0
0,1.8339969756198116e-05,0
0,9.270828741136938e-06,0
0,0.001361626898869872,0
0,0.07229858636856079,0
0,1.0276311286361306e-06,0
0,1.8404472939437255e-05,0
0,0.999998152256012,1
0,2.8316304818959883e-22,0
0,1.993883870454738e-06,0
0,5.135970523870506e-37,0
0,4.520301466470755e-09,0
0,1.3608639770623654e-09,0
0,2.8284186855153694e-14,0
0,2.4273106191685656e-06,0
0,1.2555363415600596e-09,0
0,0.2165585458278656,0
0,1.271601859318414e-15,0
0,4.664561922482213e-13,0
0,2.303892142663244e-05,0
0,4.0575650882894264e-17,0
0,2.8265538276173174e-05,0
0,1.2942736075591266e-12,0
0,7.417642056140039e-09,0
0,1.865445483417716e-05,0
0,0.02211085893213749,0
0,1.6719381504796468e-23,0
0,4.695402822108008e-06,0
0,3.870582619466767e-20,0
0,6.914883166830529e-17,0
0,0.05222640931606293,0
0,2.236551494399673e-37,0
0,3.102582427083611e-12,0
0,1.458751492554076e-19,0
0,7.314446702366695e-05,0
0,1.3298915788051424e-11,0
0,0.0002015102218138054,0
0,1.628610135639974e-09,0
0,4.705821083916817e-06,0
0,8.80156003116043e-30,0
0,0.00479503208771348,0
0,1.1624455176217907e-08,0
0,1.2240120375595076e-11,0
0,1.1100624419668748e-07,0
0,0.00019025734218303114,0
0,4.14675728395e-22,0
0,3.603644922885955e-15,0
0,3.436633530851693e-15,0
0,3.210474962559036e-29,0
0,1.4842704447920506e-15,0
0,6.374585836965707e-08,0
0,1.2070703405697714e-06,0
0,9.870859573339199e-18,0
0,0.7567123174667358,1
0,8.386161295617287e-23,0
0,0.0001098675566026941,0
0,5.922258149862276e-37,0
0,1.910849408391646e-13,0
0,1.3917965446808012e-08,0
0,2.2172406966003422e-10,0
0,0.11487159132957458,0
0,1.1813060609711101e-06,0
0,2.570137439761311e-06,0
0,1.0090087926073465e-05,0
0,1.0536986731074924e-38,0
0,0.008463854901492596,0
0,1.1535257726791315e-05,0
0,1.1952614453747401e-09,0
0,0.18602244555950165,0
0,7.20419775461778e-05,0
0,6.3849627196506386e-21,0
0,2.9182927874967754e-18,0
0,0.0009084962075576186,0
0,2.128839771131652e-09,0
0,3.1239397210769475e-25,0
0,5.773597220568071e-15,0
0,7.162459951359779e-05,0
0,1.8930029099806234e-08,0
0,1.5041532464010743e-08,0
0,3.0371553293662146e-05,0
0,0.0014640050940215588,0
0,0.0005362468655221164,0
0,3.7166671518207295e-08,0
0,1.3611247595690656e-07,0
0,0.00014077205560170114,0
0,0.00014899077359586954,0
0,5.356617371887751e-09,0
0,2.5741069024954614e-20,0
0,2.4947547672127257e-07,0
0,1.2946312381245662e-05,0
0,4.22560459634192e-18,0
0,4.010197174331154e-10,0
0,0.00018729733710642904,0
0,4.040392923343461e-06,0
0,8.189073014364112e-06,0
0,0.9999328851699829,1
0,1.1971348391759395e-12,0
0,3.02506177831674e-05,0
0,3.079607631661929e-05,0
0,1.5857509083616605e-07,0
0,8.356534784973709e-21,0
0,0.14830340445041656,0
0,1.8165118714774664e-11,0
0,1.053532194816853e-08,0
0,0.0005942932330071926,0
0,4.983675147909872e-13,0
0,4.204562742415874e-08,0
0,0.00020334866712801158,0
0,6.994780914428302e-19,0
0,0.0004311680095270276,0
0,2.7751165221446957e-25,0
0,3.639016199485923e-08,0
0,1.6966995985967515e-07,0
0,2.0480754797587734e-15,0
0,1.5257186132296913e-19,0
0,6.90759577537392e-07,0
0,1.354284677290707e-06,0
0,9.635449556288922e-12,0
0,4.98623494923911e-12,0
0,1.4941229202762758e-14,0
0,1.3772174627974605e-18,0
0,0.48356926441192627,0
0,1.3307994108915126e-21,0
0,1.3343921523301105e-09,0
0,0.45355796813964844,0
0,0.026732420548796654,0
0,4.7408029502093996e-08,0
0,2.435260739730438e-07,0
0,0.016840621829032898,0
0,6.727677970275181e-09,0
0,1.0294131769228443e-08,0
0,0.9571052193641663,1
0,0.006136163603514433,0
0,0.0002220280293840915,0
0,4.635870141100895e-07,0
0,5.392708050588408e-17,0
0,2.1453956833283883e-08,0
0,3.594931695261039e-05,0
0,0.0,0
0,2.1917032567346593e-15,0
0,4.464181415642088e-07,0
0,5.1496989783572644e-08,0
0,1.0435349651061188e-07,0
0,0.00045993216917850077,0
0,0.0002695365983527154,0
0,4.715641319243451e-20,0
0,1.149208870288021e-07,0
0,1.9200254653465188e-20,0
0,4.3580897113315586e-08,0
0,0.018560370430350304,0
0,1.0747208732080568e-22,0
0,6.33451336166595e-32,0
0,0.00017219875007867813,0
0,4.6097261474642437e-07,0
0,1.4299962044341184e-26,0
0,4.953483880854037e-07,0
0,1.3776371154960998e-09,0
0,6.361692950207498e-09,0
0,4.055978308770136e-07,0
0,1.3316135749619207e-08,0
0,2.4438259416115216e-08,0
0,0.0,0
0,0.0001801272592274472,0
0,6.884507109504112e-17,0
0,0.8321793079376221,1
0,0.7139492034912109,1
0,0.00845961645245552,0
0,0.005030056461691856,0
0,1.3173473423222504e-10,0
0,7.0750884333392605e-06,0
0,7.921508426989021e-07,0
0,9.563407274981728e-07,0
0,1.8706001959002536e-19,0
0,0.999149739742279,1
0,6.8831095632049255e-06,0
0,5.004507329431173e-21,0
0,1.780070757927883e-18,0
0,7.267987210332616e-13,0
0,0.0006627773400396109,0
0,3.1449826941920924e-22,0
0,2.1591514941161375e-25,0
0,1.7914137187546864e-11,0
0,4.574693956982401e-10,0
0,4.552074320783583e-13,0
0,9.58077289396897e-05,0
0,2.773123196675442e-05,0
0,2.6035672817670275e-06,0
0,1.3802252442904946e-26,0
0,9.498325539425423e-07,0
0,7.977721935507504e-23,0
0,0.007044878788292408,0
0,0.0010432754643261433,0
0,0.001316428417339921,0
0,2.757640125260561e-22,0
0,0.006653507240116596,0
0,8.077694656094536e-05,0
0,6.058201621945843e-29,0
0,1.7972191512782842e-09,0
0,6.749053227395052e-07,0
0,1.6715910600151318e-10,0
0,8.852205064613372e-05,0
0,3.0157988058871973e-14,0
0,8.637156133772805e-05,0
0,5.554201543134241e-10,0
0,2.068687798839619e-08,0
0,1.2182811183480968e-11,0
0,7.428922652270666e-20,0
0,5.138999767950736e-07,0
0,9.115894309803888e-18,0
0,5.885126641656108e-14,0
0,3.0345663617481478e-06,0
0,2.6742084964144705e-29,0
0,0.10964389145374298,0
0,5.48702543396297e-16,0
0,1.258545134427691e-12,0
0,7.576981384516136e-25,0
0,6.976796224078541e-11,0
0,0.0008961890125647187,0
0,2.880837541852088e-07,0
0,0.17085836827754974,0
0,1.564451216165516e-20,0
0,6.994851409603083e-28,0
0,0.0002069915208267048,0
0,8.818914466246497e-06,0
0,0.0002987828338518739,0
0,8.021912071853876e-05,0
0,2.89603641778124e-17,0
0,2.0699817634780193e-16,0
0,1.0932917889216087e-15,0
0,0.0015098259318619967,0
0,0.25520315766334534,0
0,7.816823436703813e-16,0
0,4.866825092726061e-25,0
0,0.00039240351179614663,0
0,0.0022636018693447113,0
0,9.658730704131813e-09,0
0,0.03446602448821068,0
0,0.9999958872795105,1
0,3.5324088167471577e-15,0
0,0.0001396293519064784,0
0,1.2271705429611757e-07,0
0,0.017898937687277794,0
0,1.8534718648766102e-08,0
0,1.0198968710859683e-14,0
0,0.0,0
0,3.0571263480650345e-15,0
0,2.4622292471576657e-07,0
0,1.0181573501149501e-21,0
0,0.02909684367477894,0
0,4.2648402143186104e-08,0
0,0.006659254431724548,0
0,0.07795169949531555,0
0,5.60219921697778e-23,0
0,3.051467956219139e-16,0
0,8.623798635198909e-07,0
0,2.5386518132108904e-07,0
0,5.5912217078457616e-08,0
0,6.187249255162897e-06,0
0,0.0004720889264717698,0
0,0.00020059224334545434,0
0,2.2603503270490766e-12,0
0,1.0301630027242936e-05,0
0,3.935206677851966e-06,0
0,2.047528191440051e-08,0
0,3.1486107022390667e-37,0
0,2.4054909175674766e-08,0
0,4.211373152429587e-07,0
0,0.00024297263007611036,0
0,6.725369150473171e-10,0
0,0.005888411775231361,0
0,1.406298097381977e-16,0
0,1.8237933949519225e-14,0
0,3.17784557349321e-12,0
0,5.527701887331204e-07,0
0,1.2452262831974537e-10,0
0,2.391220419454898e-21,0
0,1.48431072988231e-10,0
0,1.393615711720031e-08,0
0,0.3172217309474945,0
0,0.7770214676856995,1
0,4.614589283471972e-25,0
0,0.005858337972313166,0
0,1.031973164659468e-20,0
0,2.35301449436065e-08,0
0,6.339792162179947e-05,0
0,0.0010855055879801512,0
0,0.7313870191574097,1
0,0.9989478588104248,1
0,2.500381544471913e-15,0
0,1.1178921122123597e-09,0
0,0.008425482548773289,0
0,7.006519579133956e-26,0
0,1.6522850679429963e-16,0
0,3.696691010190989e-06,0
0,2.433841359561484e-07,0
0,0.0020003742538392544,0
0,0.00010799978190334514,0
0,4.148138453688227e-15,0
0,0.07100816816091537,0
0,3.265900616611361e-08,0
0,1.5249543107514015e-16,0
0,1.253537477888493e-32,0
0,4.1710173726353106e-13,0
0,6.213585943920475e-16,0
0,1.6118219071028995e-21,0
0,0.0009026943007484078,0
0,0.00013054400915279984,0
0,1.0,1
0,1.1598141891333569e-10,0
0,1.1861342272823094e-06,0
0,1.288014361833234e-09,0
0,3.050560621886689e-07,0
0,3.5646805507383306e-09,0
0,2.6138754633204424e-23,0
0,4.477422625616072e-34,0
0,3.045957583380776e-11,0
0,5.101505303173326e-05,0
0,0.006820647045969963,0
0,0.011057164520025253,0
0,0.00029657772392965853,0
0,0.9643722772598267,1
0,1.0401453419208481e-16,0
0,2.6826114662981126e-06,0
0,0.11125140637159348,0
0,4.048442054203285e-25,0
0,4.340339728514664e-06,0
0,1.2304816054964363e-09,0
0,2.984886410276429e-20,0
0,7.41080468266937e-19,0
0,2.1591097300180568e-18,0
0,3.31665069097653e-05,0
0,8.253630916064568e-16,0
0,0.0006372868083417416,0
0,0.552257776260376,1
0,4.032781930618512e-07,0
0,8.708733969422888e-30,0
0,2.908637038736197e-21,0
0,2.9550687031587586e-05,0
0,0.03186055272817612,0
0,0.004898742772638798,0
0,1.1928094682618111e-20,0
0,1.4856445851307853e-08,0
0,0.007876810617744923,0
0,1.2344244737505505e-08,0
0,1.8818653022926846e-22,0
0,7.736009024483792e-07,0
0,9.76501833065413e-05,0
0,6.9720101691928e-08,0
0,6.906512695081801e-09,0
0,1.0041336281574331e-05,0
0,6.748394232969099e-24,0
0,9.607821231946494e-27,0
0,3.8619119488592504e-24,0
0,4.862759084289792e-10,0
0,8.066497123038197e-12,0
0,7.260278493959049e-07,0
0,0.0012175478041172028,0
0,0.0006453344249166548,0
0,9.496800885244738e-06,0
0,9.39374267261428e-09,0
0,0.0007469442207366228,0
0,2.3229247858580493e-07,0
0,1.16029921781724e-10,0
0,2.2070229593164966e-16,0
0,7.842435860144211e-17,0
0,1.5011399529695673e-15,0
0,1.1762051144614816e-05,0
0,1.851049455581233e-05,0
0,4.9715208323593684e-27,0
0,6.014349855831824e-05,0
0,8.133011988320504e-07,0
0,0.11944258213043213,0
0,7.562751314083016e-09,0
0,2.2062800780986436e-05,0
0,0.0033401635009795427,0
0,0.0003846090694423765,0
0,1.552372985713646e-08,0
0,5.308417030391865e-07,0
0,2.6983641016053994e-11,0
0,1.5246034479332593e-07,0
0,2.3469060028702415e-11,0
0,3.302087179690716e-06,0
0,9.90710360970759e-11,0
0,5.249651824357215e-10,0
0,2.423705912910988e-36,0
0,0.9996660351753235,1
0,3.1155114121895645e-19,0
0,3.475345806691621e-07,0
0,1.6259967491308587e-29,0
0,1.5853959900465364e-32,0
0,1.636892204544701e-20,0
0,1.4431157069338951e-05,0
0,0.023005742579698563,0
0,0.03369235619902611,0
0,9.043563977684244e-07,0
0,1.440759368143222e-16,0
0,6.530316287722826e-10,0
0,0.0002873906050808728,0
0,8.581071618858215e-16,0
0,0.0024775078054517508,0
0,0.9999877214431763,1
0,0.0005533233052119613,0
0,2.977667445946963e-09,0
0,5.824367817654729e-22,0
0,4.8837799238246134e-30,0
0,0.11017946153879166,0
0,7.80159207515024e-20,0
0,0.3967641294002533,0
0,0.0037676955107599497,0
0,3.566230644125312e-11,0
0,0.02143794111907482,0
0,1.3398315786616877e-05,0
0,5.1403305711354014e-14,0
0,8.730678945515903e-17,0
0,5.916864756727591e-05,0
0,6.312674941000296e-06,0
0,4.217837114609787e-26,0
0,0.00030334069742821157,0
0,0.0007137804059311748,0
0,0.861281156539917,1
0,0.08718332648277283,0
0,8.97764693930728e-27,0
0,2.733097062446177e-06,0
0,7.563364973803521e-17,0
0,3.4378671784351944e-12,0
0,6.289526481850771e-07,0
0,0.0007990502053871751,0
0,1.1283490003008065e-16,0
0,2.969594709023582e-11,0
0,2.8274435666694705e-20,0
0,0.18302084505558014,0
0,9.841849728871505e-19,0
0,2.448145686173575e-09,0
0,1.2890335326751115e-16,0
0,0.00013842170301359147,0
0,0.0026486278511583805,0
0,1.038992802904204e-08,0
0,1.4147331917069295e-10,0
0,1.6839116212530314e-10,0
0,1.0006383490690496e-05,0
0,1.3825450878357515e-05,0
0,9.186643668002148e-10,0
0,0.0016976280603557825,0
0,1.6397808404091524e-13,0
0,3.460360664675477e-09,0
0,1.803547758155189e-32,0
0,9.922360710845624e-10,0
0,2.238431062541306e-22,0
0,2.034864637752693e-17,0
0,6.206417324516877e-11,0
0,1.1491600560020743e-07,0
0,0.0012268631253391504,0
0,8.256968430941924e-05,0
0,1.632689699947582e-26,0
0,2.843194693014084e-07,0
0,1.4163877182227225e-08,0
0,0.5673022270202637,1
0,2.635558075780864e-06,0
0,6.805207786175771e-11,0
0,6.730351174155658e-07,0
0,2.9272184676187862e-09,0
0,0.15128572285175323,0
0,1.7342669522690812e-08,0
0,3.028889750567032e-06,0
0,6.998898149381735e-22,0
0,3.2057954513220466e-07,0
0,0.0003443649911787361,0
0,7.445290044205688e-12,0
0,0.0001388894161209464,0
0,9.622237451267779e-10,0
0,2.6104178687091917e-05,0
0,1.0564386824057746e-17,0
0,1.7420136028903498e-30,0
0,7.646806625416502e-05,0
0,1.0744699920905987e-06,0
0,2.735787948142503e-19,0
0,1.0,1
0,0.9976105690002441,1
0,3.625397898554539e-11,0
0,0.008391352370381355,0
0,1.761313615133986e-05,0
0,1.3353488611755893e-05,0
0,2.3002350644674152e-05,0
0,8.402846106037032e-06,0
0,0.0001584985584486276,0
0,2.524583032936789e-05,0
0,6.9087918745935895e-06,0
0,0.004412889946252108,0
0,7.462741677954909e-07,0
0,2.2794250980950892e-05,0
0,1.0788118665674149e-15,0
0,0.000200562528334558,0
0,4.975935812105974e-16,0
0,1.6558312836423283e-06,0
0,0.02872990258038044,0
0,2.3601268495099248e-08,0
0,2.0026141100970563e-06,0
0,9.766765067325493e-15,0
0,4.1809013140436946e-08,0
0,2.103806885644932e-11,0
0,1.433468551107972e-13,0
0,4.4121602205127175e-11,0
0,0.00024461490102112293,0
0,1.0004901095962693e-13,0
0,8.996463293442503e-05,0
0,0.049341607838869095,0
0,2.2964873817692133e-13,0
0,6.250301521504298e-05,0
0,3.800614649662748e-07,0
0,6.713220955134602e-06,0
0,2.1971805109156567e-18,0
0,0.00013178182416595519,0
0,3.5258658215298055e-09,0
0,0.018256723880767822,0
0,0.035304658114910126,0
0,7.04042344033377e-24,0
0,0.0,0
0,1.0146337103833503e-08,0
0,6.34400240673294e-11,0
0,0.00045781166409142315,0
0,2.039554829025292e-06,0
0,0.0,0
0,4.6119175749481656e-06,0
0,5.798773267118307e-11,0
0,0.00019400374731048942,0
0,1.2924195592894697e-19,0
0,1.2387292205890847e-20,0
0,0.008934801444411278,0
0,8.880273526301607e-06,0
0,1.114573561118199e-26,0
0,2.508673624390667e-08,0
0,6.255588708609684e-26,0
0,2.7223114873464738e-09,0
0,0.9985949993133545,1
0,2.384974686719943e-05,0
0,5.096407740268205e-09,0
0,1.864478349489218e-09,0
0,0.0004520517832133919,0
0,2.278267482845207e-15,0
0,2.218333612979563e-21,0
0,0.025328099727630615,0
0,7.721465408394579e-06,0
0,0.019777022302150726,0
0,4.9356543662059077e-17,0
0,0.0017940023681148887,0
0,3.446004814833259e-09,0
0,1.2801210402813012e-07,0
0,3.6356752389110625e-05,0
0,1.9958022676291876e-05,0
0,0.1280345767736435,0
0,2.3506434137794074e-20,0
0,0.0006409200141206384,0
0,7.277390631299854e-14,0
0,2.200849849032238e-06,0
0,1.2235401527505019e-06,0
0,1.925003782241461e-23,0
0,1.600689536473965e-08,0
0,1.147018371600358e-18,0
0,1.7569257341836474e-14,0
0,3.0595564601797187e-13,0
0,1.880005550650328e-14,0
0,1.643839908638256e-08,0
0,6.387164830812253e-06,0
0,1.1824287867057137e-05,0
0,0.000560745713301003,0
0,1.1317346588197922e-18,0
0,1.0773858055512461e-30,0
0,5.540986780516732e-09,0
0,2.749080171899559e-17,0
0,0.5020184516906738,1
0,0.13421323895454407,0
0,1.8713088603223256e-23,0
0,5.259894351183902e-07,0
0,3.1787291732143785e-07,0
0,1.1397634807508439e-05,0
0,1.0449988652183606e-09,0
0,6.435076915778382e-10,0
0,8.205995882804018e-10,0
0,6.240197399165481e-05,0
0,4.2245207332314294e-11,0
0,0.8156188130378723,1
0,6.282341632656792e-38,0
0,0.000966909690760076,0
0,1.3646679737212625e-21,0
0,2.664424128377696e-14,0
0,6.715040036606862e-15,0
0,1.5335763769996902e-09,0
0,1.387098110398988e-16,0
0,0.18276149034500122,0
0,1.4159826359699046e-19,0
0,1.1150286423344813e-12,0
0,0.34874647855758667,0
0,0.00027940282598137856,0
0,6.777711860244161e-27,0
0,8.289196044811092e-33,0
0,2.416862487919502e-09,0
0,6.681828503402286e-18,0
0,0.00021228421246632934,0
0,1.87656552623483e-12,0
0,0.0,0
0,2.3302970930672018e-07,0
0,6.114891704100955e-09,0
0,0.06352821737527847,0
0,0.047340113669633865,0
0,0.0045491959899663925,0
0,2.4896382910810644e-07,0
0,1.4311132823204619e-27,0
0,3.54153484316555e-10,0
0,1.9540079276847422e-10,0
0,4.193716662825864e-08,0
0,0.01947745308279991,0
0,0.00019587803399190307,0
0,3.717009196870322e-38,0
0,0.00033256824826821685,0
0,0.006263138726353645,0
0,5.723874352270286e-08,0
0,0.005387023091316223,0
0,1.2380927802325269e-21,0
0,1.716914077576348e-08,0
0,4.716885996458586e-06,0
0,1.2641498346748574e-18,0
0,0.0007218178361654282,0
0,2.755499589761338e-17,0
0,2.63176502812712e-07,0
0,0.00042697443859651685,0
0,0.49132853746414185,0
0,1.1766635907406453e-05,0
0,9.525264691584434e-13,0
0,4.1001741932222835e-12,0
0,1.578279201124369e-14,0
0,7.626830722529121e-09,0
0,2.324008878684389e-24,0
0,8.868455964169616e-14,0
0,4.6143950882537865e-09,0
0,0.999007523059845,1
0,0.0045785242691636086,0
0,0.005733487196266651,0
0,0.013209274038672447,0
0,0.16031882166862488,0
0,8.574312835526674e-26,0
0,9.142911427950651e-11,0
0,1.4158999493696367e-12,0
0,2.7819114620797336e-06,0
0,3.0444746404483707e-16,0
0,8.49186926643597e-06,0
0,4.60904953092367e-10,0
0,4.02361520837613e-13,0
0,5.290551780490205e-05,0
0,8.76774722487012e-18,0
0,2.095644777000416e-05,0
0,2.0717944775126146e-14,0
0,9.53818471316481e-06,0
0,0.01058245450258255,0
0,2.000494703224831e-07,0
0,8.439079465460964e-06,0
0,6.1556187347378e-07,0
0,0.0022592523600906134,0
0,1.6741748477546605e-17,0
0,7.4918196012126225e-37,0
0,2.173586727272081e-10,0
0,1.0606364397869328e-10,0
0,8.087528868827576e-09,0
0,4.2336180541098153e-14,0
0,4.95260155730648e-06,0
0,2.1805166397825815e-05,0
0,1.902377448459447e-06,0
0,7.006423174971133e-07,0
0,0.9780282378196716,1
0,8.511019479491222e-17,0
0,0.001520759891718626,0
0,7.81594371801475e-06,0
0,2.4062457669060677e-05,0
0,1.1192460647180269e-07,0
0,3.881250449921936e-07,0
0,0.020122433081269264,0
0,7.031125278444961e-06,0
0,4.569225640210783e-12,0
0,1.414329662942303e-34,0
0,1.4483573219224937e-19,0
0,0.2294599711894989,0
0,0.047586824744939804,0
0,6.701407409479033e-25,0
0,0.04788190871477127,0
0,0.7204201221466064,1
0,0.0046966602094471455,0
0,1.3718101854465203e-06,0
0,5.1994953537359834e-05,0
0,2.965445831194834e-15,0
0,3.53177997419316e-18,0
0,1.0900739084540426e-34,0
0,4.05416631110711e-06,0
0,4.3360334853886906e-14,0
0,3.1764164631908898e-09,0
0,8.741951390209279e-13,0
0,2.7187997946737097e-12,0
0,0.00037986430106684566,0
0,5.570112704411656e-10,0
0,0.01578172668814659,0
0,0.0008108478505164385,0
0,2.2286956664174795e-05,0
0,0.0007385554490610957,0
0,7.858743629185483e-05,0
0,4.157269728466417e-08,0
0,1.4331701549963327e-06,0
0,7.286502068382106e-08,0
0,2.600011937458635e-19,0
0,2.6010911959938443e-36,0
0,1.6010835018898106e-11,0
0,7.036942584193184e-09,0
0,6.760805263184011e-05,0
0,3.451555130595807e-07,0
0,0.1358434110879898,0
0,0.9124487042427063,1
0,5.558251875094791e-29,0
0,6.791690589102745e-15,0
0,0.0028978269547224045,0
0,3.072571416851133e-05,0
0,0.0013892053393647075,0
0,1.298995990360854e-26,0
0,8.33227295515826e-06,0
0,1.4682348670191914e-09,0
0,0.0036864187568426132,0
0,1.1375201995622586e-11,0
0,5.071045435984015e-16,0
0,2.666758291525184e-06,0
0,4.331926123027376e-25,0
0,0.018119528889656067,0
0,6.407669950192485e-09,0
0,7.981235830811784e-05,0
0,2.4329810152765204e-15,0
0,0.0008534372318536043,0
0,0.12286750972270966,0
0,0.5520700216293335,1
0,0.0005233988631516695,0
0,6.7490509708667545e-12,0
0,0.00016209512250497937,0
0,1.8557787029792546e-35,0
0,5.362002074987826e-12,0
0,1.5965413240337512e-06,0
0,1.759031675874212e-07,0
0,1.0350777301937342e-05,0
0,0.0006655196193605661,0
0,0.0002351038419874385,0
0,1.5865796740399674e-05,0
0,1.9969047571066767e-06,0
0,9.048431444277533e-17,0
0,0.00020943599520251155,0
0,0.08319797366857529,0
0,0.9994891881942749,1
0,0.00023991682974155992,0
0,6.181448043207638e-06,0
0,0.20063169300556183,0
0,2.9423535830019887e-10,0
0,1.493478257730274e-11,0
0,1.460609411196856e-12,0
0,2.288911127834581e-05,0
0,1.1030660705593082e-13,0
0,8.090897836154909e-07,0
0,1.382260758176778e-16,0
0,1.0219479342626903e-12,0
0,0.0010449800174683332,0
0,5.185600002732826e-07,0
0,0.02583097293972969,0
0,0.0009871703805401921,0
0,0.0021317293867468834,0
0,1.4131552234175615e-05,0
0,2.2695670850225724e-05,0
0,3.579897467070303e-38,0
0,3.664486450101989e-21,0
0,5.108677214593627e-07,0
0,3.637601935224666e-07,0
0,0.0007294800598174334,0
0,0.027338724583387375,0
0,0.009503320790827274,0
0,0.02219364047050476,0
0,0.05142835155129433,0
0,9.445086379678003e-11,0
0,3.028083938261261e-06,0
0,0.005656485911458731,0
0,0.9999998211860657,1
0,2.0022936951136217e-05,0
0,1.4432783961015883e-11,0
0,4.844867618203352e-08,0
0,0.002647899091243744,0
0,1.8354764323019745e-12,0
0,0.002551815938204527,0
0,1.1494925722100806e-18,0
0,1.3135068662080418e-13,0
0,7.930048490697311e-14,0
0,9.338659623381318e-08,0
0,4.878055551671423e-05,0
0,0.3539535403251648,0
0,1.791521693771418e-15,0
0,2.1053150728564363e-18,0
0,0.00012785932631231844,0
0,0.015643741935491562,0
0,2.173536173491288e-18,0
0,1.545856509579933e-30,0
0,0.6746910810470581,1
0,0.0,0
0,5.99578640958498e-07,0
0,3.826011379715055e-06,0
0,2.0857802155660465e-05,0
0,5.737675453247522e-17,0
0,0.0016905531520023942,0
0,4.6395470576499065e-08,0
0,5.2470850278041326e-06,0
0,6.112842129368801e-06,0
0,0.00038592261262238026,0
0,8.357578518136677e-10,0
0,5.904561839464861e-10,0
0,6.518595189257544e-32,0
0,2.9805409655623978e-21,0
0,0.087484210729599,0
0,3.5519151424523443e-06,0
0,9.743753253133036e-07,0
0,0.0006743997801095247,0
0,5.345368094822334e-07,0
0,0.6555365324020386,1
0,9.005487663671374e-05,0
0,0.010045135393738747,0
0,6.473097058368182e-11,0
0,1.2577328334373306e-07,0
0,3.48870736986695e-12,0
0,0.00036886901943944395,0
0,7.431631092913449e-05,0
0,0.8977872133255005,1
0,0.0005981645081192255,0
0,1.1079566775151761e-06,0
0,0.0013338893186300993,0
0,0.7384183406829834,1
0,0.08484705537557602,0
0,1.3992679936258823e-21,0
0,2.0847243376032054e-10,0
0,1.2478269084681415e-08,0
0,6.535794909723336e-07,0
0,5.491952137504086e-08,0
0,3.5129824027535506e-06,0
0,1.2488685641187658e-09,0
0,4.006281255092975e-13,0
0,5.403791106766088e-22,0
0,0.30631381273269653,0
0,2.1072221658563484e-12,0
0,1.197503706862335e-06,0
0,9.722918912302703e-05,0
0,1.3183223401824762e-08,0
0,1.4227313158698962e-06,0
0,2.0274636873760587e-17,0
0,8.11836216030315e-08,0
0,6.198005650381866e-12,0
0,1.0684471115123907e-17,0
0,1.6781181275842862e-14,0
0,0.004683783743530512,0
0,6.731062818232658e-09,0
0,0.002366130007430911,0
0,0.057287659496068954,0
0,0.010361614637076855,0
0,6.134167165328108e-07,0
0,0.9366371035575867,1
0,1.6872777724693047e-14,0
0,2.1071284595543057e-18,0
0,5.613723034026492e-16,0
0,2.8981351078982698e-06,0
0,6.79165840185075e-17,0
0,5.601754996149187e-20,0
0,0.4941582679748535,0
0,0.008579110726714134,0
0,1.0480895070941187e-05,0
0,0.0011016640346497297,0
0,7.720879011685611e-07,0
0,9.418004168122534e-33,0
0,2.3875154511188157e-05,0
0,0.00043647916754707694,0
0,0.014852174557745457,0
0,0.07761505991220474,0
0,4.015622903641436e-12,0
0,0.00012550388055387884,0
0,1.119683853250395e-16,0
0,0.0006349695613607764,0
0,5.630143297104609e-14,0
0,7.561956039126017e-08,0
0,2.609778820477925e-38,0
0,1.129976976119182e-31,0
0,0.001514931907877326,0
0,0.8753223419189453,1
0,1.1094299452452105e-06,0
0,4.6584237118826866e-14,0
0,1.3971408256590037e-25,0
0,0.0017296118894591928,0
0,2.075462024464514e-11,0
0,0.009449339471757412,0
0,2.794555038765356e-11,0
0,9.654895620769821e-07,0
0,0.0010127134155482054,0
0,0.0004817582084797323,0
0,0.00028970447601750493,0
0,0.044471368193626404,0
0,8.856295177534514e-20,0
0,4.52691807595329e-07,0
0,0.17901137471199036,0
0,4.742608794572334e-08,0
0,3.685709352638663e-17,0
0,1.8158134975558397e-14,0
0,0.002324469853192568,0
0,2.1480076398128212e-11,0
0,0.0033356002531945705,0
0,1.1365298746568442e-07,0
0,0.00015283230459317565,0
0,3.0411602355094668e-34,0
0,0.027612905949354172,0
0,3.731412289198488e-05,0
0,3.1948938937140237e-13,0
0,9.837538813105091e-29,0
0,4.136071929394802e-09,0
0,4.6280711103463545e-06,0
0,1.9161943143330973e-09,0
0,1.2291011444176547e-05,0
0,0.00019019072351511568,0
0,0.0001560656528454274,0
0,2.702141177479689e-09,0
0,0.2398151457309723,0
0,0.012262365780770779,0
0,3.325097850392922e-07,0
0,5.688633564204792e-07,0
0,4.3389015389480937e-14,0
0,2.3370797332301517e-15,0
0,1.468464506615419e-05,0
0,1.6082290130725596e-06,0
0,4.574291097014793e-07,0
0,2.6919363514275787e-16,0
0,0.0003187399997841567,0
0,4.8610501835355535e-05,0
0,2.255684279361958e-07,0
0,0.8528343439102173,1
0,5.145195250758072e-13,0
0,1.9738154151127674e-05,0
0,2.70379043598723e-08,0
0,0.0014591363724321127,0
0,1.8656832399517945e-14,0
0,1.2168051398475654e-05,0
0,3.956291514078925e-26,0
0,9.784219004445668e-26,0
0,0.022854488343000412,0
0,2.018573322205906e-15,0
0,2.3370262169919442e-06,0
0,8.828620252643304e-07,0
0,4.4255777428142684e-15,0
0,1.0469993760864327e-09,0
0,3.805224135788876e-09,0
0,8.570150320143453e-17,0
0,1.8562360849794235e-12,0
0,7.116203785472017e-25,0
0,0.0007201957050710917,0
0,0.3293793201446533,0
0,1.5953035017446382e-06,0
0,3.3451655345479586e-14,0
0,3.828175110243137e-09,0
0,0.002193052088841796,0
0,3.1743350064061815e-06,0
0,0.0002321405045222491,0
0,0.0011834921315312386,0
0,1.0801275238808694e-12,0
0,1.975679864924524e-17,0
0,0.000954435090534389,0
0,2.5913871878413888e-14,0
0,1.3642929843626916e-06,0
0,1.7729708009410132e-24,0
0,3.1159882496467617e-07,0
0,5.434018252731265e-12,0
0,6.490082485376223e-15,0
0,0.0004230502527207136,0
0,6.863642192911357e-05,0
0,0.010460369288921356,0
0,0.3907642066478729,0
0,2.8837141563542446e-09,0
0,0.004338881000876427,0
0,4.963652463629842e-05,0
0,7.315888694847672e-08,0
0,3.103438572793493e-08,0
0,4.3387368697800355e-10,0
0,5.987891270503304e-39,0
0,2.5969823624905075e-08,0
0,8.623292302445407e-09,0
0,4.670861475375432e-09,0
0,9.99388939817436e-05,0
0,1.8891638319473714e-05,0
0,3.681222005980089e-05,0
0,8.353553653250856e-07,0
0,0.039329055696725845,0
0,0.9450662136077881,1
0,1.6292975201968006e-15,0
0,0.9033423662185669,1
0,1.4175454907672247e-06,0
0,8.71464544616174e-06,0
0,1.0939236755002604e-15,0
0,1.807189988767277e-07,0
0,9.340344954570493e-21,0
0,2.9024914738329244e-07,0
0,0.000718640279956162,0
0,9.060462944047683e-30,0
0,4.424939106684178e-06,0
0,2.350923068661359e-06,0
0,1.1861824305015034e-06,0
0,1.5546017948508961e-06,0
0,0.002953076036646962,0
0,0.007258165627717972,0
0,0.028485698625445366,0
0,0.0005685085779987276,0
0,1.9605004126788117e-05,0
0,9.46978699127245e-18,0
0,6.560438100611253e-21,0
0,6.75712755427862e-22,0
0,5.298039784662478e-09,0
0,1.1988064215984195e-05,0
0,1.6745758557590307e-08,0
0,0.007821404375135899,0
0,0.7265359163284302,1
0,0.00014902201655786484,0
0,0.00016928483091760427,0
0,1.0474650480318815e-05,0
0,9.550670165596306e-21,0
0,6.835037311248016e-06,0
0,2.6462717547217214e-18,0
0,0.00027269142447039485,0
0,4.044284462878522e-09,0
0,7.963388270582072e-06,0
0,0.0001637091627344489,0
0,3.44612979255758e-24,0
0,6.558354012595577e-18,0
0,3.232570406908053e-06,0
0,2.043033624197172e-23,0
0,2.0686980860773474e-05,0
0,5.703100214304868e-08,0
0,9.461920136288882e-10,0
0,5.3815463616047055e-05,0
0,9.742889010062304e-27,0
0,2.432826931908494e-06,0
0,0.06244294345378876,0
0,0.1178346574306488,0
0,1.151209392033783e-20,0
0,5.910845288781275e-07,0
0,9.367450391761789e-12,0
0,1.1577411669350113e-06,0
0,5.805155979032861e-06,0
0,0.10406481474637985,0
0,1.5911691519931992e-08,0
0,0.0006660051876679063,0
0,4.2756078489974633e-14,0
0,0.000454787106718868,0
0,5.532456634682603e-05,0
0,1.2461150333820115e-07,0
0,1.221243106641623e-10,0
0,2.895028046623338e-06,0
0,7.834131793060806e-06,0
0,1.0122390449396335e-05,0
0,0.998711109161377,1
0,0.008265272714197636,0
0,3.558131844716428e-10,0
0,1.5635161221272398e-10,0
0,6.457386916736141e-06,0
0,3.2358460799741806e-08,0
0,5.900624243656181e-18,0
0,5.333024091669358e-06,0
0,1.8394207472738344e-06,0
0,7.999363879207522e-05,0
0,3.4604323850828678e-09,0
0,1.2564378426560552e-09,0
0,0.6571458578109741,1
0,0.002930978313088417,0
0,0.0019142881501466036,0
0,1.6686350537562704e-16,0
0,6.511684366630049e-16,0
0,0.00019161246018484235,0
0,9.811727905506356e-16,0
0,0.002554279286414385,0
0,2.4356798012128155e-17,0
0,0.021470358595252037,0
0,1.892804385450475e-10,0
0,8.624756464570282e-10,0
0,0.009693790227174759,0
0,3.0571526722608484e-17,0
0,4.4894493678171443e-10,0
0,3.948585555746398e-11,0
0,9.297148554493484e-13,0
0,5.49306491848256e-07,0
0,8.612536812489471e-19,0
0,1.2199680895719212e-05,0
0,6.2580945606833735e-15,0
0,0.00019947825057897717,0
0,2.588278746884498e-08,0
0,8.136873930197908e-08,0
0,0.0001658982946537435,0
0,0.002079153899103403,0
0,1.0674523309717188e-06,0
0,0.0005654304986819625,0
0,2.219934271943582e-14,0
0,8.324011105287354e-06,0
0,0.0011686286889016628,0
0,7.64093236595014e-25,0
0,3.5728464631290535e-09,0
0,9.95202791703731e-12,0
0,0.0469803586602211,0
0,3.458344144746661e-05,0
0,4.2309566765895423e-13,0
0,1.0024416192966346e-11,0
0,0.1413903683423996,0
0,0.6961990594863892,1
0,2.9577325831586787e-12,0
0,3.69870747440647e-26,0
0,6.886627986618654e-12,0
0,2.4128826225933153e-07,0
0,8.335864646527608e-18,0
0,0.0019936934113502502,0
0,4.615702559631622e-18,0
0,8.192159617499955e-15,0
0,0.0,0
0,0.0012265840778127313,0
0,0.20087707042694092,0
0,5.1635142881423235e-05,0
0,2.3200715291977864e-19,0
0,6.230374083315837e-08,0
0,7.173022140705143e-07,0
0,3.21954019000259e-07,0
0,1.3216825017103935e-32,0
0,2.1177717712816957e-07,0
0,0.016811594367027283,0
0,1.5621159036527388e-05,0
0,8.423212548627159e-35,0
0,0.0018204634543508291,0
0,4.708196045489707e-14,0
0,1.3611358490388035e-39,0
0,5.921866330638181e-10,0
0,0.0011843492975458503,0
0,4.780766876068917e-23,0
0,0.0003020532603841275,0
0,1.819559533190552e-18,0
0,0.008905420079827309,0
0,3.991582735862363e-28,0
0,5.0406229092914145e-06,0
0,1.8073262613056695e-13,0
0,0.0028988204430788755,0
0,8.166611240338281e-14,0
0,7.771267701173201e-05,0
0,5.1379971409915015e-05,0
0,5.5617666722129755e-11,0
0,0.030051248148083687,0
0,2.040995621612284e-20,0
0,5.409439472714439e-05,0
0,2.1120697421897483e-13,0
0,3.3209230920761e-09,0
0,1.0630947233636334e-09,0
0,0.00028857775032520294,0
0,4.387309625379964e-22,0
0,0.00210087513551116,0
0,1.4489730801869882e-06,0
0,6.04622982791625e-07,0
0,9.697237692307681e-05,0
0,1.2750432460961747e-06,0
0,9.251914434571518e-07,0
0,1.6166210086841276e-21,0
0,2.7738367158747224e-10,0
0,0.0006836275570094585,0
0,7.353868219667908e-14,0
0,4.303053897598342e-16,0
0,1.6985284673864953e-05,0
0,2.937663374817938e-29,0
0,0.022851217538118362,0
0,3.152261437988635e-12,0
0,9.86622242238333e-13,0
0,1.723907239181699e-08,0
0,1.4368624068339386e-09,0
0,1.2731715187997583e-20,0
0,1.1537354021184415e-24,0
0,2.6061343318144633e-24,0
0,1.2733488574667717e-07,0
0,6.819659540920466e-18,0
0,3.5266489248897415e-06,0
0,0.0,0
0,0.07279136776924133,0
0,1.859446285834565e-08,0
0,2.88360479316907e-05,0
0,4.955989425070584e-05,0
0,4.864307290297631e-10,0
0,1.955041827755334e-15,0
0,5.9073376178275794e-05,0
0,0.019506089389324188,0
0,4.573882250724637e-08,0
0,0.000946815765928477,0
0,6.996238310907898e-11,0
0,8.930607873480767e-05,0
0,0.0001373786071781069,0
0,2.406681992223034e-17,0
0,1.0769394975795876e-07,0
0,0.018980275839567184,0
0,3.3710564721622926e-12,0
0,0.9999648332595825,1
0,0.9730786085128784,1
0,2.6385209989099323e-11,0
0,9.029496368384571e-07,0
0,0.08655092120170593,0
0,2.516454107652762e-31,0
0,1.853995672718156e-05,0
0,0.00350335706025362,0
0,1.9786617463427314e-20,0
0,9.120144084384663e-10,0
0,3.622638757860841e-07,0
0,0.015360718593001366,0
0,1.164732374107829e-16,0
0,6.302594557361374e-11,0
0,1.1239599473356066e-08,0
0,4.451069202104918e-08,0
0,7.310275395866483e-05,0
0,1.6040324332043361e-15,0
0,1.0735032418551782e-07,0
0,1.3460760328598553e-07,0
0,0.00013160253001842648,0
0,8.78274875049101e-09,0
0,4.610312132058425e-09,0
0,2.508776593891269e-17,0
0,0.042065106332302094,0
0,1.3255383919386077e-06,0
0,1.6834737834869884e-06,0
0,5.299173747119729e-26,0
0,2.1619567633024417e-05,0
0,0.09876628965139389,0
0,8.939435929278261e-07,0
0,8.085478465709774e-33,0
0,2.224237381957113e-17,0
0,2.108792307442542e-12,0
0,3.212166120647453e-05,0
0,3.3787961317699455e-09,0
0,1.1580156050652185e-13,0
0,1.4686668237118283e-06,0
0,2.4531482267775573e-06,0
0,9.149030866240082e-09,0
0,1.5669142756863635e-18,0
0,0.9720380306243896,1
0,8.199967282962461e-08,0
0,7.326485018666062e-08,0
0,9.020719296264449e-20,0
0,5.06547672375141e-17,0
0,6.510667699410888e-11,0
0,0.06105528399348259,0
0,4.7109911823690324e-23,0
0,0.12604326009750366,0
0,5.877039965795916e-10,0
0,7.778221089438375e-08,0
0,0.004433896392583847,0
0,0.1514074057340622,0
0,1.181743868983176e-06,0
0,1.217624543414786e-07,0
0,1.0562291663518408e-06,0
0,6.812252983934286e-09,0
0,0.020432136952877045,0
0,5.396999456134242e-23,0
0,2.3386308445338955e-09,0
0,0.0002175549161620438,0
0,1.4029732930964656e-09,0
0,2.574174970959575e-07,0
0,0.0003466297057457268,0
0,0.6826052665710449,1
0,2.0126560684730066e-06,0
0,4.81241053951198e-11,0
0,0.3248734176158905,0
0,2.404511919434915e-12,0
0,8.649027674612064e-12,0
0,0.0013899037148803473,0
0,0.4809442162513733,0
0,3.59585420646934e-28,0
0,4.946889252399611e-14,0
0,1.3608553217636654e-07,0
0,0.03180481866002083,0
0,8.813325300138265e-15,0
0,4.2200634093713784e-15,0
0,6.10091205999197e-07,0
0,0.00022366357734426856,0
0,2.8791469958378002e-05,0
0,1.8963955881190486e-06,0
0,5.817740766130702e-14,0
0,0.002545190043747425,0
0,7.208299166450161e-07,0
0,5.456723534638564e-32,0
0,2.166163949601785e-12,0
0,5.106072208568074e-24,0
0,3.1191224603155376e-10,0
0,0.008665969595313072,0
0,2.760049711787645e-16,0
0,7.568295552633109e-23,0
0,2.5849156327856006e-18,0
0,2.8253327412006146e-13,0
0,1.312935637542978e-06,0
0,4.4290047185313597e-07,0
0,6.005087698213174e-07,0
0,0.004973770584911108,0
0,0.00022721145069226623,0
0,4.0032209653872997e-05,0
0,0.0229784045368433,0
0,0.9999853372573853,1
0,8.439749994960347e-16,0
0,6.48199966235552e-06,0
0,1.1544296741423585e-14,0
0,0.0027345798444002867,0
0,0.03416930511593819,0
0,2.558678380282231e-09,0
0,2.954125371238559e-23,0
0,0.11758149415254593,0
0,4.907990660285577e-05,0
0,4.6280951210064813e-05,0
0,9.280854101234581e-06,0
0,0.0001539183867862448,0
0,9.084954292439933e-33,0
0,2.70477418240489e-10,0
0,0.0002604265173431486,0
0,8.112362545443137e-25,0
0,2.825492994662835e-26,0
0,0.005974229425191879,0
0,7.985855532410824e-09,0
0,4.083240582986036e-06,0
0,1.744977310247591e-19,0
0,3.651300630735932e-06,0
0,0.00113934394903481,0
0,7.058550272054376e-11,0
0,4.992191104946642e-10,0
0,7.805259519955143e-05,0
0,7.386101060546935e-06,0
0,0.047545164823532104,0
0,6.788678952318605e-09,0
0,0.0,0
0,8.552084040935881e-11,0
0,1.5214626728266012e-05,0
0,8.492517670002919e-13,0
0,1.2056810660965311e-08,0
0,2.103881999171442e-11,0
0,3.7466120483831133e-11,0
0,2.341007984796306e-06,0
0,4.628844546709923e-21,0
0,0.008513019420206547,0
0,0.0001208524772664532,0
0,1.2006425095023587e-05,0
0,0.002727283164858818,0
0,0.08831407874822617,0
0,6.215992165437001e-10,0
0,1.96569506701207e-16,0
0,1.5795438912391546e-06,0
0,1.1964699231370446e-09,0
0,5.085613100991167e-24,0
0,7.941403964650817e-06,0
0,5.4645400013922064e-18,0
0,1.0219036994385533e-07,0
0,6.155607507774705e-21,0
0,3.11088510507318e-09,0
0,0.01106209121644497,0
0,1.7422600251393305e-08,0
0,1.1808819115697086e-21,0
0,6.0291975387372077e-05,0
0,7.077250785414435e-09,0
0,0.005414904560893774,0
0,8.077149686869234e-07,0
0,6.838280387455598e-05,0
0,7.827107657972836e-31,0
0,5.964946960847206e-14,0
0,1.0525495497404336e-07,0
0,0.0023809047415852547,0
0,2.4970063350338023e-07,0
0,0.00025442877085879445,0
0,2.9929978495601972e-09,0
0,7.397819899779279e-06,0
0,1.9143891590782218e-14,0
0,1.5728463542249183e-24,0
0,0.033277593553066254,0
0,2.087066968670115e-05,0
0,3.32910005268029e-22,0
0,2.007360342401801e-14,0
0,1.3895536312702461e-06,0
0,1.3630248529436405e-19,0
0,8.944833825808018e-05,0
0,2.611015474940359e-07,0
0,9.42108322863772e-33,0
0,6.798549293307588e-05,0
0,4.275905666872859e-06,0
0,2.210145739836813e-18,0
0,0.0024840605910867453,0
0,1.8974802173943317e-07,0
0,0.0007042119977995753,0
0,2.7541122755251886e-16,0
0,6.897615821799263e-05,0
0,9.200468469256308e-34,0
0,0.978506326675415,1
0,4.96981966392454e-22,0
0,8.460176367219836e-38,0
0,2.5556055049946735e-08,0
0,0.006940968334674835,0
0,7.875222082648517e-24,0
0,0.0003551279951352626,0
0,5.682935154937825e-16,0
0,2.3745148208798028e-11,0
0,0.00021769397426396608,0
0,3.971783839318288e-12,0
0,1.0,1
0,0.6067543029785156,1
0,2.553906597313471e-08,0
0,0.008383292704820633,0
0,8.822857990456933e-33,0
0,0.001465222449041903,0
0,4.511289262154605e-06,0
0,1.7157946786028333e-05,0
0,6.313078179795081e-14,0
0,1.0410017344167334e-18,0
0,0.002473794389516115,0
0,0.00013424860662780702,0
0,0.006193902343511581,0
0,0.004897612147033215,0
0,5.1282288040965796e-05,0
0,0.6954648494720459,1
0,0.4646764099597931,0
0,0.0,0
0,1.977706788297524e-16,0
0,8.54606749950415e-12,0
0,0.00012821676500607282,0
0,9.703333099246223e-16,0
0,1.099244352837442e-27,0
0,3.637153644048206e-23,0
0,0.0,0
0,2.750416115304688e-06,0
0,3.6394965263752965e-06,0
0,0.00019579986110329628,0
0,3.510925949967714e-08,0
0,8.699290024298495e-33,0
0,0.0002327311667613685,0
0,0.0008905840222723782,0
0,2.362791715295318e-35,0
0,0.0006313434569165111,0
0,0.1994800865650177,0
0,3.1970436714656714e-11,0
0,8.411799981856341e-20,0
0,0.007145407609641552,0
0,7.616224256322486e-25,0
0,0.00245110597461462,0
0,8.4795346030972895e-16,0
0,2.424557443703179e-09,0
0,2.2351607185555622e-05,0
0,5.5572008854452154e-14,0
0,1.5973575500538573e-05,0
0,0.0,0
0,1.3354655698464604e-20,0
0,1.1561298793316688e-11,0
0,5.275927698195071e-12,0
0,0.0003070531238336116,0
0,2.4035612113948446e-06,0
0,7.86985232537063e-09,0
0,0.00023639168648514897,0
0,1.9264091678349215e-36,0
0,4.913792174971974e-23,0
0,2.4198085202264963e-10,0
0,0.0002178679860662669,0
0,8.514763294442673e-07,0
0,0.9477024078369141,1
0,3.8174359360709786e-05,0
0,0.9997619986534119,1
0,1.8629915398807925e-25,0
0,1.4407166432084395e-11,0
0,2.2196032659849152e-05,0
0,8.108297151920851e-06,0
0,0.00013798823056276888,0
0,7.568846660532813e-10,0
0,4.748893335862481e-13,0
0,5.532033164890038e-12,0
0,3.287091600431488e-14,0
0,0.9474462270736694,1
0,6.779264649647843e-11,0
0,7.582658057003755e-09,0
0,1.7760126524990483e-07,0
0,5.806138688058127e-06,0
0,1.8707741704007668e-22,0
0,4.072432023073275e-27,0
0,8.795138816636612e-24,0
0,3.024594974476713e-08,0
0,1.38797176987282e-05,0
0,0.007864133454859257,0
0,1.674239626936469e-07,0
0,0.14735478162765503,0
0,0.010673433542251587,0
0,5.9491524592291e-30,0
0,0.00010242189455311745,0
0,0.0013007294619455934,0
0,0.0013141424860805273,0
0,0.005715359002351761,0
0,6.999864740407215e-37,0
0,0.0462944433093071,0
0,5.318207532410452e-16,0
0,1.4810331776970997e-05,0
0,0.6639400720596313,1
0,6.633084694840363e-07,0
0,0.00420816196128726,0
0,0.1095183715224266,0
0,1.9931268007561398e-14,0
0,1.986366583370258e-12,0
0,4.544560852082213e-06,0
0,8.187801547876461e-09,0
0,6.022672459948808e-05,0
0,0.00011631806410150602,0
0,1.1275408724031877e-05,0
0,5.77645228005386e-23,0
0,4.794367417719318e-15,0
0,4.0245459742571654e-11,0
0,1.5173460269579664e-05,0
0,4.446595266927034e-05,0
0,0.00018328719306737185,0
0,3.084828676946927e-07,0
0,3.1649104566176787e-22,0
0,6.541048388667008e-28,0
0,0.3430744409561157,0
0,0.0049671391025185585,0
0,4.0739390247361594e-25,0
0,1.1286904570695366e-12,0
0,6.796062698533266e-28,0
0,0.0743684321641922,0
0,1.0422238548942917e-15,0
0,0.7698320150375366,1
0,3.6505484786175657e-06,0
0,7.582298307017325e-25,0
0,0.04919619858264923,0
0,3.869249212584691e-06,0
0,0.0002931784256361425,0
0,0.3537944257259369,0
0,2.3198201692942177e-10,0
0,7.022046731292489e-17,0
0,3.1769375254953047e-06,0
0,0.008651543408632278,0
0,0.0007166831055656075,0
0,1.5297951794224218e-10,0
0,0.0006209717830643058,0
0,4.407831511343829e-06,0
0,2.8230749335445005e-11,0
0,1.7895635117099254e-27,0
0,8.395317774301247e-10,0
0,3.6520546018437017e-06,0
0,3.5251133567726356e-08,0
0,3.214543903595768e-05,0
0,1.4092860272999196e-20,0
0,5.0470990530419846e-20,0
0,1.76665158883017e-16,0
0,1.2023345974002108e-37,0
0,0.24305695295333862,0
0,8.877880326372114e-19,0
0,6.06489031919033e-19,0
0,1.0608312450699486e-08,0
0,2.648667952310934e-33,0
0,0.860243558883667,1
0,1.2880332178610843e-07,0
0,0.00017125153681263328,0
0,0.0022933136206120253,0
0,1.262112049386439e-19,0
0,4.464725027473986e-31,0
0,2.2161001922427204e-09,0
0,0.0012087144423276186,0
0,0.0018112033139914274,0
0,0.02939760498702526,0
0,0.0003498733276501298,0
0,2.0740003492392134e-06,0
0,1.0285925444719624e-09,0
0,3.572931284168135e-09,0
0,8.68953620170032e-09,0
0,6.635769977947348e-07,0
0,3.116659383783423e-17,0
0,9.132406557910144e-05,0
0,5.886721223530961e-16,0
0,0.0007052843575365841,0
0,4.2017003174100564e-16,0
0,6.297426299015472e-19,0
0,0.0015113814733922482,0
0,2.0118218344578054e-06,0
0,1.692657949567411e-12,0
0,2.6568093744572252e-05,0
0,3.869643754733643e-12,0
0,0.02897590771317482,0
0,1.4956324321246939e-06,0
0,0.5378133058547974,1
0,1.4325425468086905e-07,0
0,0.14070746302604675,0
0,1.7229184745559678e-10,0
0,3.6394405352369215e-15,0
0,8.10825538655191e-12,0
0,2.4196550540978023e-08,0
0,5.901386180397919e-19,0
0,8.761118806432933e-05,0
0,2.2570738167360105e-08,0
0,4.4490272557595745e-05,0
0,6.3626797341064244e-21,0
0,1.8762148101814091e-06,0
0,0.00023353514552582055,0
0,0.0,0
0,9.779982677654217e-14,0
0,0.37597233057022095,0
0,0.9992233514785767,1
0,3.5423781241661345e-07,0
0,0.016413137316703796,0
0,6.709691660944372e-05,0
0,1.069175596057903e-06,0
0,6.748733767381054e-07,0
0,0.00027031797799281776,0
0,0.0012285878183320165,0
0,4.899544658876209e-10,0
0,0.0001659074187045917,0
0,2.6780364350997843e-05,0
0,2.0122088244534098e-06,0
0,8.870479763049832e-13,0
0,4.556436010716425e-07,0
0,1.2283318362449336e-08,0
0,8.081449571479377e-21,0
0,4.978070577976723e-08,0
0,1.6463769014762875e-08,0
0,1.3231212132869263e-11,0
0,0.004726088605821133,0
0,1.0703992486223755e-24,0
0,3.7586974940495566e-05,0
0,9.201706237249585e-13,0
0,6.074358545457223e-14,0
0,2.348472480662167e-05,0
0,0.01023278571665287,0
0,5.640419083766219e-34,0
0,3.117587766610086e-05,0
0,0.000474126311019063,0
0,1.3114148430590894e-15,0
0,0.0010290553327649832,0
0,1.864130239059847e-10,0
0,8.289975812658668e-05,0
0,0.0043252939358353615,0
0,0.00014942383859306574,0
0,4.0143866499420255e-05,0
0,2.80369622487342e-05,0
0,0.037049323320388794,0
0,1.3511280886702257e-14,0
0,3.345980719056396e-13,0
0,6.982951022971307e-11,0
0,2.923597475223971e-11,0
0,1.0385603315182985e-16,0
0,7.118173925846349e-07,0
0,4.4305858251149095e-15,0
0,0.007036095485091209,0
0,1.0246507932098518e-16,0
0,3.1808793439665455e-15,0
0,0.012023048475384712,0
0,4.133078982704319e-05,0
0,0.9995524883270264,1
0,6.0612044822261394e-24,0
0,0.0004666305030696094,0
0,3.2099118918438307e-09,0
0,2.7031448553316295e-05,0
0,1.5386924048267636e-13,0
0,0.0004420873010531068,0
0,0.00014943753194529563,0
0,4.771959717378668e-21,0
0,1.2393797099718995e-09,0
0,0.00011884655395988375,0
0,7.858236498769077e-20,0
0,0.0118095763027668,0
0,0.9317845702171326,1
0,0.9818153977394104,1
0,0.04941414296627045,0
0,3.832977280175154e-17,0
0,8.505243176415433e-10,0
0,8.05018498795107e-06,0
0,5.870113454875536e-05,0
0,3.0615723289884045e-07,0
0,6.0786969697801396e-05,0
0,5.486801768483929e-08,0
0,2.633042015531828e-07,0
0,1.591183007510352e-29,0
0,7.572645278531876e-17,0
0,0.00033343824907206,0
0,2.6384333125101325e-27,0
0,7.432131238137519e-25,0
0,4.0268996633324033e-14,0
0,2.9054815630620643e-16,0
0,2.0265716216272267e-08,0
0,6.028840187494167e-12,0
0,0.00021182010823395103,0
0,0.010866238735616207,0
0,3.5794484780707347e-13,0
0,0.020615192130208015,0
0,0.0024343247059732676,0
0,3.0116893423581814e-09,0
0,1.0179022514308633e-23,0
0,0.32009726762771606,0
0,8.079288885246509e-20,0
0,1.299680713528692e-13,0
0,9.265207619422424e-24,0
0,0.9995876550674438,1
0,1.151910684893398e-11,0
0,0.0005105882883071899,0
0,3.723625140866771e-13,0
0,1.061641530242241e-08,0
0,3.697258250667801e-07,0
0,8.822762094203625e-15,0
0,5.453265009697228e-12,0
0,6.650880268873376e-31,0
0,1.417894708310996e-07,0
0,5.49002385199598e-26,0
0,6.077141279092757e-07,0
0,3.4648419386940077e-06,0
0,1.7071920747952633e-30,0
0,0.00025580538203939795,0
0,5.317225486578536e-07,0
0,9.337816075927208e-10,0
0,1.7127334785982384e-06,0
0,0.010359901003539562,0
0,1.8054029382597037e-09,0
0,4.443751822691411e-05,0
0,0.9994632005691528,1
0,1.8345509410221567e-17,0
0,0.018467258661985397,0
0,1.645592273558094e-10,0
0,0.2914566993713379,0
0,0.10038989782333374,0
0,5.970513957838093e-16,0
0,0.0005096590030007064,0
0,0.0016326886834576726,0
0,1.3951008440926671e-05,0
0,9.42621356505777e-16,0
0,6.362567805950903e-09,0
0,1.9213453015254345e-06,0
0,3.397412129402255e-08,0
0,3.9338761581575454e-08,0
0,4.6668603317812085e-05,0
0,2.409178271375184e-13,0
0,2.6074883571758356e-11,0
0,6.611828212044202e-06,0
0,5.7386972912354395e-05,0
0,7.63199919928681e-11,0
0,2.068276050880486e-16,0
0,1.9570056714490994e-26,0
0,2.2194617486093193e-05,0
0,0.004059838131070137,0
0,4.563394782053365e-07,0
0,1.2080609845810386e-09,0
0,6.029465663727474e-13,0
0,0.0,0
0,1.0877387879304479e-10,0
0,0.010107594542205334,0
0,0.0005438490188680589,0
0,9.889922694128472e-06,0
0,3.649339319622413e-08,0
0,4.124974667396586e-12,0
0,1.587377961281139e-13,0
0,0.991721510887146,1
0,0.003610831219702959,0
0,8.838513167575002e-05,0
0,1.458898890582816e-09,0
0,0.6978201270103455,1
0,4.7851435738266446e-06,0
0,0.000503460643813014,0
0,6.395280897734945e-13,0
0,1.3631960030646442e-34,0
0,2.141579489157823e-14,0
0,0.036519404500722885,0
0,3.845504169546106e-15,0
0,0.002024194225668907,0
0,6.878624390083132e-07,0
0,9.801126964924794e-22,0
0,1.1414102393352684e-26,0
0,7.042268319419205e-17,0
0,7.980090543924234e-08,0
0,0.0005738300969824195,0
0,3.0493032681988552e-05,0
0,7.476880781176476e-10,0
0,0.024104870855808258,0
0,9.420477908861358e-07,0
0,0.014855424873530865,0
0,8.043949861757937e-08,0
0,3.458639763476157e-10,0
0,8.019553059943885e-25,0
0,0.01088353805243969,0
0,1.217131950781436e-10,0
0,2.6428605970352237e-09,0
0,0.9861646294593811,1
0,1.2867647458269041e-20,0
0,5.7130076535915294e-36,0
0,3.042287062271498e-07,0
0,3.0154751440101396e-16,0
0,3.522923286425339e-09,0
0,5.279860553684888e-23,0
0,5.29340695720748e-07,0
0,0.0003311923355795443,0
0,1.90272931777837e-17,0
0,7.743298190143744e-13,0
0,0.00010594840568955988,0
0,4.636288508663711e-08,0
0,4.1787236948779832e-22,0
0,5.883585345145548e-06,0
0,3.642337643486866e-24,0
0,2.4203153370372377e-10,0
0,3.4890276431887024e-12,0
0,5.326571070280975e-20,0
0,5.591175522567937e-09,0
0,1.4004794657296316e-08,0
0,1.3056125069965674e-08,0
0,9.963072807295248e-05,0
0,1.2357418199826498e-06,0
0,0.00023916142527014017,0
0,0.007409476675093174,0
0,0.00012016582331852987,0
0,0.0001575817004777491,0
0,4.035900502685763e-09,0
0,6.856450598964191e-16,0
0,9.00974050921377e-09,0
0,0.0010233563371002674,0
0,3.520389145705849e-05,0
0,1.1440457825528938e-07,0
0,1.665831860009348e-06,0
0,1.3677095012099016e-06,0
0,3.7082841225363365e-26,0
0,5.015891602035471e-24,0
0,0.00019613314361777157,0
0,9.374418823426822e-07,0
0,8.129526105028415e-14,0
0,1.0464778199548164e-07,0
0,3.224504396825978e-08,0
0,0.0005855468916706741,0
0,0.35807764530181885,0
0,0.0,0
0,0.11115223169326782,0
0,3.139972516554909e-31,0
0,1.2450428584998008e-05,0
0,6.481476702902e-06,0
0,9.832946901155992e-09,0
0,0.0907193198800087,0
0,2.793877840190362e-08,0
0,1.8942638462249306e-06,0
0,1.0403097405742301e-07,0
0,2.334769487788435e-05,0
0,3.185075492247684e-18,0
0,1.5429936439659286e-08,0
0,1.46501317224292e-18,0
0,9.619292740126184e-08,0
0,0.9988982677459717,1
0,2.7964274522673804e-06,0
0,0.0013802866451442242,0
0,2.1022951175037052e-14,0
0,4.6507486750613225e-09,0
0,2.6671002547448045e-34,0
0,9.853150694637684e-31,0
0,3.437848499743268e-05,0
0,2.874226030791238e-12,0
0,2.659567677198993e-09,0
0,0.0017893621698021889,0
0,3.3810950628078863e-15,0
0,7.559912695853654e-10,0
0,2.828348820530269e-21,0
0,0.038798924535512924,0
0,1.1183469439401961e-07,0
0,4.9790793710258185e-09,0
0,3.189305175510526e-07,0
0,0.999997615814209,1
0,7.697895933030059e-23,0
0,9.181929527812827e-08,0
0,3.3343061384832895e-12,0
0,0.00027141993632540107,0
0,2.764899363683071e-06,0
0,1.4634788492173811e-08,0
0,0.999976634979248,1
0,0.08254168182611465,0
0,0.1420331597328186,0
0,0.004729938693344593,0
0,2.8963597594155405e-25,0
0,7.577899668831378e-05,0
0,1.3132921592377806e-16,0
0,9.646995380307999e-08,0
0,9.908663044839447e-28,0
0,1.7242702597286552e-05,0
0,0.4554244875907898,0
0,3.202808244312516e-12,0
0,0.0009062619647011161,0
0,0.017770927399396896,0
0,3.5181499935532656e-09,0
0,1.1844614813971439e-14,0
0,0.0008479827083647251,0
0,6.764694482493791e-34,0
0,0.2896488308906555,0
0,1.2986943446211438e-18,0
0,3.707688878140658e-10,0
0,7.80560382357294e-17,0
0,2.1831795038451673e-07,0
0,1.7679454913377413e-06,0
0,0.002165797632187605,0
0,4.255451598874716e-15,0
0,5.780653191365948e-13,0
0,1.0948989978554202e-11,0
0,2.0050316962283432e-09,0
0,0.00019814944243989885,0
0,4.725062883196365e-23,0
0,2.3525757774836955e-16,0
0,0.05939763784408569,0
0,0.7260960340499878,1
0,0.001520251389592886,0
0,0.10497265309095383,0
0,2.9379229999904055e-06,0
0,0.00013453308201860636,0
0,1.3136172128724866e-05,0
0,5.979854833526588e-09,0
0,5.431799600140452e-27,0
0,5.947497105150746e-20,0
0,7.108338874538511e-17,0
0,0.12638677656650543,0
0,9.462453234431335e-15,0
0,8.521206656952884e-11,0
0,9.115645411839068e-07,0
0,0.962230920791626,1
0,8.035250971261121e-07,0
0,6.427317202906124e-06,0
0,4.718326285235719e-10,0
0,1.5885413517935376e-07,0
0,9.781089147509192e-07,0
0,0.0159289687871933,0
0,7.587498795355368e-16,0
0,3.1122161004050334e-17,0
0,0.00029492273461073637,0
0,6.452006346080452e-05,0
0,3.0225673981476575e-05,0
0,4.559081207844429e-05,0
0,2.7626980564354753e-12,0
0,9.496792335994542e-05,0
0,1.4029430417394906e-07,0
0,0.0,0
0,1.1168854881872345e-33,0
0,4.84863438586458e-37,0
0,0.016227681189775467,0
0,0.005127456039190292,0
0,6.062796278615323e-38,0
0,0.5734939575195312,1
0,0.5801969170570374,1
0,6.751339242327958e-05,0
0,1.3786483066269284e-09,0
0,3.6108721568339774e-10,0
0,1.7134461813839152e-05,0
0,4.127873271592265e-20,0
0,1.800736981749651e-07,0
0,3.7469483231689082e-06,0
0,0.04659133031964302,0
0,7.639605569700292e-29,0
0,2.8733420549542643e-05,0
0,5.4558211559196934e-05,0
0,3.588954200495209e-07,0
0,3.453735871516983e-06,0
0,1.0910832315857988e-05,0
0,1.390394356049428e-22,0
0,3.808791149140234e-08,0
0,0.3569415509700775,0
0,0.017802689224481583,0
0,0.0001422049244865775,0
0,6.664431673186755e-09,0
0,4.120375568517076e-11,0
0,1.0861588185936619e-14,0
0,2.747334304498139e-11,0
0,0.0,0
0,3.525197061343688e-12,0
0,6.632523579041625e-21,0
0,1.0190445209445897e-05,0
0,6.483135803136975e-05,0
0,5.180173984534707e-14,0
0,7.807287261130114e-08,0
0,7.828057091430196e-10,0
0,9.949850209522992e-06,0
0,0.0007671940256841481,0
0,7.205672432064603e-07,0
0,0.0005040888208895922,0
0,1.6341819009113578e-09,0
0,0.00011228154471609741,0
0,0.0018170487601310015,0
0,1.038385200047287e-08,0
0,0.000668961787596345,0
0,3.703732112669833e-11,0
0,7.012441346887499e-05,0
0,1.085380861060835e-23,0
0,1.6424360183009412e-07,0
0,0.0003386064781807363,0
0,1.848139974391927e-09,0
0,1.6396793319807534e-13,0
0,0.015201576054096222,0
0,8.234960565019211e-13,0
0,2.2107589569490393e-15,0
0,1.5771078550194017e-19,0
0,9.221645315850256e-38,0
0,1.191998762806179e-06,0
0,8.583619091950823e-06,0
0,0.01752682775259018,0
0,2.7311451384606077e-19,0
0,2.0519103083316281e-10,0
0,5.185195561807632e-08,0
0,1.0654299572579115e-13,0
0,1.335244415034964e-10,0
0,2.856401686499486e-18,0
0,1.669349671828968e-06,0
0,0.0003885074984282255,0
0,6.864707756903954e-06,0
0,2.4339647352705057e-19,0
0,0.17281362414360046,0
0,0.0007804478518664837,0
0,2.2079206947992154e-30,0
0,0.09104247391223907,0
0,5.73735331602977e-16,0
0,0.015560014173388481,0
0,3.0891184055192866e-10,0
0,1.7850499716587365e-05,0
0,4.423310606682662e-10,0
0,2.8008457775285933e-06,0
0,4.0135528234230833e-10,0
0,1.5844117196624902e-13,0
0,1.5008695340909658e-33,0
0,5.169726353786432e-31,0
0,1.0423741270094641e-13,0
0,3.4302831863897154e-07,0
0,0.0003299798700027168,0
0,8.895074954384796e-11,0
0,0.0006869460339657962,0
0,0.0002451679902151227,0
0,1.1407800654278152e-29,0
0,0.9929870367050171,1
0,0.00011712818377418444,0
0,1.0996499934592951e-12,0
0,0.00047089040162973106,0
0,1.738543933382103e-14,0
0,2.3539410224416424e-24,0
0,0.062298089265823364,0
0,0.0007813972188159823,0
0,1.2926737310060574e-38,0
0,3.00621442691869e-16,0
0,9.66092553178477e-11,0
0,7.925000318209641e-07,0
0,6.48942010561147e-15,0
0,2.261979119566604e-07,0
0,1.0624279928039826e-10,0
0,0.0010929601266980171,0
0,4.510914753709516e-13,0
0,2.9469623768818565e-05,0
0,9.502039996847622e-14,0
0,2.073475668506325e-14,0
0,8.661701258461107e-07,0
0,1.141208151580209e-16,0
0,1.2047108204407946e-14,0
0,3.673945869753226e-11,0
0,1.247070224863478e-09,0
0,6.64506785597041e-07,0
0,5.825219417943117e-09,0
0,4.390850881463848e-05,0
0,1.856972744462837e-06,0
0,0.006012010853737593,0
0,1.3513203056536582e-10,0
0,4.54523724213729e-10,0
0,8.355551214234125e-16,0
0,1.0679311657213475e-08,0
0,2.1664222499273578e-11,0
0,1.1391231055313256e-05,0
0,2.443870259088185e-15,0
0,7.713859567473459e-17,0
0,0.001879560062661767,0
0,3.039275017348115e-23,0
0,5.810071391013083e-14,0
0,1.1433612598921172e-06,0
0,6.115251416360934e-09,0
0,1.3094594852880448e-11,0
0,2.429947351577331e-26,0
0,2.2518939837845586e-11,0
0,1.2693674169446163e-21,0
0,4.630845833183927e-24,0
0,5.011868016988391e-25,0
0,0.010712875053286552,0
0,5.300392828637424e-13,0
0,0.0006623497465625405,0
0,2.1803472805004276e-07,0
0,2.982676960527897e-06,0
0,2.371586742810905e-05,0
0,4.6264796329154975e-31,0
0,0.9321363568305969,1
0,6.902584573253989e-05,0
0,0.00011628754145931453,0
0,2.8064288670748283e-09,0
0,2.4588470148856345e-10,0
0,2.0239085740226243e-31,0
0,4.451247495945724e-22,0
0,6.002238137625682e-07,0
0,7.971526065375656e-05,0
0,3.2574784044692975e-18,0
0,2.49016693487647e-06,0
0,0.9996592998504639,1
0,3.36764998110084e-07,0
0,2.5800487080118728e-08,0
0,1.6434004202452377e-17,0
0,2.2175578786584127e-15,0
0,9.890180688310046e-12,0
0,1.9275650558285327e-24,0
0,2.431423062887461e-09,0
0,1.2662573355311235e-14,0
0,2.6984554324371857e-07,0
0,1.0255280358251184e-06,0
0,2.8251612160801187e-10,0
0,1.3978774404677097e-06,0
0,2.217497922174516e-06,0
0,0.9574661254882812,1
0,0.000138523755595088,0
0,0.00011456343054305762,0
0,2.299730451731048e-26,0
0,0.9999976754188538,1
0,3.197365261442542e-09,0
0,3.5871797670616336e-16,0
0,8.593792699684855e-06,0
0,2.1023717739854317e-16,0
0,5.048178888800159e-12,0
0,9.562816686043839e-16,0
0,0.0005073099164292216,0
0,0.0,0
0,2.9211169021436945e-06,0
0,0.000867165916133672,0
0,1.1316130629388747e-14,0
0,0.0014094207435846329,0
0,1.2941609589534053e-11,0
0,1.1838166558142404e-10,0
0,2.6554880605544895e-06,0
0,3.4129820960515644e-06,0
0,1.0867014310633749e-07,0
0,0.0,0
0,1.63850072567584e-05,0
0,5.281239334742338e-10,0
0,0.0008750616107136011,0
0,9.371068019737652e-25,0
0,1.6917660328186201e-10,0
0,1.4895778804202564e-05,0
0,1.3762109907871366e-17,0
0,0.35733580589294434,0
0,3.459384200540233e-14,0
0,5.8996818552259356e-05,0
0,8.203451784538629e-07,0
0,2.2756529993728236e-09,0
0,4.3593627196969464e-06,0
0,1.1210993342437164e-13,0
0,0.008928346447646618,0
0,7.400981216765246e-11,0
0,2.837329020621837e-07,0
0,2.3964770434758975e-07,0
0,2.0154327984300835e-08,0
0,1.3744690345023597e-28,0
0,5.794442193832857e-26,0
0,0.00012323954433668405,0
0,7.474541818819347e-12,0
0,8.545321026308395e-14,0
0,6.2078160389944514e-09,0
0,0.00019209837773814797,0
0,0.35921862721443176,0
0,1.244792110810522e-05,0
0,2.019413487864172e-22,0
0,0.5420395135879517,1
0,5.54155521470534e-09,0
0,0.05023322254419327,0
0,0.0018688417039811611,0
0,4.0316328106497665e-18,0
0,5.603917088592425e-05,0
0,9.963979209715035e-06,0
0,1.1602607763450123e-11,0
0,1.769181835697964e-05,0
0,0.00019723977311514318,0
0,0.7104972004890442,1
0,4.708324286006871e-10,0
0,0.00046723487321287394,0
0,0.0035774149000644684,0
0,2.1798936768842173e-18,0
0,7.317723683952781e-12,0
0,2.391547205084886e-25,0
0,1.7114921150907002e-15,0
0,0.04619915038347244,0
0,0.6211308240890503,1
0,8.019638335099444e-05,0
0,5.388282181550963e-11,0
0,0.9998694062232971,1
0,7.623562892078439e-11,0
0,2.1497669877135195e-05,0
0,0.004244382493197918,0
0,5.06678117926865e-26,0
0,2.6528963487787438e-14,0
0,3.7462028558366e-05,0
0,0.9999778866767883,1
0,0.0010695864912122488,0
0,0.01403603795915842,0
0,1.30415946841822e-06,0
0,5.2233658607292455e-06,0
0,3.3214316667336817e-18,0
0,0.001431186217814684,0
0,1.3788994692731649e-05,0
0,0.0011824752436950803,0
0,3.1986004556811e-12,0
0,8.30429095714097e-13,0
0,1.4983051244144008e-07,0
0,4.1861665907782716e-14,0
0,0.0038861529901623726,0
0,0.8510419726371765,1
0,6.070942504265986e-08,0
0,3.981069312430918e-05,0
0,1.1388568976755664e-09,0
0,3.505411664065762e-23,0
0,8.408089342992753e-06,0
0,0.0065925163216888905,0
0,2.911636312410506e-30,0
0,2.1234790677811157e-38,0
0,1.8081071857523057e-06,0
0,0.36530405282974243,0
0,1.8855681017858217e-21,0
0,3.9186139474622905e-05,0
0,2.2652600035120096e-26,0
0,0.018348027020692825,0
0,0.0005522327264770865,0
0,0.9980003833770752,1
0,1.0715083362811129e-06,0
0,4.4095848500402823e-11,0
0,1.5535329112026375e-06,0
0,0.9994802474975586,1
0,3.557252758958247e-14,0
0,0.9756609797477722,1
0,0.0236484594643116,0
0,1.8758880560021396e-10,0
0,1.951468969752071e-31,0
0,2.3905677153379656e-06,0
0,3.0936734903984527e-15,0
0,0.0030038319528102875,0
0,0.8467881083488464,1
0,3.980131137153737e-25,0
0,0.000981540186330676,0
0,5.5272130339290015e-06,0
0,3.531576886397353e-13,0
0,0.9975918531417847,1
0,1.0621700047286353e-10,0
0,0.9994857311248779,1
0,0.3416211009025574,0
0,9.320131539425347e-06,0
0,3.564472219952787e-18,0
0,0.0012059538858011365,0
0,2.3573059270985187e-18,0
0,0.5695205926895142,1
0,5.283158770907903e-06,0
0,7.366673526121303e-05,0
0,0.00011442216055002064,0
0,1.273536920365359e-08,0
0,2.1467581046152873e-09,0
0,0.017337478697299957,0
0,0.00017738385940901935,0
0,6.960782590516995e-14,0
0,0.0,0
0,1.3096959178714852e-27,0
0,5.4717848307905825e-11,0
0,0.9997332692146301,1
0,9.02449239399275e-23,0
0,1.5600690184136567e-10,0
0,1.7211964275717917e-13,0
0,6.703799954266287e-06,0
0,2.708347608404438e-07,0
0,1.5138824221994085e-11,0
0,1.9983577459470325e-08,0
0,4.6834058593958616e-05,0
0,1.0,1
0,1.1935271598880654e-17,0
0,1.4866756292154976e-35,0
0,1.1350256051586405e-16,0
0,3.054925572822958e-35,0
0,1.9357027871546116e-23,0
0,5.062727320703786e-11,0
0,0.11212297528982162,0
0,1.2787559572867715e-20,0
0,0.007688305340707302,0
0,2.5003133244383413e-13,0
0,3.410510771573172e-07,0
0,2.733883093242184e-07,0
0,3.123108882618908e-08,0
0,4.35246949592738e-09,0
0,0.8011736869812012,1
0,0.00011398678179830313,0
0,5.10979772788637e-20,0
0,2.553208787503536e-06,0
0,0.02935553714632988,0
0,4.1992502084356743e-17,0
0,6.361123849885075e-10,0
0,8.928381367567795e-10,0
0,0.00015119528688956052,0
0,1.4936889391407193e-18,0
0,0.004745812155306339,0
0,0.5461301803588867,1
0,3.234403266105801e-06,0
0,1.903831616800744e-06,0
0,4.0247996992495705e-14,0
0,6.6492450583629896e-15,0
0,0.0002373152383370325,0
0,7.808314758661616e-12,0
0,3.139455362344279e-09,0
0,2.049422914360277e-12,0
0,0.0001103782415157184,0
0,0.0,0
0,8.955455996328965e-06,0
0,7.074253517203033e-05,0
0,0.0010515283793210983,0
0,0.0003323375713080168,0
0,6.301767143668258e-07,0
0,2.6627606075635413e-07,0
0,7.616702871937742e-38,0
0,1.8317805938750098e-07,0
0,3.904507620000608e-11,0
0,4.518009230625175e-13,0
0,3.3700167188907473e-15,0
0,3.965058302046793e-30,0
0,1.3906790627515875e-05,0
0,0.0011102913413196802,0
0,4.206967348270585e-14,0
0,1.0469206252898566e-18,0
0,2.5221159796057213e-12,0
0,2.7590008357947227e-06,0
0,9.095691348193213e-05,0
0,0.9240608811378479,1
0,4.7057676390876204e-18,0
0,4.767314321085792e-10,0
0,8.526068995706737e-06,0
0,2.506116210435297e-20,0
0,4.9705922780816454e-20,0
0,0.00010269509948557243,0
0,8.41285722207676e-20,0
0,3.002625894621781e-27,0
0,7.465389400713555e-18,0
0,1.979400998664005e-08,0
0,0.06200174614787102,0
0,2.6148871574334488e-17,0
0,2.584067626543174e-09,0
0,5.914872872381238e-06,0
0,1.134343053516007e-12,0
0,2.0557916968755308e-07,0
0,2.7232226784690283e-06,0
0,0.00032607713364996016,0
0,0.0,0
0,1.812214376146234e-18,0
0,0.03270015865564346,0
0,0.004184474237263203,0
0,4.521639952650286e-13,0
0,3.7763099938747935e-12,0
0,0.00010905537783401087,0
0,2.117288886438473e-07,0
0,1.6105302199458034e-22,0
0,1.4406076331852091e-08,0
0,0.9999967813491821,1
0,0.00018885113240685314,0
0,4.076619416004375e-20,0
0,9.313383397824282e-14,0
0,3.31639902172165e-12,0
0,5.2086179493926466e-05,0
0,1.1526780080307026e-25,0
0,6.051629316061735e-05,0
0,0.5372463464736938,1
0,2.6903981051873416e-05,0
0,0.2944287061691284,0
0,0.000164340395713225,0
0,2.857258645614091e-19,0
0,0.0015643052756786346,0
0,8.547233676381438e-08,0
0,5.3598817828515166e-08,0
0,1.203327656185138e-06,0
0,0.5716538429260254,1
0,1.126647930504987e-05,0
0,0.0006103734485805035,0
0,3.1590143398685884e-17,0
0,1.2039521669112568e-13,0
0,2.0434330849639082e-07,0
0,5.1850780613538205e-12,0
0,0.01558665744960308,0
0,1.5237676507240394e-06,0
0,0.7026695013046265,1
0,1.735601766472694e-11,0
0,0.00010820387251442298,0
0,2.7871126803802326e-05,0
0,1.159974416457816e-31,0
0,0.0007535888580605388,0
0,5.044632619348021e-15,0
0,0.00022911082487553358,0
0,4.0689118740999675e-09,0
0,0.009966740384697914,0
0,6.506679418351313e-14,0
0,3.015810191950135e-23,0
0,2.80121668083666e-07,0
0,5.826809683640022e-07,0
0,0.00014651457604486495,0
0,9.610957363292982e-09,0
0,1.8200520843052181e-13,0
0,9.033756381837676e-12,0
0,5.103954232995797e-14,0
0,2.3354970668617713e-37,0
0,3.423429006943479e-07,0
0,2.3708191659865818e-11,0
0,0.01599612645804882,0
0,9.95509751022805e-12,0
0,4.994298706151312e-06,0
0,2.5020016440613357e-12,0
0,0.0005016321083530784,0
0,5.989909205764527e-23,0
0,0.1055339127779007,0
0,0.00035571426269598305,0
0,0.0024358537048101425,0
0,8.64661444666126e-08,0
0,8.893961762623803e-07,0
0,0.0003349889302626252,0
0,1.6214199037231647e-12,0
0,0.00013784387556370348,0
0,2.66695832085162e-10,0
0,0.2248528003692627,0
0,1.4607193232762938e-10,0
0,9.947204718500315e-21,0
0,0.0001448415860068053,0
0,8.6692208082748e-30,0
0,6.950928027604775e-11,0
0,0.0038810218684375286,0
0,0.09652350842952728,0
0,6.333930267483998e-15,0
0,0.03994528576731682,0
0,1.1252169862530081e-08,0
0,4.563858243145785e-14,0
0,0.001705216825939715,0
0,4.552514439102977e-14,0
0,2.05960368759861e-08,0
0,4.4255692444039596e-08,0
0,3.693730563281382e-26,0
0,1.5986681041465577e-28,0
0,5.058785745859495e-07,0
0,0.03580779582262039,0
0,3.6364546929235075e-09,0
0,0.0005606854101642966,0
0,8.62965204432551e-26,0
0,2.4693055933333596e-10,0
0,5.4043051932239905e-05,0
0,1.5688277066328027e-11,0
0,0.9996503591537476,1
0,0.0001661654532654211,0
0,1.6549388526243547e-09,0
0,2.82470347195377e-15,0
0,2.8512681105041793e-09,0
0,8.394324346738813e-09,0
0,0.0023462343961000443,0
0,0.4497506022453308,0
0,2.866988742280932e-23,0
0,0.001503487816080451,0
0,0.026734791696071625,0
0,0.0011203542817384005,0
0,2.514798893571424e-07,0
0,1.2417712903828478e-18,0
0,1.1899912806256907e-06,0
0,0.00043723208364099264,0
0,1.5098516215061863e-08,0
0,1.7428524401452705e-08,0
0,1.1183680648230165e-09,0
0,0.0003844427701551467,0
0,0.0,0
0,9.563250932842493e-05,0
0,5.160523397496064e-11,0
0,0.5144126415252686,1
0,3.253128858423244e-24,0
0,1.0833428338435924e-12,0
0,1.0975493296427885e-06,0
0,1.4097458854367714e-17,0
0,7.298443179622722e-30,0
0,7.596293385980779e-12,0
0,1.3794579899695236e-05,0
0,7.868290620620717e-20,0
0,1.916829619771475e-31,0
0,5.205911747907521e-06,0
0,2.816422413514805e-28,0
0,2.7268674784863833e-06,0
0,4.132622244412687e-09,0
0,0.7939149737358093,1
0,0.0005240717437118292,0
0,0.018155181780457497,0
0,4.7311939852079377e-05,0
0,0.8678752183914185,1
0,6.60632789792337e-13,0
0,0.0031121664214879274,0
0,5.413720048343313e-26,0
0,1.4308158412684424e-22,0
0,2.3190435967990197e-05,0
0,1.3024987550534284e-19,0
0,1.3893428274514008e-07,0
0,9.330907602134175e-09,0
0,8.354691658496449e-07,0
0,7.841857718737799e-11,0
0,5.933186804039372e-16,0
0,0.29945164918899536,0
0,0.016524694859981537,0
0,9.46640679051427e-25,0
0,0.0005477787344716489,0
0,6.157635877421307e-20,0
0,3.470661666683148e-18,0
0,0.14326438307762146,0
0,1.4784088920119288e-37,0
0,2.3977640012162738e-05,0
0,6.873875122437312e-07,0
0,5.271490065479351e-15,0
0,1.4328792374840305e-08,0
0,0.2618696093559265,0
0,0.0009333409834653139,0
0,1.162847402868877e-14,0
0,8.562302776515818e-12,0
0,0.03498572111129761,0
0,1.3312373772778052e-11,0
0,1.544019731233598e-26,0
0,0.9999581575393677,1
0,9.134650099440478e-06,0
0,0.0003832757065538317,0
0,2.1258426841086475e-06,0
0,0.05285780131816864,0
0,0.008902393281459808,0
0,0.9999650716781616,1
0,6.5646156744624755e-24,0
0,9.8244112498036e-13,0
0,1.2647700890224343e-25,0
0,4.849944890139568e-10,0
0,4.6536392517282366e-09,0
0,2.2688118406222202e-07,0
0,0.0,0
0,2.775237069951775e-25,0
0,0.00015864529996179044,0
0,2.4940375285831262e-12,0
0,0.014389658346772194,0
0,1.2801252751160064e-06,0
0,2.24990799324587e-08,0
0,5.3582669352181256e-05,0
0,4.456456093038241e-09,0
0,1.5397846665177422e-16,0
0,0.001362699898891151,0
0,7.326712534450053e-07,0
0,0.00039828623994253576,0
0,0.0026324610225856304,0
0,1.9926265854491388e-15,0
0,2.2454428724380526e-13,0
0,1.017647264234256e-07,0
0,5.216587671180833e-32,0
0,2.4310642388059023e-10,0
0,0.8710411787033081,1
0,1.2136580850614574e-22,0
0,7.355293712590666e-16,0
0,0.6784138679504395,1
0,0.002163448603823781,0
0,1.385903036776881e-08,0
0,3.1221148333315796e-08,0
0,1.1260482578898339e-24,0
0,5.034974215334387e-09,0
0,2.385583229624899e-06,0
0,3.3656890536803985e-06,0
0,1.0956416645058198e-06,0
0,8.827704192637675e-13,0
0,2.7020411152989254e-07,0
0,3.001706194302899e-37,0
0,8.401701643429016e-13,0
0,1.0705198505434055e-08,0
0,1.5808588216259523e-08,0
0,0.002735135145485401,0
0,9.083499924456007e-11,0
0,3.971205655983745e-11,0
0,0.19878745079040527,0
0,0.0036168284714221954,0
0,0.0008299105684272945,0
0,1.233665768239956e-17,0
0,2.6697169152057295e-24,0
0,5.149247226654552e-05,0
0,0.001511810114607215,0
0,5.018693460812074e-09,0
0,0.15646526217460632,0
0,0.005810817703604698,0
0,0.0019220446702092886,0
0,1.0239637369930653e-17,0
0,5.221091123530641e-05,0
0,9.26685897866264e-05,0
0,0.12942393124103546,0
0,7.900774221525353e-07,0
0,5.769152721768478e-06,0
0,2.1258617834973847e-06,0
0,1.3287191438363436e-16,0
0,2.3346505551822908e-20,0
0,0.05682904273271561,0
0,1.360825198749103e-19,0
0,1.1078482883481903e-17,0
0,2.686200605239719e-05,0
0,3.89978360715304e-09,0
0,2.5624771637922095e-07,0
0,0.0001464642264181748,0
0,2.184553301597002e-20,0
0,1.727546873553365e-06,0
0,9.873728218498176e-14,0
0,3.10903305944521e-06,0
0,4.381500104955194e-07,0
0,0.00013911176938563585,0
0,0.4844018518924713,0
0,3.253000249969773e-05,0
0,2.9009181667059847e-13,0
0,1.0,1
0,0.0011813635937869549,0
0,2.6326656552555505e-06,0
0,2.109320433874018e-07,0
0,7.607809910919992e-22,0
0,1.1763145266741049e-06,0
0,0.036606207489967346,0
0,1.0261714394887989e-10,0
0,0.0002697641320992261,0
0,0.001940739806741476,0
0,0.028766028583049774,0
0,6.359825986818816e-31,0
0,7.221432150429982e-20,0
0,6.399546336487543e-17,0
0,5.413718952296254e-12,0
0,5.970102400328172e-20,0
0,0.00010248407488688827,0
0,5.451640222278738e-24,0
0,0.004653850570321083,0
0,2.3598030907123757e-07,0
0,2.1868517413592414e-11,0
0,0.004741078708320856,0
0,0.0007056170143187046,0
0,0.29632893204689026,0
0,3.5058077525279896e-31,0
0,1.888695498825435e-13,0
0,0.0005846115527674556,0
0,8.123502993839793e-06,0
0,1.4095735423325095e-06,0
0,4.991112150088591e-30,0
0,1.6342930155878455e-13,0
0,3.001269988089916e-08,0
0,8.588090794070524e-10,0
0,1.7079591074775635e-08,0
0,3.135977411507775e-21,0
0,5.0590724498533746e-08,0
0,1.9930402572754247e-07,0
0,0.4514343738555908,0
0,0.07465273141860962,0
0,1.0938876584987156e-05,0
0,1.0978061482092016e-07,0
0,1.3228998795966618e-05,0
0,0.011747291311621666,0
0,0.9993187785148621,1
0,2.8409696817277563e-10,0
0,8.028687261685263e-06,0
0,0.044280003756284714,0
0,0.005309427157044411,0
0,9.08123877203619e-14,0
0,4.836614442282894e-10,0
0,0.0028655226342380047,0
0,7.826220098650083e-06,0
0,4.2661464638715785e-12,0
0,3.7951579656692047e-07,0
0,0.593221127986908,1
0,1.8191975608932032e-21,0
0,1.0609976439091007e-11,0
0,0.011017916724085808,0
0,6.838152266652742e-11,0
0,3.303879386595926e-25,0
0,2.67578216153197e-05,0
0,0.004789160098880529,0
0,3.6783609402846196e-07,0
0,0.9898151755332947,1
0,0.5795131325721741,1
0,2.7691361584676422e-17,0
0,4.505878309357669e-12,0
0,0.033742379397153854,0
0,2.5068017040562077e-20,0
0,0.0027007032185792923,0
0,0.00019266993331257254,0
0,0.5698227286338806,1
0,0.27016985416412354,0
0,3.6077915410714922e-06,0
0,0.0015970768872648478,0
0,0.0001146934664575383,0
0,9.493721364606245e-10,0
0,2.386968162682024e-06,0
0,7.262590224854648e-05,0
0,2.796407427309004e-28,0
0,8.605213980619753e-13,0
0,0.0042913369834423065,0
0,1.738320406730054e-06,0
0,0.007897058501839638,0
0,0.0001617682137293741,0
0,2.792224222503137e-05,0
0,0.005045638419687748,0
0,9.62199737841729e-06,0
0,0.036546509712934494,0
0,9.102504009206314e-06,0
0,4.71419359161277e-21,0
0,0.5915799140930176,1
0,0.014048844575881958,0
0,0.0010024604853242636,0
0,1.6576059351791628e-06,0
0,0.0025373436510562897,0
0,2.6561276172287762e-05,0
0,1.0938359593093416e-11,0
0,4.3745712900999933e-05,0
0,1.7799282114438853e-20,0
0,2.6848750778185604e-08,0
0,4.3538552745303605e-06,0
0,3.6051292227057274e-06,0
0,0.04288002476096153,0
0,5.9458689065650105e-05,0
0,0.0001826475199777633,0
0,2.2550524590769783e-05,0
0,0.00010518165800021961,0
0,0.08953924477100372,0
0,1.246500573870435e-07,0
0,3.801008006121265e-07,0
0,4.469822670216672e-06,0
0,2.7336535812771956e-12,0
0,1.0789896376072199e-15,0
0,2.2794427422923036e-05,0
0,0.0349067747592926,0
0,8.115220589850904e-29,0
0,2.052964418908232e-06,0
0,0.13681475818157196,0
0,2.570436886682238e-16,0
0,1.709074786049314e-05,0
0,8.04330892830517e-32,0
0,2.2391195670934394e-05,0
0,2.5497938996642624e-16,0
0,7.769659429993356e-22,0
0,9.802500781968455e-24,0
0,4.2104926478714333e-07,0
0,4.5514683612039635e-23,0
0,0.0002343889937037602,0
0,0.04540635645389557,0
0,2.4685644153810138e-12,0
0,4.659357000491582e-05,0
0,2.1136696559675983e-11,0
0,0.007625602651387453,0
0,1.0,1
0,1.1499213314891676e-07,0
0,6.548793317051604e-05,0
0,1.7755320271964305e-22,0
0,0.9999942779541016,1
0,0.00029258657013997436,0
0,3.114720129815396e-06,0
0,7.302178914869728e-07,0
0,6.850472800579155e-06,0
0,6.063030891281394e-29,0
0,8.206211894094904e-15,0
0,2.496521458166959e-18,0
0,0.021277375519275665,0
0,7.542603931568522e-15,0
0,9.388790470275212e-36,0
0,5.058388524048496e-06,0
0,4.003589733522994e-18,0
0,0.3973521590232849,0
0,0.06901513785123825,0
0,2.9270343093745765e-11,0
0,0.00014909874880686402,0
0,3.018675087673728e-08,0
0,2.622908823468606e-08,0
0,3.5533323589236853e-20,0
0,1.2929959880558783e-10,0
0,8.007269798326888e-07,0
0,4.9087095248978585e-05,0
0,0.0030099106952548027,0
0,0.00015352226910181344,0
0,2.8305636660906264e-18,0
0,7.328794238148362e-10,0
0,3.9657603423393084e-08,0
0,0.0014532897621393204,0
0,0.35787948966026306,0
0,6.5012745835701935e-06,0
0,0.0967995896935463,0
0,0.0003637931076809764,0
0,0.000719129981007427,0
0,9.997172005022292e-16,0
0,6.590119596694421e-07,0
0,4.51719643024262e-06,0
0,0.00020061938266735524,0
0,1.8831012214014027e-19,0
0,5.510286791832186e-05,0
0,0.1381775289773941,0
0,3.5651640928335837e-07,0
0,0.0009702836396172643,0
0,9.102001270744342e-12,0
0,0.013147300109267235,0
0,0.005678807385265827,0
0,9.861886020269203e-16,0
0,2.1915845138664736e-07,0
0,0.31903013586997986,0
0,3.755567037910801e-12,0
0,1.8953405739405987e-13,0
0,9.273836180003731e-23,0
0,3.302189424680968e-11,0
0,6.359260851240833e-08,0
0,2.871240489810134e-08,0
0,3.0274100026872475e-07,0
0,0.00011394220928195864,0
0,0.01379467360675335,0
0,1.9024816444446202e-11,0
0,0.011257944628596306,0
0,0.00010757107520475984,0
0,8.57050075353527e-09,0
0,1.6730534753151005e-06,0
0,2.4335213311132975e-06,0
0,9.698786016087979e-05,0
0,5.982303682375983e-14,0
0,1.9009949028259143e-06,0
0,0.03259114548563957,0
0,3.2350340184450488e-09,0
0,0.00019344080646988004,0
0,0.03354359418153763,0
0,6.715027270193229e-28,0
0,1.8697070801321214e-12,0
0,1.0885095891321767e-14,0
0,6.057295507191918e-13,0
0,1.500555057987185e-08,0
0,2.88493035016657e-10,0
0,0.0003473243268672377,0
0,3.440119363501949e-21,0
0,1.5476361325431976e-16,0
0,3.2256721169687808e-06,0
0,0.0,0
0,2.949448571598623e-06,0
0,5.72934928666502e-13,0
0,8.786879845956719e-08,0
0,1.4429830941242727e-10,0
0,1.5035165006338502e-06,0
0,3.1990604826628855e-13,0
0,3.008822022820823e-05,0
0,1.4607682054163898e-17,0
0,0.009205691516399384,0
0,6.647837835771497e-07,0
0,4.0079692098515807e-07,0
0,0.0002135283430106938,0
0,2.6638264908264442e-24,0
0,4.508036363404244e-05,0
0,3.1470556223212043e-06,0
0,3.3981059459620155e-06,0
0,0.0011348407715559006,0
0,1.1670505983829571e-07,0
0,5.891032621232486e-16,0
0,5.726101814929052e-09,0
0,1.9118457401145557e-23,0
0,0.0001618783426238224,0
0,1.1216850907658227e-05,0
0,2.331183301951256e-10,0
0,4.3937761802226305e-06,0
0,0.00023665992193855345,0
0,5.779508954674534e-17,0
0,2.5021117835422046e-06,0
0,1.1384919699694573e-13,0
0,2.8806812621059996e-13,0
0,8.044279523370616e-15,0
0,1.4949475371395238e-05,0
0,0.6800386309623718,1
0,1.58813506345723e-07,0
0,7.1874333741617225e-12,0
0,2.616444589875755e-07,0
0,1.1862953286367883e-08,0
0,1.8608855567592286e-09,0
0,3.230706624890445e-06,0
0,2.286345158336589e-12,0
0,0.10614603012800217,0
0,3.2401203498011455e-08,0
0,1.1087120583397336e-05,0
0,3.1676278240842186e-26,0
0,6.524990749312565e-05,0
0,7.701128926974023e-17,0
0,1.1018429484816455e-24,0
0,1.635227259047349e-14,0
0,7.361717843396703e-14,0
0,6.827438170375899e-08,0
0,0.006213990040123463,0
0,9.556172653425952e-23,0
0,4.150949280301575e-06,0
0,3.0274689422071788e-09,0
0,3.670669684652239e-06,0
0,1.0622196896292735e-05,0
0,0.00018152731354348361,0
0,0.4140443503856659,0
0,7.977357086019765e-08,0
0,8.261378070528735e-07,0
0,1.2054804301442346e-06,0
0,3.384827529373524e-09,0
0,0.08855907618999481,0
0,0.003558744676411152,0
0,9.483236681262497e-06,0
0,0.05122150480747223,0
0,2.584099600966283e-11,0
0,1.2272478144836896e-08,0
0,1.1640821530272791e-22,0
0,2.4547381016759573e-08,0
0,0.9998066425323486,1
0,1.1198027852788679e-17,0
0,2.40876721034191e-22,0
0,1.9667374469327847e-16,0
0,2.0101522985212228e-13,0
0,1.2531188076536637e-05,0
0,5.828013450606875e-20,0
0,0.00785219669342041,0
0,8.216155039339966e-27,0
0,4.813018884694511e-17,0
0,6.390452472260222e-05,0
0,0.0015443529700860381,0
0,1.322939533565659e-05,0
0,0.000331869930960238,0
0,3.031164297340183e-08,0
0,1.3949737876828294e-05,0
0,0.271792471408844,0
0,5.987587588120462e-24,0
0,9.501302884018514e-06,0
0,0.0873287096619606,0
0,6.849300857383889e-14,0
0,0.00025149283464998007,0
0,5.0892566605398315e-08,0
0,1.22647425999442e-17,0
0,4.521325607362234e-21,0
0,0.000607735593803227,0
0,1.1254284171258178e-09,0
0,0.01454167254269123,0
0,2.053725411954588e-09,0
0,4.1249675573526026e-21,0
0,2.7507632131308635e-14,0
0,0.302525132894516,0
0,8.681641702423804e-06,0
0,0.0001996403152588755,0
0,0.01397536601871252,0
0,5.092210994916968e-05,0
0,3.925927360981518e-10,0
0,0.5979188084602356,1
0,6.066846708563389e-06,0
0,2.0716105813658098e-16,0
0,4.361981863933538e-19,0
0,0.0004872786230407655,0
0,9.52598020376172e-06,0
0,2.3441803932655603e-05,0
0,5.691404955014776e-15,0
0,6.551915987529355e-08,0
0,0.48166218400001526,0
0,3.3521854048016234e-15,0
0,0.0009357011877000332,0
0,8.783902740105987e-05,0
0,2.921290160884382e-06,0
0,7.744183072588839e-10,0
0,1.1609712757126855e-12,0
0,2.702129318910007e-12,0
0,7.015443316049641e-06,0
0,4.5315654007005435e-11,0
0,1.0,1
0,5.2111813766432605e-23,0
0,4.2381546948126736e-13,0
0,4.883812402883478e-15,0
0,1.0600312634778675e-05,0
0,0.024460801854729652,0
0,2.932277709533082e-07,0
0,0.16965755820274353,0
0,5.381045048125088e-05,0
0,9.458078764623679e-10,0
0,3.5214057447774394e-08,0
0,4.333287201285785e-13,0
0,1.0713892296153826e-23,0
0,1.0258887489511537e-11,0
0,3.0576826247852296e-05,0
0,7.296128978762084e-12,0
0,4.344527769717388e-05,0
0,0.4730754494667053,0
0,4.296602864400797e-23,0
0,1.3599694703714249e-08,0
0,1.6206178395830266e-18,0
0,6.169675755934812e-16,0
0,7.01571480021812e-07,0
0,1.1574224117794074e-05,0
0,2.869220772083736e-08,0
0,8.837626615837987e-19,0
0,2.599452771090416e-12,0
0,1.9190196098861634e-09,0
0,9.373379850075025e-11,0
0,9.946147905282032e-09,0
0,2.5356053368479973e-29,0
0,6.575483213477895e-11,0
0,0.307261198759079,0
0,8.484223508276045e-05,0
0,6.967532044654945e-07,0
0,3.3339483707095496e-06,0
0,0.007406641263514757,0
0,0.0008828600984998047,0
0,1.0,1
0,0.0808815211057663,0
0,4.487894015862479e-27,0
0,0.001571154803968966,0
0,7.054291927488521e-05,0
0,0.00024211325217038393,0
0,6.805184398217534e-07,0
0,4.704320843984533e-08,0
0,2.3377628721732435e-09,0
0,0.0828259065747261,0
0,2.3657443067199018e-20,0
0,1.1478019923405469e-10,0
0,0.342609703540802,0
0,1.1750695193768479e-05,0
0,5.512275258452082e-22,0
0,0.00010661741544026881,0
0,2.0457079585867177e-07,0
0,6.561605058186193e-33,0
0,1.0842387009106017e-21,0
0,3.830609057331458e-05,0
0,1.365802802346154e-26,0
0,1.5089841381316788e-26,0
0,1.6943733498919755e-05,0
0,0.003937658853828907,0
0,0.0,0
0,1.5170094064039522e-16,0
0,6.391007900674595e-07,0
0,0.3037373721599579,0
0,0.0021661296486854553,0
0,0.0010571781313046813,0
0,4.235692756537901e-07,0
0,1.0940266470527149e-08,0
0,1.441093644416469e-08,0
0,3.116978064543474e-10,0
0,0.0032202217262238264,0
0,5.580336188162892e-19,0
0,0.0036015724763274193,0
0,7.107812116657897e-10,0
0,5.180882829610764e-30,0
0,0.0453917495906353,0
0,1.65255068879503e-28,0
0,8.08996932757846e-17,0
0,0.8110519051551819,1
0,1.8043214700114163e-09,0
0,8.692726538583884e-08,0
0,1.4506804611735813e-11,0
0,2.408833799094623e-09,0
0,0.5401014685630798,1
0,7.666023520869203e-06,0
0,7.17104285286041e-07,0
0,8.369748684344813e-06,0
0,1.072667259904847e-06,0
0,0.798663854598999,1
0,0.45090359449386597,0
0,1.0485664456510063e-30,0
0,5.994085783278535e-10,0
0,4.221753502342551e-10,0
0,2.2206537576625464e-20,0
0,0.06760400533676147,0
0,8.007247569379536e-26,0
0,2.6242877315674207e-10,0
0,7.982393981365021e-07,0
0,1.7654148545527296e-17,0
0,7.734802665027019e-08,0
0,4.344375383880106e-07,0
0,2.856729679479031e-07,0
0,9.150325013251859e-07,0
0,0.07153654098510742,0
0,1.1346395351052863e-10,0
0,0.00021854627993889153,0
0,3.736444931234928e-09,0
0,1.2663189681060292e-24,0
0,0.019736578688025475,0
0,2.0300156000629954e-10,0
0,7.909252985882631e-07,0
0,5.335885379376126e-12,0
0,4.5939659685245715e-06,0
0,2.3927448564164955e-12,0
0,1.4804805017486797e-15,0
0,1.0768820501994014e-08,0
0,4.4556050607944334e-17,0
0,0.00010719156853156164,0
0,2.0618360412892388e-26,0
0,0.09072869271039963,0
0,4.3071690314483955e-21,0
0,2.3373782823910005e-05,0
0,5.189896896451062e-32,0
0,0.0014872122555971146,0
0,1.0831766417140898e-07,0
0,0.729764461517334,1
0,5.283211066853255e-05,0
0,0.0016121076187118888,0
0,2.4611466198365406e-09,0
0,1.550622208412733e-08,0
0,0.003579006064683199,0
0,2.3732742352335486e-19,0
0,0.19595307111740112,0
0,3.029092809914147e-10,0
0,1.8186083750038051e-09,0
0,0.00022445502690970898,0
0,5.371723545977147e-06,0
0,4.1706998672452755e-06,0
0,8.181173143384513e-06,0
0,4.997052237601905e-15,0
0,2.535557216334936e-20,0
0,1.86760210277853e-29,0
0,0.3784567713737488,0
0,3.926412959955744e-13,0
0,8.29520940897055e-05,0
0,2.6464885394261728e-08,0
0,5.944638701294025e-07,0
0,8.474021089143948e-21,0
0,9.699881439986162e-16,0
0,0.9575561285018921,1
0,7.884481731954002e-22,0
0,6.7538862822402734e-06,0
0,2.4599228254373884e-07,0
0,0.07383861392736435,0
0,0.014949693344533443,0
0,0.027241116389632225,0
0,1.5817006670757774e-23,0
0,0.0009238081402145326,0
0,0.9970853924751282,1
0,2.157798007829115e-06,0
0,3.306661528768018e-05,0
0,1.1448177910685475e-22,0
0,0.9655551910400391,1
0,2.563213747155957e-12,0
0,0.0002362261147936806,0
0,1.1678443519716423e-25,0
0,1.5638610486478537e-16,0
0,0.0034244745038449764,0
0,0.020336393266916275,0
0,0.06206756830215454,0
0,0.02640719525516033,0
0,2.117571057169698e-06,0
0,0.06558239459991455,0
0,2.0768321784547794e-10,0
0,8.44298957305196e-23,0
0,3.003988979063085e-31,0
0,1.0207658286340293e-12,0
0,0.578080415725708,1
0,7.728612671717427e-13,0
0,2.2477859602076933e-05,0
0,1.4617067322156285e-12,0
0,0.011738838627934456,0
0,0.00010231845953967422,0
0,1.481140043324558e-05,0
0,1.0,1
0,0.013658170588314533,0
0,3.8260219992203304e-10,0
0,1.5401508957069154e-09,0
0,0.005005044862627983,0
0,7.69341906161201e-29,0
0,0.0009586550295352936,0
0,3.136325686758147e-36,0
0,0.0006324777496047318,0
0,1.0774676411529072e-05,0
0,1.5435033909562518e-23,0
0,4.2937354010064155e-06,0
0,0.0026599441189318895,0
0,4.345720095512264e-26,0
0,1.4327213193610078e-07,0
0,0.02977249212563038,0
0,6.759121257485234e-13,0
0,0.023938912898302078,0
0,1.3707673360841e-06,0
0,3.656987751848826e-30,0
0,0.931442141532898,1
0,4.82594441564288e-06,0
0,7.622307748533785e-05,0
0,0.0038568407762795687,0
0,0.49029871821403503,0
0,0.004316105507314205,0
0,0.005595056340098381,0
0,0.2127138376235962,0
0,3.123801661786274e-07,0
0,0.9752249121665955,1
0,0.05209385231137276,0
0,3.6651108814567124e-08,0
0,1.628333357039935e-09,0
0,0.627205491065979,1
0,3.963600465795025e-05,0
0,1.0606429674971628e-14,0
0,4.0922143716530605e-37,0
0,0.999998927116394,1
0,9.32508828555001e-06,0
0,2.791638924608142e-19,0
0,0.012489533051848412,0
0,2.7165493162242815e-13,0
0,1.913494536431859e-11,0
0,3.485242996981164e-11,0
0,4.316316970476636e-20,0
0,2.9542859920184128e-05,0
0,4.22244461617538e-09,0
0,0.00027879836852662265,0
0,0.0006780356634408236,0
0,3.1652150937588885e-05,0
0,6.336241396880582e-15,0
0,3.3986671848151503e-14,0
0,0.004119116812944412,0
0,4.876486369933745e-37,0
0,0.00036988171632401645,0
0,5.069541249465292e-13,0
0,4.04343331756966e-21,0
0,0.31636545062065125,0
0,4.492435312641874e-09,0
0,0.0005488449241966009,0
0,8.094097337226797e-32,0
0,1.0848256351891905e-05,0
0,1.9753434919284293e-19,0
0,0.001548853935673833,0
0,8.753145303301742e-15,0
0,8.724553524075418e-09,0
0,5.935457680905643e-10,0
0,8.070008203353574e-12,0
0,0.0003503202460706234,0
0,0.0006411117501556873,0
0,7.485039671406568e-11,0
0,8.06045500212349e-06,0
0,0.0004205558216199279,0
0,0.00018151639960706234,0
0,0.1429556906223297,0
0,0.00016028706158977002,0
0,0.0001829421380534768,0
0,9.988619353862305e-08,0
0,1.6954795332507567e-20,0
0,2.7289770915921633e-30,0
0,6.545392920997983e-07,0
0,0.0048393793404102325,0
0,3.0517263685199244e-34,0
0,3.52239169387758e-07,0
0,6.856361869722605e-05,0
0,7.710856015112275e-15,0
0,1.2681836459593544e-22,0
0,0.0,0
0,0.009939206764101982,0
0,0.0004712394147645682,0
0,0.0005595117108896375,0
0,0.000208258192287758,0
0,9.204881280311383e-06,0
0,1.7239534799706746e-10,0
0,5.205906745686661e-07,0
0,0.01465330645442009,0
0,6.616376890811182e-11,0
0,0.0002801182272378355,0
0,0.636669397354126,1
0,8.20415466282426e-16,0
0,6.091635136345701e-19,0
0,1.6267007577866796e-20,0
0,0.054237060248851776,0
0,5.575095585186318e-08,0
0,1.2869774135282341e-09,0
0,0.0011347512481734157,0
0,1.1253050615778193e-06,0
0,2.505958605070191e-07,0
0,7.336364766699614e-23,0
0,1.2610266608703569e-08,0
0,1.0201357980577086e-08,0
0,2.0485672393988352e-06,0
0,0.00850614719092846,0
0,0.008731672540307045,0
0,1.2844252050836502e-10,0
0,0.0005922637064941227,0
0,0.01080884225666523,0
0,2.9098608939071013e-11,0
0,4.82301665272189e-09,0
0,2.5967217265332465e-10,0
0,3.0240697099226388e-12,0
0,0.001807483145967126,0
0,5.22826212545624e-07,0
0,4.720926882924303e-13,0
0,4.333233505349199e-07,0
0,2.2259174503602708e-09,0
0,1.7123288342801857e-09,0
0,5.18019377393486e-11,0
0,2.2104760244445743e-09,0
0,3.2585337095270006e-08,0
0,2.576478256004905e-13,0
0,5.364638582250336e-07,0
0,1.040715815747717e-07,0
0,5.248586614704492e-19,0
0,0.0008819946087896824,0
0,1.1523809462232748e-08,0
0,0.00023486984719056636,0
0,1.1184854884049855e-05,0
0,0.21895602345466614,0
0,0.00031240552198141813,0
0,0.0007573624607175589,0
0,5.237904379612232e-33,0
0,9.428896032004364e-12,0
0,0.9963041543960571,1
0,3.3238807262137016e-09,0
0,8.600678484071977e-06,0
0,0.0033882460556924343,0
0,1.2582317830591837e-14,0
0,0.7173261642456055,1
0,3.211236794481935e-25,0
0,1.3386978157947649e-12,0
0,0.00014148656919132918,0
0,0.0,0
0,0.00011151014768984169,0
0,1.548762324092002e-28,0
0,1.1111988897027913e-05,0
0,3.8578017096505427e-20,0
0,2.9411609730805796e-14,0
0,4.036358427314833e-16,0
0,3.3654861041614283e-22,0
0,1.018323536605692e-09,0
0,0.3812390863895416,0
0,1.2340814237177256e-06,0
0,3.915579249724743e-10,0
0,0.0005725420196540654,0
0,7.818559953507358e-18,0
0,1.0476247553015128e-05,0
0,1.9901966858874824e-27,0
0,5.776597191038679e-13,0
0,2.0207882589495796e-10,0
0,3.6174958584211936e-09,0
0,2.466662988138372e-30,0
0,0.008873187936842442,0
0,4.614698814048301e-12,0
0,0.00013448130630422384,0
0,8.140534687312018e-13,0
0,3.213018295866732e-09,0
0,1.7433273662335555e-33,0
0,5.680347363404845e-15,0
0,1.615717592553694e-21,0
0,1.0205696015933366e-13,0
0,0.005070243030786514,0
0,0.00017446151468902826,0
0,1.6352660168195143e-05,0
0,0.00021206989185884595,0
0,2.076912323900615e-06,0
0,0.443870484828949,0
0,9.906385632680209e-28,0
0,0.00030913783120922744,0
0,8.226383215514943e-06,0
0,4.625068868335802e-06,0
0,1.7861244402379914e-25,0
0,1.2104493262305246e-36,0
0,1.6908516045077704e-06,0
0,0.0001246877363882959,0
0,0.9888951778411865,1
0,0.004998369142413139,0
0,2.5988470108980343e-38,0
0,0.0,0
0,6.003824637446087e-08,0
0,0.005925046280026436,0
0,2.9019955327669322e-09,0
0,0.004252347629517317,0
0,1.0174932867812458e-05,0
0,9.157696302664053e-13,0
0,7.685776836297009e-06,0
0,1.540048799597571e-07,0
0,1.608964891344655e-17,0
0,0.00011014357733074576,0
0,9.123400980460766e-29,0
0,0.0010712015209719539,0
0,3.1137640531161406e-16,0
0,2.6377710779512675e-12,0
0,0.00013326312182471156,0
0,4.767583595821634e-05,0
0,0.00046010626829229295,0
0,0.17105573415756226,0
0,1.371158987240051e-06,0
0,2.0581049398060713e-07,0
0,4.312800388085042e-14,0
0,6.075545115891146e-07,0
0,6.602137220122179e-31,0
0,5.274892373563489e-06,0
0,2.350285285501741e-05,0
0,8.020244024464773e-08,0
0,3.90569579023479e-20,0
0,0.00015140938921831548,0
0,4.654310004070794e-08,0
0,0.34705474972724915,0
0,1.0896169153041223e-14,0
0,1.6146890290049013e-20,0
0,3.7708861810870076e-08,0
0,0.03747265785932541,0
0,5.338227147648478e-13,0
0,2.0057907281465568e-17,0
0,0.02041139453649521,0
0,8.745899837681037e-11,0
0,6.597873031649392e-20,0
0,7.194660429377109e-05,0
0,2.626802312992449e-14,0
0,3.3353599829949454e-12,0
0,1.0887012819038588e-10,0
0,0.00016726493777241558,0
0,5.75292072280912e-17,0
0,8.761203207541257e-05,0
0,9.006707273329084e-07,0
0,0.00020605117606464773,0
0,1.0194943494424421e-21,0
0,0.0017667084466665983,0
0,8.333866535509705e-15,0
0,1.0740759535110556e-06,0
0,0.0,0
0,0.004452737979590893,0
0,4.356200861366233e-06,0
0,1.1122902945914781e-11,0
0,0.004471165593713522,0
0,2.1893194571021013e-05,0
0,2.9192495276220143e-05,0
0,2.549430746512371e-06,0
0,3.0059556731763803e-13,0
0,8.685649663675576e-05,0
0,0.00010668642789823934,0
0,0.01701381243765354,0
0,7.667241739955876e-26,0
0,1.429890090776098e-07,0
0,4.028374522846434e-09,0
0,8.094519721169036e-09,0
0,0.00026073618209920824,0
0,0.0003537947777658701,0
0,0.03800608962774277,0
0,1.1063878956452904e-22,0
0,5.037280585124091e-16,0
0,0.00034297927049919963,0
0,1.3117185517330654e-05,0
0,0.008696571923792362,0
0,0.0,0
0,5.018944149171034e-10,0
0,1.0279424031978124e-06,0
0,1.1340767429692585e-14,0
0,1.0146414975163763e-15,0
0,0.7421167492866516,1
0,1.6578867871430703e-05,0
0,3.9909735960463877e-07,0
0,4.685979320129263e-07,0
0,1.5739467021380626e-11,0
0,0.0025177428033202887,0
0,1.1432510431761137e-26,0
0,1.2509131642850224e-13,0
0,0.01279529556632042,0
0,0.382283478975296,0
0,1.7261648707633803e-11,0
0,2.3198754206532612e-07,0
0,0.00046420126454904675,0
0,0.03094702586531639,0
0,1.0918645784840919e-05,0
0,0.7294787168502808,1
0,1.0,1
0,2.21931850319379e-06,0
0,0.00011775327584473416,0
0,0.5745639204978943,1
0,4.166381017967069e-07,0
0,0.11989060789346695,0
0,1.0165817077023576e-09,0
0,1.313156025161289e-15,0
0,0.0001182181149488315,0
0,5.260196303424891e-06,0
0,9.796963240660261e-09,0
0,0.054634369909763336,0
0,0.001306662685237825,0
0,3.128631647086877e-07,0
0,2.372207230808389e-22,0
0,1.4412822224585398e-07,0
0,9.200194436779539e-23,0
0,2.568924721113152e-14,0
0,8.08587401479599e-08,0
0,0.7049949765205383,1
0,4.8374931793659925e-05,0
0,0.5149258375167847,1
0,2.126736035279464e-06,0
0,2.6193083483746995e-23,0
0,4.2462662888913955e-14,0
0,0.0017872173339128494,0
0,2.3436015350597472e-09,0
0,1.778410751995807e-12,0
0,1.4857037822224584e-09,0
0,5.575147490347567e-26,0
0,0.35323643684387207,0
0,2.4485925678163767e-05,0
0,4.540512659866741e-14,0
0,0.001870779786258936,0
0,2.0968883771612055e-19,0
0,0.9978584051132202,1
0,0.018861781805753708,0
0,6.534255447832038e-08,0
0,2.692833178663534e-10,0
0,4.5435278261084233e-13,0
0,0.21805956959724426,0
0,0.0019895241130143404,0
0,0.0008368344279006124,0
0,2.7147307264385745e-06,0
0,0.07480409741401672,0
0,1.4309029221920566e-13,0
0,0.6585050225257874,1
0,1.3504313756129704e-06,0
0,1.2718415337029607e-26,0
0,2.5681210900074802e-06,0
0,0.8910894393920898,1
0,0.0018039647256955504,0
0,8.290619302186997e-10,0
0,2.3935138315778204e-09,0
0,2.2329158650118835e-13,0
0,3.0833150503895013e-06,0
0,8.799626982636255e-08,0
0,1.6573088638318425e-20,0
0,1.4138248110628053e-28,0
0,0.04427167773246765,0
0,0.06659702211618423,0
0,1.9035269279764938e-20,0
0,0.0033554150722920895,0
0,9.331906625220654e-08,0
0,0.14717009663581848,0
0,0.008357839658856392,0
0,1.7513971808164487e-25,0
0,2.183079716999714e-09,0
0,1.865455789840098e-09,0
0,3.6294402813025206e-12,0
0,8.12374665315474e-08,0
0,1.4143905491259545e-10,0
0,1.0,1
0,1.7312134364955156e-11,0
0,1.01105742942309e-05,0
0,2.840689017347131e-09,0
0,5.535139568912939e-10,0
0,0.0022914758883416653,0
0,0.11854609102010727,0
0,0.0012368339812383056,0
0,1.8333450498175807e-05,0
0,1.7273066532652592e-08,0
0,2.571776127249137e-19,0
0,0.002366593573242426,0
0,4.600381231512074e-08,0
0,0.14010089635849,0
0,1.3077260385685463e-09,0
0,5.160661385161802e-05,0
0,0.00013756653061136603,0
0,5.362612682802137e-06,0
0,3.5689604374056216e-06,0
0,4.084834999697646e-18,0
0,3.0893869954655775e-14,0
0,0.02232249453663826,0
0,0.0008018378866836429,0
0,2.4058362323584412e-20,0
0,5.495592631632462e-05,0
0,8.251235805722956e-10,0
0,9.522892189556488e-23,0
0,0.00015289508155547082,0
0,1.0609474112802539e-19,0
0,5.5017040722304955e-05,0
0,0.0024330441374331713,0
0,5.064710961732999e-08,0
0,0.008702696301043034,0
0,0.0002326727262698114,0
0,1.4307173614724888e-06,0
0,1.0681367901819474e-20,0
0,3.818322056758916e-06,0
0,0.5863076448440552,1
0,1.2305806029825137e-21,0
0,6.45315624285935e-17,0
0,6.008362106513232e-06,0
0,0.003342609852552414,0
0,9.941750249709003e-06,0
0,0.0007777033024467528,0
0,1.2208340649522142e-06,0
0,0.00020915210188832134,0
0,9.399704126167308e-09,0
0,0.007989464327692986,0
0,9.892064055982092e-37,0
0,3.6461053696257295e-06,0
0,0.6651490330696106,1
0,5.239970235493274e-09,0
0,5.890878451708659e-09,0
0,9.542788781402578e-11,0
0,3.5973184822069015e-06,0
0,7.862156508053886e-07,0
0,0.0003646247205324471,0
0,2.839826626249816e-39,0
0,6.321116937551511e-22,0
0,2.428880211141507e-16,0
0,9.89171794281675e-27,0
0,1.3295643069583668e-13,0
0,4.681239307055914e-39,0
0,1.8606986884606158e-07,0
0,9.724648863951302e-11,0
0,3.482022748357849e-06,0
0,4.265116615442821e-08,0
0,3.5099592524343254e-26,0
0,2.7125797714688815e-06,0
0,6.747999577783048e-05,0
0,6.535176825422147e-16,0
0,1.2773004876009963e-10,0
0,4.701600119005889e-05,0
0,7.4235915192844004e-09,0
0,0.15529708564281464,0
0,3.331772413517342e-09,0
0,1.0800549800579905e-25,0
0,4.981211532140151e-06,0
0,2.864912289624044e-07,0
0,4.6641728619853914e-18,0
0,0.8592042326927185,1
0,1.4738297693384084e-08,0
0,4.45584333874649e-07,0
0,5.309150742158995e-25,0
0,5.313829430864331e-16,0
0,0.02603837661445141,0
0,6.607383085110996e-09,0
0,1.28911722185876e-07,0
0,1.401951844274673e-14,0
0,1.987935369703736e-13,0
0,3.84199312988831e-12,0
0,5.668364361209873e-20,0
0,1.72228062922386e-08,0
0,8.240247240109966e-08,0
0,9.709774317911979e-09,0
0,0.00013523857342079282,0
0,8.370067972052198e-10,0
0,0.00013072603906039149,0
0,6.855990926889211e-13,0
0,8.435258999804225e-17,0
0,1.0968071936789947e-11,0
0,2.421111066130613e-16,0
0,5.179981599212624e-07,0
0,1.896091634989716e-05,0
0,0.9981709122657776,1
0,0.0001837527088355273,0
0,9.237365039549417e-11,0
0,0.000355233351001516,0
0,2.418160983952422e-11,0
0,1.807649169238701e-11,0
0,0.05923161655664444,0
0,2.5705030445876298e-18,0
0,0.0033249068073928356,0
0,1.0224880497844424e-06,0
0,2.8088393833058944e-09,0
0,8.221979541644941e-09,0
0,0.0009676084155216813,0
0,0.0002652541152201593,0
0,1.7078009477700107e-06,0
0,2.656091018242608e-14,0
0,0.006956431083381176,0
0,0.0001068902129190974,0
0,2.2538701347850903e-17,0
0,0.06341925263404846,0
0,3.826032576154624e-15,0
0,0.00015639245975762606,0
0,1.0881311043181574e-12,0
0,5.956188715572353e-07,0
0,0.01972070336341858,0
0,2.1777017966684298e-09,0
0,4.5068597742670136e-09,0
0,2.215629416046916e-11,0
0,5.31102045897569e-07,0
0,7.957783236633986e-05,0
0,4.399706974324958e-16,0
0,3.4130517856389986e-11,0
0,2.872117994823231e-11,0
0,7.01129801554073e-17,0
0,0.005135814193636179,0
0,0.054766155779361725,0
0,9.400752605870366e-05,0
0,5.890258307772456e-06,0
0,0.0001085315307136625,0
0,1.6680960421896155e-19,0
0,0.009198241867125034,0
0,0.9999008178710938,1
0,1.4002800696744089e-08,0
0,0.9553061723709106,1
0,4.358015939942561e-05,0
0,2.6760389043589683e-11,0
0,5.8065052765954306e-11,0
0,1.8432977366700243e-10,0
0,6.842975209760664e-21,0
0,0.18948116898536682,0
0,0.004280093125998974,0
0,8.581835561030281e-24,0
0,3.663329835035256e-07,0
0,4.213598913338501e-06,0
0,1.2182151287731813e-08,0
0,1.361496862714729e-33,0
0,0.2827960252761841,0
0,0.0,0
0,1.4149500202620402e-06,0
0,5.206607056607027e-06,0
0,1.6018787407645618e-09,0
0,3.702277595607484e-08,0
0,1.041107472171266e-21,0
0,3.6249583890146653e-10,0
0,1.707636961521819e-12,0
0,0.00016300735296681523,0
0,0.004423453472554684,0
0,8.19326305645518e-05,0
0,1.8639409460341483e-10,0
0,2.4655771539983107e-06,0
0,0.01695443131029606,0
0,2.7526883059181273e-05,0
0,1.8458389604347758e-05,0
0,0.0178434606641531,0
0,5.750376317337214e-07,0
0,0.00015267138951458037,0
0,2.4701759684830904e-05,0
0,0.057271022349596024,0
0,1.1904167126306822e-18,0
0,8.621963432220372e-22,0
0,1.1495130734270526e-25,0
0,2.928001130442226e-08,0
0,4.782614269061014e-06,0
0,3.129974857074558e-07,0
0,0.0002931568305939436,0
0,1.111221041195259e-15,0
0,5.154618398783839e-10,0
0,0.003994439262896776,0
0,5.563084414461628e-06,0
0,0.0009310564491897821,0
0,0.00971298385411501,0
0,2.527474340929814e-10,0
0,0.005309047177433968,0
0,6.500654277121124e-17,0
0,0.3447091579437256,0
0,0.47809749841690063,0
0,2.2345671472722263e-15,0
0,1.9691330788162986e-09,0
0,8.35132626300495e-25,0
0,4.865236405748874e-05,0
0,2.6798391989284602e-17,0
0,1.0643951540469099e-13,0
0,1.8470037721485255e-09,0
0,2.2364060558007154e-15,0
0,5.822528831623294e-16,0
0,2.650338583356577e-21,0
0,1.844238568082801e-06,0
0,4.6873540604508435e-09,0
0,5.310566236435034e-14,0
0,0.038773663341999054,0
0,0.016328398138284683,0
0,0.0015653232112526894,0
0,1.4906956380400516e-07,0
0,4.936733571901172e-38,0
0,2.8505355658126064e-06,0
0,1.4220576105561378e-10,0
0,0.0006175346206873655,0
0,4.9794643075529166e-08,0
0,4.9698262269849e-14,0
0,5.699702227963415e-20,0
0,3.4756624245346757e-07,0
0,1.0514776549452876e-11,0
0,4.912433837489516e-07,0
0,0.6578949689865112,1
0,9.64844176776225e-12,0
0,2.5223342495671356e-18,0
0,4.075512697454542e-05,0
0,1.3365573541624926e-32,0
0,5.0936784495960266e-21,0
0,0.46265479922294617,0
0,6.925401918600471e-11,0
0,1.526201052790046e-35,0
0,1.022352639509025e-30,0
0,1.2790597025968964e-08,0
0,1.7515692888991907e-05,0
0,6.585590045787834e-20,0
0,1.8862355233295602e-08,0
0,1.1433044257757653e-16,0
0,7.823347525359736e-10,0
0,1.6901915658078595e-14,0
0,5.85710820122376e-12,0
0,0.9932221174240112,1
0,6.460709869315906e-07,0
0,8.450971866746926e-11,0
0,0.0019184863194823265,0
0,8.505782189693889e-11,0
0,7.735923281870782e-05,0
0,1.5025702282400744e-07,0
0,0.5034176111221313,1
0,4.405988018874041e-09,0
0,3.303433915302634e-13,0
0,0.0003445713082328439,0
0,2.683236264268093e-15,0
0,2.921691773206084e-30,0
0,4.351229931920386e-10,0
0,9.107927190221687e-10,0
0,2.9955557348873563e-13,0
0,6.147156568492296e-12,0
0,3.1671445430130073e-19,0
0,0.8453872203826904,1
0,0.000536726729478687,0
0,0.00012324651470407844,0
0,0.9999891519546509,1
0,0.0006954558775760233,0
0,7.899459887994453e-05,0
0,3.6219348394457234e-31,0
0,0.0001319951261393726,0
0,4.065126707475386e-11,0
0,2.32670772675192e-05,0
0,6.643220444857434e-07,0
0,1.9238850197056767e-24,0
0,4.82552539593506e-12,0
0,3.8911803130758926e-05,0
0,0.0001230306806974113,0
0,8.917577360989526e-06,0
0,1.4215135706763249e-05,0
0,9.600600072963775e-15,0
0,9.240765939466655e-05,0
0,5.694836886505072e-07,0
0,3.8939582657773145e-15,0
0,1.9835842969789623e-15,0
0,1.15687998913927e-06,0
0,1.7387360458087642e-06,0
0,6.097977678365396e-10,0
0,0.7650951147079468,1
0,4.820001322514145e-07,0
0,8.198000056580668e-10,0
0,2.497624611047278e-16,0
0,1.9723803241791112e-18,0
0,1.013739847621764e-08,0
0,5.5963209888432175e-05,0
0,2.6947962084022947e-08,0
0,5.355561006581411e-05,0
0,1.5912149819996557e-08,0
0,1.288545036004507e-06,0
0,1.9332831016072305e-06,0
0,7.762660970911384e-05,0
0,9.799597799897697e-10,0
0,1.2774922231173491e-09,0
0,0.002486822195351124,0
0,7.207013183635513e-16,0
0,3.767070211324608e-09,0
0,1.5313628409785451e-06,0
0,0.00021549452503677458,0
0,1.1896300129771496e-23,0
0,1.7676550001510805e-08,0
0,7.468594412785023e-05,0
0,3.309751535440783e-29,0
0,5.206771877869676e-16,0
0,1.2441241613314613e-13,0
0,1.4674144061324612e-12,0
0,1.3862548087217874e-07,0
0,1.5529046104578725e-10,0
0,9.18086813346253e-24,0
0,1.946462546698058e-08,0
0,0.007541864179074764,0
0,0.0009098171722143888,0
0,7.923025751119538e-17,0
0,0.0011012937175109982,0
0,0.0018481543520465493,0
0,0.1354384422302246,0
0,0.02179146558046341,0
0,0.00047870026901364326,0
0,1.856684832546307e-07,0
0,8.106129826046526e-06,0
0,6.211430445546284e-07,0
0,0.12031251192092896,0
0,3.533722793547245e-13,0
0,0.00018536116112954915,0
0,8.684176155959733e-10,0
0,9.917240715514572e-30,0
0,3.6669181146392615e-13,0
0,0.16559861600399017,0
0,5.631735529310067e-12,0
0,0.133697971701622,0
0,0.19260701537132263,0
0,2.238417522448799e-07,0
0,9.810635674512014e-06,0
0,0.14505711197853088,0
0,1.5912157659211945e-14,0
0,1.643041287024971e-06,0
0,1.0324477443646174e-05,0
0,0.0019670077599585056,0
0,8.620821279059498e-10,0
0,0.00010303618182661012,0
0,0.00010891813144553453,0
0,7.38157868163114e-10,0
0,0.0,0
0,3.3059074986794427e-25,0
0,2.895550281750009e-14,0
0,0.0031491590198129416,0
0,3.480759997435877e-25,0
0,0.0002604208420962095,0
0,2.435709575365763e-06,0
0,5.061082455903865e-11,0
0,3.995587565777843e-14,0
0,0.01314177829772234,0
0,9.235789486702504e-20,0
0,1.7035046333616077e-12,0
0,4.425441092577075e-18,0
0,2.6508874225397673e-18,0
0,0.25834551453590393,0
0,7.476903818304237e-11,0
0,1.6776910971572079e-09,0
0,1.2161772247054614e-06,0
0,2.1333561729005677e-30,0
0,0.46240234375,0
0,5.96725777790039e-17,0
0,0.0010778786381706595,0
0,8.891132807775648e-08,0
0,2.21900514456308e-12,0
0,5.190643719288346e-07,0
0,0.0026846183463931084,0
0,5.801015959150391e-06,0
0,0.002118828473612666,0
0,1.0718751219940259e-08,0
0,1.2893640359834535e-06,0
0,0.000984824262559414,0
0,1.2425967810258953e-08,0
0,4.051672658533789e-05,0
0,0.0113534452393651,0
0,4.064566461181585e-09,0
0,6.955272104798467e-29,0
0,2.7937492319551893e-09,0
0,2.0947432651883082e-19,0
0,5.86366695642937e-06,0
0,4.41659653613701e-25,0
0,2.0029266566346225e-18,0
0,0.9990422129631042,1
0,1.1629118974381342e-19,0
0,7.891286804806441e-05,0
0,7.659196853637695e-05,0
0,1.597431215083489e-11,0
0,3.0724815053284615e-13,0
0,3.555221894657734e-09,0
0,4.821842369828744e-10,0
0,3.5473517784714416e-20,0
0,7.548274538748956e-08,0
0,0.01817043498158455,0
0,1.1829023871534616e-11,0
0,3.227118536656297e-25,0
0,4.485911080971029e-37,0
0,1.6522312762390357e-07,0
0,8.878772860043682e-06,0
0,4.000844159334512e-24,0
0,2.2675594594629017e-32,0
0,3.8693701576164585e-09,0
0,2.8338634980036147e-15,0
0,7.915170306355336e-19,0
0,3.6959482940801536e-07,0
0,0.00657344376668334,0
0,0.4979857802391052,0
0,2.3097097693637603e-15,0
0,0.15853117406368256,0
0,4.5754378064089e-09,0
0,4.070267323186272e-08,0
0,1.9588002331261123e-09,0
0,2.5616473316676983e-17,0
0,2.661542808368722e-08,0
0,0.0009936606511473656,0
0,2.7236869755142834e-06,0
0,3.384679869711249e-09,0
0,6.661148299613728e-10,0
0,0.0003652539453469217,0
0,2.8674387522187317e-06,0
0,0.007146828807890415,0
0,4.368124514441546e-14,0
0,0.0027047754265367985,0
0,1.1722777791707366e-18,0
0,7.415441177771598e-11,0
0,0.9647966623306274,1
0,0.000400584249291569,0
0,3.404269088846945e-10,0
0,7.976239003223434e-22,0
0,1.1751937321938602e-21,0
0,4.9744281568564475e-05,0
0,0.00157755590043962,0
0,2.877553033906518e-15,0
0,1.4719105934091203e-07,0
0,0.0,0
0,2.816442611219827e-05,0
0,0.3207037150859833,0
0,0.00017165699682664126,0
0,2.157144312486684e-15,0
0,5.701591938352705e-32,0
0,2.700276113820621e-10,0
0,0.00019686244195327163,0
0,2.4678956794810247e-12,0
0,2.89475412239566e-18,0
0,5.319355262053981e-16,0
0,0.8276530504226685,1
0,4.7230706456957705e-08,0
0,0.0015784394927322865,0
0,0.0346173420548439,0
0,1.9589226415520777e-16,0
0,2.2177433500747412e-11,0
0,4.549392542685382e-05,0
0,1.8240488941501098e-07,0
0,0.0010387054644525051,0
0,2.4465873138979077e-05,0
0,5.0360557331307135e-14,0
0,1.3579094229498878e-05,0
0,4.1022376535693184e-05,0
0,9.963849151972681e-05,0
0,3.6716521966895994e-33,0
0,2.797285401641097e-20,0
0,4.394536678997696e-10,0
0,0.00026203528977930546,0
0,2.955684124117397e-07,0
0,0.00010389766248408705,0
0,0.0003002728917635977,0
0,1.5921051369632844e-12,0
0,0.9739285707473755,1
0,2.7090644394434094e-08,0
0,0.04602324962615967,0
0,5.677073568222113e-05,0
0,0.0009214559104293585,0
0,0.0,0
0,4.172631684618011e-11,0
0,3.692850105148006e-27,0
0,0.0002874244819395244,0
0,8.655689498482388e-10,0
0,1.9249504901221183e-35,0
0,2.2173061164920682e-09,0
0,1.1410183653284163e-19,0
0,1.21111843327526e-05,0
0,8.025745623641001e-10,0
0,1.6932606740738265e-05,0
0,0.0003810357884503901,0
0,1.5534949852735735e-05,0
0,7.891894347267225e-05,0
0,0.0014502882258966565,0
0,6.353747958537728e-14,0
0,0.02886657975614071,0
0,0.000972398032899946,0
0,8.795130770255378e-23,0
0,2.1497713406670884e-16,0
0,2.988518303936871e-07,0
0,0.00575818307697773,0
0,1.1300119165586799e-14,0
0,3.4854906516557094e-07,0
0,0.6727391481399536,1
0,9.690497790870722e-07,0
0,5.327071266947314e-05,0
0,0.005114482715725899,0
0,9.553889797342396e-13,0
0,0.03724341094493866,0
0,0.0019223859999328852,0
0,1.3768212184686292e-16,0
0,0.035430774092674255,0
0,0.001244042650796473,0
0,8.182816480311323e-31,0
0,1.2086750870998753e-12,0
0,0.0032499823719263077,0
0,1.5947492784107453e-06,0
0,6.896264115319184e-10,0
0,4.184053974140789e-16,0
0,1.1360639291524421e-06,0
0,0.5441279411315918,1
0,0.28112950921058655,0
0,4.9058280637837015e-06,0
0,3.4180791530502574e-09,0
0,0.0022639865055680275,0
0,1.0457398275320884e-05,0
0,2.047043068387211e-08,0
0,6.527514528897882e-07,0
0,4.251901305059871e-31,0
0,0.008495043963193893,0
0,0.0012008696794509888,0
0,6.355236337185488e-08,0
0,2.3021654027566285e-12,0
0,1.922107912832871e-06,0
0,9.589606674403452e-39,0
0,2.6957053478326998e-08,0
0,2.5418483290406968e-11,0
0,1.8834760140418183e-15,0
0,4.625378278433345e-05,0
0,0.9425362944602966,1
0,0.8399779200553894,1
0,1.8564418989556786e-25,0
0,9.28903591557173e-06,0
0,2.508666283459692e-22,0
0,2.1701420544094085e-37,0
0,2.623622456440766e-12,0
0,0.0002372044837102294,0
0,1.9788038116530515e-05,0
0,4.565052220788235e-13,0
0,0.9839178323745728,1
0,1.0742810729880148e-07,0
0,1.2212885257679822e-15,0
0,5.057207035208248e-16,0
0,4.891526259598322e-07,0
0,1.977594303592678e-12,0
0,2.6018901647767706e-17,0
0,1.0694291724963959e-13,0
0,3.2202690363192232e-06,0
0,8.868497047842538e-09,0
0,1.6220425891333434e-07,0
0,0.9920696020126343,1
0,0.0,0
0,5.442003612188273e-07,0
0,6.5006615841411985e-06,0
0,4.982252477248039e-08,0
0,0.019815577194094658,0
0,4.855738588993574e-10,0
0,2.1226431723420092e-10,0
0,3.527160865303766e-16,0
0,0.2788569927215576,0
0,9.168496691025485e-12,0
0,7.631205626247847e-28,0
0,1.998905645450577e-05,0
0,6.202206714078784e-05,0
0,0.3071042597293854,0
0,8.77166303100243e-26,0
0,3.11963589183506e-07,0
0,3.980915938691862e-15,0
0,8.436522639878676e-28,0
0,0.0017264210619032383,0
0,0.0006626518443226814,0
0,1.6976402194836247e-20,0
0,0.0005056397058069706,0
0,0.0015352529007941484,0
0,0.0002051693736575544,0
0,0.9999327659606934,1
0,6.644546778492054e-21,0
0,1.5641570138710252e-17,0
0,3.3101499319343475e-09,0
0,4.335669007111487e-15,0
0,5.081068168399361e-18,0
0,7.733804523013532e-05,0
0,0.7491409182548523,1
0,0.0006621585343964398,0
0,7.384044664604517e-08,0
0,0.0,0
0,1.7665038133446095e-14,0
0,2.738644556611231e-21,0
0,1.3648070174010485e-10,0
0,1.310024777885179e-21,0
0,5.312122616785153e-11,0
0,2.2261916399202164e-07,0
0,1.0655214282451198e-05,0
0,5.926174545767953e-22,0
0,1.495063486345316e-07,0
0,4.0046356843959074e-06,0
0,0.0008428168366663158,0
0,0.0008809935534372926,0
0,8.737635681654865e-08,0
0,7.265795268397879e-19,0
0,2.7633954232442193e-05,0
0,4.264738044591938e-15,0
0,0.0007237321697175503,0
0,0.09071134775876999,0
0,0.0,0
0,6.322038359485305e-08,0
0,0.0005250808317214251,0
0,2.650790142944004e-10,0
0,4.001447506674083e-10,0
0,6.628274382931095e-24,0
0,8.629354852018878e-06,0
0,5.988988601920986e-13,0
0,7.027530588899446e-29,0
0,0.0,0
0,2.615004952515645e-27,0
0,3.140678018098697e-05,0
0,8.960048564348679e-37,0
0,0.0014450387097895145,0
0,0.0010329476790502667,0
0,1.1014363836128187e-20,0
0,0.009189218282699585,0
0,1.4840480844213744e-07,0
0,0.03613287955522537,0
0,0.5725620985031128,1
0,1.737037458315882e-10,0
0,1.2225571481394581e-05,0
0,3.953359521697956e-17,0
0,9.164402975733832e-30,0
0,1.9408269208345125e-14,0
0,0.56453537940979,1
0,0.0001937577035278082,0
0,1.171764358965569e-26,0
0,1.1381525673529363e-27,0
0,4.9770484066067505e-23,0
0,5.216699960897131e-09,0
0,5.39511759711786e-08,0
0,2.2180691416906484e-07,0
0,8.48067575134337e-05,0
0,5.603748149951571e-07,0
0,3.4488122764742e-05,0
0,1.9915642052170668e-11,0
0,6.97737979685219e-26,0
0,1.0377596481703222e-05,0
0,0.004971981048583984,0
0,2.0471635764351959e-07,0
0,1.795140815374907e-05,0
0,3.156928414682625e-06,0
0,0.5418868064880371,1
0,5.411452196500319e-25,0
0,1.0569001460680738e-06,0
0,5.780966477419419e-25,0
0,4.617304666864816e-14,0
0,3.895766955558377e-12,0
0,4.612598551809871e-14,0
0,0.0,0
0,1.5977282600943e-05,0
0,2.168661194446031e-05,0
0,2.9684630759631317e-24,0
0,0.000731268897652626,0
0,0.004517885856330395,0
0,8.389837387435617e-23,0
0,0.0014616039115935564,0
0,2.100492224599293e-09,0
0,3.1702133973521285e-11,0
0,2.7382413556650137e-14,0
0,7.301997548281314e-12,0
0,1.6956281620765165e-14,0
0,2.368144681459954e-19,0
0,8.852495095679926e-38,0
0,3.6516942802933272e-09,0
0,0.0,0
0,8.987058208731469e-06,0
0,2.3429287008717345e-17,0
0,1.2237034686061876e-19,0
0,2.7912555947140483e-11,0
0,3.42002535968464e-23,0
0,2.032158135989448e-06,0
0,4.843487840844318e-05,0
0,0.002928525907918811,0
0,6.808109052235849e-15,0
0,2.1870577256777324e-05,0
0,5.4539559641852975e-05,0
0,8.477434032538866e-11,0
0,0.0015515955165028572,0
0,6.87380236286117e-07,0
0,0.007322349585592747,0
0,1.837924719438888e-05,0
0,2.925899752881378e-05,0
0,0.0,0
0,0.07124807685613632,0
0,1.0535170336049669e-24,0
0,0.9993678331375122,1
0,0.00043454684782773256,0
0,1.1781217068008472e-18,0
0,9.273912805282707e-33,0
0,4.7887638743304706e-08,0
0,2.8974809747686625e-13,0
0,1.878062566573746e-10,0
0,6.420256977435201e-05,0
0,1.853706166343727e-08,0
0,4.01801855676176e-11,0
0,0.03241398185491562,0
0,5.465491614842222e-09,0
0,2.2592944333155174e-06,0
0,5.154761311132461e-06,0
0,0.0003672228194773197,0
0,1.910476195087174e-17,0
0,0.002676101867109537,0
0,0.008664924651384354,0
0,0.9511987566947937,1
0,2.706237794725224e-28,0
0,0.0,0
0,0.015187302604317665,0
0,1.4683554719341352e-11,0
0,4.997514361496315e-22,0
0,0.6441506147384644,1
0,0.00013407127698883414,0
0,2.9820506597388885e-07,0
0,5.7150032598380565e-19,0
0,1.1035674110648763e-11,0
0,1.895969007206942e-24,0
0,1.2522874447487564e-12,0
0,4.601288310368545e-06,0
0,4.776394437369766e-16,0
0,1.8348828858226474e-13,0
0,4.855373902818222e-19,0
0,2.603113347767826e-19,0
0,4.160981855448766e-16,0
0,3.066727671807712e-08,0
0,2.2401295451512716e-25,0
0,4.8134651646492e-13,0
0,0.9993041753768921,1
0,1.7975686911197997e-11,0
0,1.396920299161393e-14,0
0,3.665664675283915e-15,0
0,4.061931144017877e-20,0
0,0.009162158705294132,0
0,0.00019949603301938623,0
0,0.03455936536192894,0
0,3.1745207706990186e-06,0
0,4.238160378200462e-10,0
0,8.098994840111118e-06,0
0,0.3047880530357361,0
0,2.290974862262374e-06,0
0,8.535462668539704e-26,0
0,1.924711258427525e-12,0
0,1.3251975971613368e-33,0
0,0.021689103916287422,0
0,5.096650549932695e-34,0
0,0.9325328469276428,1
0,0.00025431273388676345,0
0,0.0013182887341827154,0
0,3.63181953844105e-07,0
0,2.2982889896772107e-11,0
0,6.550376241420963e-09,0
0,0.09856816381216049,0
0,7.865361140169114e-12,0
0,8.184732752658519e-11,0
0,6.0020756791345775e-06,0
0,2.328952177776955e-06,0
0,0.059028733521699905,0
0,1.587001179359504e-07,0
0,5.79667824157637e-13,0
0,0.0,0
0,3.338939436048349e-08,0
0,0.00021168406237848103,0
0,8.910725600545064e-20,0
0,1.3554766155721154e-05,0
0,2.5524549737356094e-36,0
0,2.8119164774409455e-09,0
0,5.708216122002341e-08,0
0,2.1565013241797715e-07,0
0,0.2302839756011963,0
0,9.873704284735219e-12,0
0,9.46483196457848e-05,0
0,3.931813862256004e-15,0
0,6.71309680910781e-05,0
0,1.8675871160667157e-06,0
0,1.2475960886604298e-07,0
0,0.038076236844062805,0
0,5.435551097762725e-13,0
0,7.34512561145447e-18,0
0,6.269873665587511e-06,0
0,2.1568410869250923e-26,0
0,0.05227327719330788,0
0,2.6838901248993352e-05,0
0,8.023101258913812e-07,0
0,0.24094629287719727,0
0,0.0005965661257505417,0
0,4.143188068269287e-20,0
0,1.7002567176405137e-07,0
0,7.57122179493308e-05,0
0,0.00010854411084437743,0
0,1.382686320994253e-08,0
0,8.703347389299714e-15,0
0,2.495988902486491e-20,0
0,4.719779462902807e-05,0
0,1.1075329050601391e-18,0
0,0.028662290424108505,0
0,9.672177111497149e-05,0
0,0.00030832792981527746,0
0,0.00019401231838855892,0
0,9.519134932256139e-17,0
0,0.028463590890169144,0
0,3.215381537007055e-15,0
0,9.615920862415805e-05,0
0,0.9032074213027954,1
0,6.955773983463587e-07,0
0,0.5879030227661133,1
0,3.1118066023266833e-13,0
0,0.010661611333489418,0
0,0.009829788468778133,0
0,1.550382044968046e-09,0
0,2.3202453413445623e-12,0
0,2.8171065480364632e-08,0
0,7.234115764731541e-05,0
0,2.9077093586238334e-06,0
0,4.4000015009260096e-07,0
0,1.7589864000910893e-06,0
0,3.776900427965302e-07,0
0,0.0007011223933659494,0
0,3.715476095456193e-32,0
0,1.3446821745590654e-17,0
0,0.0003469355870038271,0
0,2.6200346891504765e-15,0
0,3.488264191386925e-11,0
0,1.3853542101380364e-38,0
0,1.67979142133845e-05,0
0,1.4298652340397762e-17,0
0,0.00035908943391405046,0
0,0.028909994289278984,0
0,4.623976999500222e-15,0
0,2.424857666483149e-05,0
0,0.03279323875904083,0
0,1.6246518019791267e-11,0
0,5.230153116153602e-11,0
0,2.4190647263111487e-09,0
0,2.1187087525490096e-14,0
0,1.2969967428944074e-05,0
0,1.1278954496551188e-27,0
0,5.589531127852032e-18,0
0,0.000268863164819777,0
0,3.2090304246829567e-21,0
0,0.00020418819622136652,0
0,1.5168618006100587e-07,0
0,4.0588432477719433e-17,0
0,0.0005653347470797598,0
0,0.0014436737401410937,0
0,5.158969997864915e-07,0
0,1.1104253644589335e-05,0
0,1.6753011777836946e-07,0
0,1.2018872439512052e-06,0
0,1.0,1
0,9.72595941561849e-08,0
0,3.788849056718391e-08,0
0,0.0,0
0,4.837669197820836e-17,0
0,3.5974647705216967e-09,0
0,0.0003414927632547915,0
0,3.3603792627201826e-14,0
0,3.242028583372303e-07,0
0,4.2737488570310234e-07,0
0,0.0015089521184563637,0
0,0.013809176161885262,0
0,4.024750239750574e-07,0
0,5.460664698198059e-10,0
0,3.978155027617447e-10,0
0,7.424605428241193e-05,0
0,3.3253629884433256e-13,0
0,6.730259372034197e-08,0
0,0.023869415745139122,0
0,5.49594801668718e-07,0
0,4.642876319849165e-06,0
0,1.752662423477011e-38,0
0,0.008559340611100197,0
0,3.456131526036188e-05,0
0,1.521824947905155e-34,0
0,2.602597581891075e-10,0
0,3.1727058740216307e-06,0
0,0.20344135165214539,0
0,4.796409047713723e-09,0
0,7.706368095744542e-14,0
0,0.00015182391507551074,0
0,0.011286732740700245,0
0,1.2296903079134225e-11,0
0,9.109281329244823e-09,0
0,4.438270195805671e-09,0
0,0.0006954198470339179,0
0,1.1921633125133724e-10,0
0,5.549122547176305e-35,0
0,6.771624157408951e-06,0
0,1.070386084906761e-18,0
0,6.601139261874778e-07,0
0,3.131937924504962e-33,0
0,2.4530996597604826e-05,0
0,1.6771006805527122e-10,0
0,7.13555481368644e-09,0
0,8.91607702935991e-29,0
0,4.370848572399916e-13,0
0,4.474490656464214e-12,0
0,4.464083325217416e-09,0
0,0.0015393398934975266,0
0,9.832636749251833e-08,0
0,0.016555719077587128,0
0,3.6995676055084914e-05,0
0,4.366575467429357e-06,0
0,0.2885971665382385,0
0,0.0003480295417830348,0
0,0.00018100049055647105,0
0,1.4958314409341256e-07,0
0,9.24416417547036e-06,0
0,6.527987716253847e-05,0
0,0.0001506398111814633,0
0,3.40297276579804e-07,0
0,7.70461749954876e-10,0
0,0.014451177790760994,0
0,6.12511432449352e-32,0
0,1.0392064948372762e-13,0
0,4.176846424286396e-09,0
0,0.29413020610809326,0
0,8.54640529723838e-05,0
0,2.2351890947902575e-05,0
0,1.3881962246387047e-09,0
0,0.0002067225141217932,0
0,0.0003580216725822538,0
0,8.023681584745646e-05,0
0,3.021792167601234e-07,0
0,2.256784772448773e-30,0
0,5.417075499281054e-07,0
0,7.515158273463385e-09,0
0,1.410739287166507e-06,0
0,4.098620109971307e-08,0
0,1.933670644395022e-13,0
0,6.58097123960033e-05,0
0,0.3158438205718994,0
0,5.284289156828837e-16,0
0,0.5549054145812988,1
0,4.18642011936754e-05,0
0,0.015629367902874947,0
0,6.8693739194714e-06,0
0,0.41477710008621216,0
0,3.5647681215777993e-06,0
0,3.08506876068577e-33,0
0,6.647299244377791e-08,0
0,2.3754818555348337e-24,0
0,2.7839389460382336e-08,0
0,1.0014785225068157e-12,0
0,3.7660936413885793e-07,0
0,5.531954708463298e-16,0
0,7.079567876644433e-05,0
0,0.001395413768477738,0
0,0.0015511438250541687,0
0,0.0019542789086699486,0
0,3.701741079056896e-15,0
0,4.1017806324816775e-06,0
0,0.8098516464233398,1
0,3.9349481539829867e-07,0
0,1.0457254168643909e-29,0
0,2.6534547128975738e-14,0
0,0.0011686455691233277,0
0,0.9720686674118042,1
0,4.726637428120739e-07,0
0,1.0939594119463436e-07,0
0,4.427307492292875e-24,0
0,0.00023895339109003544,0
0,1.2666083459844657e-12,0
0,5.1977327530039474e-05,0
0,2.703473001020029e-07,0
0,1.1403663791043073e-07,0
0,0.9999850988388062,1
0,2.572511301202063e-11,0
0,1.7645247242514817e-12,0
0,0.0001572952460264787,0
0,0.9998829364776611,1
0,1.3069081407357519e-14,0
0,2.0821113811618193e-15,0
0,5.218523475277767e-30,0
0,1.6307271496008601e-24,0
0,4.766436489944681e-08,0
0,1.8417412184229412e-15,0
0,4.537459295932506e-24,0
0,2.0554649093895705e-09,0
0,7.233694456776227e-18,0
0,3.548258246155456e-05,0
0,0.999793291091919,1
0,3.683971096929417e-12,0
0,7.131138457516784e-10,0
0,0.027741868048906326,0
0,2.422586362627044e-07,0
0,0.009376058354973793,0
0,0.0004991349414922297,0
0,5.263283298778676e-13,0
0,4.464403900783509e-06,0
0,2.602905879116801e-23,0
0,0.451793909072876,0
